44.312000,0.698097
44.328000,0.695511
44.344000,0.695511
44.356000,0.695511
44.372000,0.689262
44.388000,0.689262
44.404000,0.689262
44.416000,0.680545
44.432000,0.680545
44.448000,0.680545
44.464000,0.677604
44.476000,0.677112
44.492000,0.675380
44.508000,0.669160
44.524000,0.669160
44.536000,0.669160
44.552000,0.669160
44.568000,0.663970
44.584000,0.663970
44.596000,0.663970
44.612000,0.658576
44.628000,0.656984
44.644000,0.656984
44.656000,0.655059
44.672000,0.648124
44.688000,0.646156
44.704000,0.646156
44.716000,0.646156
44.732000,0.638218
44.748000,0.638218
44.764000,0.638218
44.776000,0.633690
44.792000,0.636461
44.808000,0.638401
44.824000,0.632005
44.836000,0.632005
44.852000,0.624491
44.868000,0.624491
44.884000,0.624491
44.896000,0.616924
44.912000,0.616924
44.928000,0.616924
44.944000,0.614508
44.956000,0.614508
44.972000,0.609857
44.988000,0.607239
45.004000,0.606694
45.016000,0.606694
45.032000,0.606694
45.048000,0.599540
45.064000,0.599540
45.076000,0.599540
45.092000,0.598724
45.108000,0.599423
45.124000,0.599423
45.136000,0.593941
45.152000,0.592669
45.168000,0.592199
45.184000,0.592199
45.196000,0.592199
45.212000,0.586781
45.228000,0.586781
45.244000,0.586781
45.256000,0.588654
45.272000,0.588654
45.288000,0.581217
45.304000,0.583744
45.316000,0.583744
45.332000,0.583744
45.348000,0.583744
45.364000,0.589066
45.376000,0.577189
45.392000,0.577189
45.408000,0.582553
45.424000,0.582553
45.436000,0.582553
45.452000,0.574492
45.468000,0.575545
45.484000,0.575545
45.496000,0.575545
45.512000,0.584180
45.528000,0.570555
45.544000,0.579413
45.556000,0.571141
45.572000,0.571141
45.588000,0.571141
45.604000,0.589395
45.616000,0.573563
45.632000,0.573563
45.648000,0.573563
45.664000,0.580068
45.676000,0.585246
45.692000,0.567979
45.708000,0.567979
45.724000,0.575727
45.736000,0.575727
45.752000,0.575727
45.768000,0.569346
45.784000,0.571478
45.796000,0.571478
45.812000,0.578703
45.828000,0.581602
45.844000,0.581602
45.856000,0.562988
45.872000,0.573658
45.888000,0.576431
45.904000,0.576431
45.916000,0.585619
45.932000,0.564397
45.948000,0.564397
45.964000,0.571529
45.976000,0.577010
45.992000,0.577010
46.008000,0.557782
46.024000,0.565329
46.036000,0.565329
46.052000,0.565329
46.068000,0.575841
46.084000,0.581878
46.096000,0.557747
46.112000,0.566865
46.128000,0.564404
46.144000,0.564404
46.156000,0.564404
46.172000,0.555196
46.188000,0.555196
46.204000,0.555196
46.216000,0.564577
46.232000,0.564009
46.248000,0.542994
46.264000,0.542994
46.276000,0.556370
46.292000,0.559248
46.308000,0.559248
46.324000,0.568493
46.336000,0.542625
46.352000,0.542625
46.368000,0.555057
46.384000,0.558041
46.396000,0.558041
46.412000,0.533696
46.428000,0.541811
46.444000,0.541811
46.456000,0.541811
46.472000,0.554698
46.488000,0.527177
46.504000,0.527177
46.516000,0.527077
46.532000,0.527077
46.548000,0.527077
46.564000,0.543578
46.576000,0.516360
46.592000,0.516360
46.608000,0.516360
46.624000,0.531529
46.636000,0.531529
46.652000,0.504280
46.668000,0.516741
46.684000,0.516741
46.696000,0.516741
46.712000,0.528855
46.728000,0.499381
46.744000,0.499381
46.756000,0.503700
46.772000,0.508664
46.788000,0.508664
46.804000,0.521181
46.816000,0.495508
46.832000,0.495508
46.848000,0.495508
46.864000,0.500133
46.876000,0.500070
46.892000,0.471491
46.908000,0.482970
46.924000,0.474730
46.936000,0.474730
46.952000,0.474730
46.968000,0.462620
46.984000,0.464653
46.996000,0.464653
47.012000,0.464653
47.028000,0.471097
47.044000,0.471097
47.056000,0.440387
47.072000,0.452543
47.088000,0.452623
47.104000,0.452623
47.116000,0.452623
47.132000,0.437013
47.148000,0.437013
47.164000,0.437013
47.176000,0.448764
47.192000,0.438205
47.208000,0.410524
47.224000,0.421990
47.240000,0.426645
47.252000,0.426645
47.268000,0.426645
47.284000,0.437652
47.296000,0.401411
47.312000,0.401411
47.328000,0.409653
47.344000,0.409653
47.356000,0.409653
47.372000,0.388719
47.388000,0.388719
47.404000,0.384362
47.416000,0.384362
47.432000,0.393241
47.448000,0.361723
47.464000,0.361723
47.476000,0.361723
47.492000,0.362724
47.508000,0.362724
47.524000,0.362724
47.536000,0.348089
47.552000,0.348089
47.568000,0.348089
47.584000,0.360254
47.596000,0.360254
47.612000,0.323394
47.628000,0.331959
47.644000,0.334613
47.656000,0.334613
47.672000,0.334613
47.688000,0.306738
47.704000,0.306738
47.716000,0.314250
47.732000,0.311869
47.748000,0.311869
47.764000,0.324225
47.776000,0.286732
47.792000,0.286732
47.808000,0.286732
47.824000,0.298328
47.836000,0.302467
47.852000,0.260149
47.868000,0.260149
47.884000,0.279580
47.896000,0.279580
47.912000,0.279580
47.928000,0.251446
47.944000,0.251446
47.956000,0.251446
47.972000,0.274956
47.988000,0.274956
48.004000,0.274956
48.016000,0.239838
48.032000,0.240676
48.048000,0.240676
48.064000,0.254608
48.076000,0.259278
48.092000,0.209168
48.108000,0.212701
48.124000,0.230316
48.136000,0.230316
48.152000,0.230316
48.168000,0.203275
48.184000,0.203275
48.196000,0.203275
48.212000,0.229458
48.228000,0.229458
48.244000,0.229458
48.256000,0.177932
48.272000,0.204365
48.288000,0.204365
48.304000,0.231588
48.316000,0.238315
48.332000,0.181465
48.348000,0.213233
48.364000,0.201925
48.376000,0.201925
48.392000,0.201925
48.408000,0.191426
48.424000,0.191426
48.436000,0.191426
48.452000,0.213016
48.468000,0.214871
48.484000,0.214871
48.496000,0.157746
48.512000,0.197702
48.528000,0.197702
48.544000,0.197702
48.556000,0.197702
48.572000,0.174437
48.588000,0.174437
48.604000,0.210028
48.616000,0.210028
48.632000,0.210028
48.648000,0.153480
48.664000,0.180436
48.676000,0.180436
48.692000,0.180436
48.708000,0.228476
48.724000,0.228476
48.736000,0.168292
48.752000,0.193147
48.768000,0.200573
48.784000,0.200573
48.796000,0.200573
48.812000,0.184548
48.828000,0.184548
48.844000,0.184548
48.856000,0.179289
48.872000,0.217777
48.888000,0.217777
48.904000,0.187972
48.916000,0.195136
48.932000,0.195136
48.948000,0.195136
48.964000,0.220507
48.976000,0.160487
48.992000,0.160487
49.008000,0.196846
49.024000,0.196846
49.036000,0.196846
49.052000,0.145515
49.068000,0.175903
49.084000,0.175903
49.096000,0.175903
49.112000,0.220668
49.128000,0.220668
49.144000,0.161610
49.156000,0.178795
49.172000,0.192335
49.188000,0.192335
49.204000,0.221379
49.216000,0.169706
49.232000,0.169706
49.248000,0.169706
49.264000,0.197783
49.276000,0.197783
49.292000,0.141349
49.308000,0.172820
49.324000,0.178965
49.336000,0.178965
49.352000,0.199030
49.368000,0.146726
49.384000,0.146726
49.396000,0.146726
49.420000,0.182337
49.428000,0.182337
49.444000,0.182337
49.456000,0.158325
49.472000,0.158325
49.488000,0.158325
49.504000,0.186675
49.520000,0.186675
49.532000,0.138749
49.548000,0.154849
49.564000,0.160078
49.576000,0.160078
49.592000,0.160078
49.608000,0.189496
49.624000,0.142620
49.636000,0.142620
49.652000,0.170924
49.668000,0.170924
49.684000,0.170924
49.700000,0.144421
49.712000,0.144421
49.728000,0.144421
49.744000,0.166473
49.756000,0.166473
49.776000,0.131309
49.788000,0.141050
49.804000,0.144407
49.816000,0.144407
49.832000,0.144407
49.848000,0.136115
49.864000,0.136115
49.876000,0.136115
49.892000,0.145937
49.908000,0.146483
49.924000,0.146483
49.936000,0.128104
49.952000,0.138320
49.968000,0.138320
49.984000,0.138320
49.996000,0.147760
50.012000,0.130286
50.028000,0.130286
50.044000,0.139508
50.056000,0.139508
50.072000,0.139508
50.088000,0.131538
50.104000,0.131538
50.116000,0.131538
50.132000,0.132090
50.148000,0.133581
50.164000,0.133581
50.176000,0.131627
50.192000,0.129257
50.208000,0.126289
50.224000,0.126289
50.236000,0.126362
50.252000,0.124924
50.268000,0.124924
50.284000,0.124647
50.296000,0.125311
50.312000,0.125311
50.328000,0.134125
50.344000,0.124280
50.356000,0.123690
50.372000,0.123690
50.388000,0.123119
50.404000,0.124173
50.416000,0.127445
50.432000,0.127445
50.448000,0.119107
50.464000,0.119107
50.476000,0.119107
50.492000,0.120968
50.508000,0.116758
50.524000,0.116758
50.536000,0.116758
50.552000,0.112952
50.568000,0.124501
50.584000,0.124501
50.596000,0.110159
50.612000,0.107446
50.628000,0.107446
50.644000,0.107446
50.656000,0.114069
50.672000,0.111201
50.688000,0.111201
50.704000,0.105273
50.716000,0.105273
50.732000,0.115378
50.748000,0.115378
50.764000,0.102220
50.776000,0.102220
50.792000,0.102220
50.808000,0.105859
50.824000,0.103788
50.836000,0.103788
50.852000,0.097575
50.868000,0.097575
50.884000,0.097575
50.896000,0.118395
50.912000,0.118395
50.928000,0.118395
50.944000,0.096165
50.956000,0.096165
50.972000,0.098716
50.988000,0.091875
51.004000,0.092938
51.016000,0.092938
51.032000,0.092938
51.048000,0.094566
51.064000,0.094566
51.076000,0.094566
51.092000,0.087477
51.108000,0.087477
51.124000,0.087477
51.136000,0.088725
51.152000,0.088725
51.168000,0.088725
51.184000,0.088093
51.196000,0.087812
51.212000,0.097375
51.228000,0.085725
51.244000,0.085223
51.256000,0.085223
51.272000,0.085223
51.288000,0.086541
51.304000,0.086541
51.316000,0.086541
51.332000,0.084660
51.348000,0.090546
51.364000,0.090546
51.376000,0.088437
51.392000,0.082626
51.408000,0.082341
51.424000,0.082341
51.436000,0.093391
51.452000,0.082943
51.468000,0.082943
51.484000,0.082943
51.496000,0.086413
51.512000,0.086413
51.528000,0.096586
51.544000,0.086903
51.556000,0.086903
51.572000,0.086903
51.588000,0.093904
51.604000,0.097527
51.616000,0.090551
51.632000,0.090551
51.648000,0.096469
51.664000,0.096469
51.676000,0.096469
51.692000,0.090343
51.708000,0.090343
51.724000,0.090343
51.740000,0.099893
51.752000,0.099893
51.768000,0.094986
51.784000,0.092107
51.796000,0.091616
51.812000,0.091616
51.828000,0.091616
51.844000,0.114296
51.856000,0.093628
51.872000,0.093628
51.888000,0.098905
51.904000,0.099027
51.916000,0.099027
51.932000,0.105540
51.948000,0.099302
51.964000,0.099302
51.976000,0.103443
51.992000,0.098947
52.008000,0.118140
52.024000,0.102065
52.036000,0.103626
52.052000,0.103626
52.068000,0.103626
52.084000,0.115011
52.096000,0.106252
52.112000,0.106252
52.128000,0.105200
52.144000,0.108163
52.156000,0.108163
52.172000,0.113359
52.188000,0.106636
52.204000,0.106064
52.216000,0.106064
52.232000,0.111617
52.248000,0.109544
52.264000,0.109544
52.276000,0.109544
52.292000,0.110485
52.308000,0.110485
52.324000,0.119448
52.336000,0.114902
52.352000,0.114902
52.368000,0.114902
52.384000,0.114402
52.396000,0.114402
52.412000,0.128582
52.428000,0.116421
52.444000,0.116489
52.456000,0.116489
52.472000,0.116489
52.488000,0.120314
52.504000,0.117924
52.516000,0.117924
52.532000,0.117924
52.548000,0.116977
52.564000,0.116067
52.576000,0.131515
52.592000,0.131515
52.608000,0.115942
52.624000,0.115942
52.636000,0.115942
52.652000,0.125620
52.668000,0.121419
52.684000,0.121419
52.696000,0.121419
52.712000,0.118300
52.728000,0.132056
52.744000,0.120425
52.756000,0.123888
52.772000,0.123888
52.788000,0.123888
52.804000,0.117345
52.816000,0.134245
52.832000,0.134245
52.848000,0.118576
52.864000,0.118576
52.876000,0.118576
52.892000,0.131371
52.908000,0.133317
52.924000,0.133317
52.936000,0.133317
52.952000,0.121847
52.968000,0.157131
52.984000,0.157131
52.996000,0.119573
53.012000,0.116622
53.028000,0.116622
53.044000,0.107581
53.056000,0.125006
53.072000,0.125006
53.088000,0.125006
53.104000,0.110258
53.116000,0.109139
53.132000,0.133491
53.148000,0.119437
53.164000,0.118190
53.176000,0.118190
53.192000,0.118190
53.208000,0.124536
53.224000,0.124536
53.236000,0.124536
53.252000,0.108311
53.268000,0.108311
53.284000,0.108311
53.296000,0.119192
53.312000,0.110847
53.328000,0.110847
53.344000,0.110847
53.356000,0.101212
53.372000,0.134999
53.388000,0.134999
53.404000,0.098055
53.416000,0.094787
53.432000,0.094787
53.448000,0.090285
53.464000,0.112942
53.476000,0.112942
53.492000,0.112942
53.508000,0.089869
53.524000,0.089869
53.536000,0.122691
53.552000,0.096767
53.568000,0.103490
53.584000,0.103490
53.596000,0.103490
53.612000,0.105102
53.628000,0.105102
53.644000,0.105102
53.656000,0.091666
53.672000,0.087644
53.688000,0.129565
53.704000,0.097585
53.716000,0.092580
53.732000,0.092580
53.748000,0.092580
53.764000,0.075190
53.776000,0.111350
53.792000,0.111350
53.808000,0.077748
53.824000,0.077748
53.836000,0.077748
53.852000,0.101153
53.868000,0.100116
53.884000,0.100116
53.896000,0.100116
53.912000,0.074549
53.928000,0.112418
53.944000,0.112418
53.956000,0.092284
53.972000,0.092284
53.988000,0.092284
54.004000,0.072925
54.016000,0.100529
54.032000,0.100529
54.048000,0.084523
54.064000,0.086872
54.076000,0.086872
54.092000,0.133836
54.108000,0.090986
54.124000,0.090986
54.136000,0.090986
54.152000,0.075329
54.168000,0.077717
54.184000,0.115415
54.196000,0.091641
54.212000,0.083540
54.228000,0.083540
54.244000,0.083540
54.256000,0.101072
54.272000,0.100776
54.288000,0.100776
54.304000,0.084211
54.316000,0.084211
54.332000,0.112947
54.348000,0.112947
54.364000,0.097186
54.376000,0.094012
54.392000,0.094012
54.408000,0.105169
54.424000,0.105169
54.436000,0.105169
54.452000,0.105169
54.468000,0.092831
54.484000,0.092831
54.496000,0.122768
54.512000,0.101930
54.528000,0.100962
54.544000,0.100962
54.556000,0.100962
54.572000,0.114043
54.588000,0.110430
54.604000,0.110430
54.616000,0.110430
54.632000,0.098629
54.648000,0.098629
54.664000,0.123316
54.676000,0.107816
54.692000,0.107816
54.708000,0.107816
54.724000,0.107816
54.736000,0.116883
54.752000,0.116883
54.768000,0.116883
54.784000,0.110702
54.796000,0.110251
54.812000,0.135929
54.828000,0.117932
54.844000,0.114846
54.856000,0.114846
54.872000,0.114846
54.888000,0.128452
54.904000,0.125367
54.916000,0.125367
54.932000,0.125367
54.948000,0.116890
54.964000,0.116890
54.976000,0.133908
54.992000,0.120791
55.008000,0.119520
55.024000,0.119520
55.036000,0.119520
55.052000,0.124812
55.068000,0.124812
55.088000,0.124432
55.096000,0.124472
55.112000,0.124472
55.128000,0.146442
55.144000,0.132427
55.156000,0.132427
55.172000,0.132427
55.188000,0.128637
55.204000,0.128764
55.216000,0.143772
55.232000,0.143772
55.248000,0.131659
55.264000,0.131659
55.276000,0.131659
55.292000,0.142322
55.308000,0.139647
55.324000,0.139647
55.336000,0.131856
55.352000,0.131856
55.368000,0.156100
55.384000,0.142008
55.396000,0.139070
55.412000,0.139070
55.428000,0.139070
55.444000,0.129424
55.456000,0.139009
55.472000,0.139009
55.488000,0.144447
55.504000,0.144447
55.516000,0.144447
55.532000,0.147307
55.548000,0.140590
55.564000,0.140590
55.576000,0.140590
55.592000,0.130573
55.608000,0.157810
55.624000,0.140121
55.636000,0.129369
55.652000,0.129369
55.668000,0.129369
55.684000,0.123407
55.696000,0.141061
55.712000,0.141061
55.728000,0.130143
55.744000,0.141061
55.756000,0.141061
55.772000,0.183500
55.788000,0.132615
55.804000,0.132615
55.816000,0.132615
55.832000,0.111508
55.848000,0.132785
55.864000,0.132785
55.876000,0.121713
55.892000,0.121713
55.908000,0.121713
55.924000,0.113464
55.936000,0.139617
55.952000,0.139617
55.968000,0.118433
55.984000,0.115916
55.996000,0.115916
56.012000,0.147324
56.028000,0.130418
56.044000,0.130418
56.056000,0.130418
56.072000,0.110482
56.088000,0.110482
56.104000,0.140130
56.116000,0.115390
56.132000,0.117448
56.148000,0.117448
56.164000,0.117448
56.176000,0.121927
56.192000,0.120019
56.208000,0.120019
56.224000,0.120019
56.236000,0.098382
56.252000,0.123854
56.268000,0.123854
56.284000,0.105257
56.296000,0.105257
56.312000,0.105257
56.328000,0.122868
56.344000,0.122868
56.356000,0.122868
56.372000,0.101104
56.388000,0.101104
56.404000,0.101104
56.416000,0.113307
56.432000,0.106651
56.448000,0.106651
56.464000,0.098853
56.476000,0.096027
56.492000,0.132233
56.508000,0.132233
56.524000,0.102793
56.536000,0.102793
56.552000,0.102793
56.568000,0.088228
56.584000,0.108650
56.596000,0.108650
56.612000,0.108650
56.628000,0.087070
56.644000,0.087070
56.656000,0.118807
56.672000,0.096754
56.688000,0.093985
56.704000,0.093985
56.716000,0.093985
56.732000,0.113166
56.748000,0.111121
56.764000,0.111121
56.776000,0.092346
56.792000,0.090818
56.808000,0.120503
56.824000,0.120503
56.836000,0.095192
56.852000,0.092520
56.868000,0.092520
56.884000,0.089228
56.896000,0.109964
56.912000,0.109964
56.928000,0.092090
56.944000,0.090035
56.956000,0.090035
56.972000,0.114412
56.988000,0.098548
57.004000,0.098548
57.016000,0.098548
57.032000,0.089400
57.048000,0.104069
57.064000,0.104069
57.076000,0.104069
57.092000,0.096178
57.108000,0.096178
57.124000,0.096178
57.136000,0.103500
57.152000,0.100764
57.168000,0.100764
57.184000,0.095109
57.196000,0.095101
57.212000,0.123624
57.228000,0.123624
57.244000,0.097318
57.256000,0.097318
57.272000,0.097318
57.288000,0.113008
57.304000,0.109148
57.316000,0.109148
57.332000,0.109148
57.348000,0.096465
57.364000,0.096465
57.376000,0.120243
57.392000,0.105330
57.408000,0.105330
57.424000,0.105330
57.436000,0.097022
57.452000,0.107113
57.468000,0.107113
57.484000,0.107007
57.496000,0.107007
57.512000,0.107007
57.528000,0.140963
57.544000,0.115341
57.556000,0.115341
57.572000,0.115341
57.588000,0.110929
57.604000,0.110629
57.616000,0.133301
57.632000,0.133301
57.648000,0.115906
57.664000,0.115906
57.676000,0.115906
57.692000,0.131297
57.708000,0.128162
57.724000,0.128162
57.736000,0.128162
57.752000,0.118220
57.768000,0.139298
57.784000,0.139298
57.796000,0.128198
57.812000,0.126746
57.828000,0.126746
57.844000,0.121403
57.856000,0.129381
57.872000,0.134906
57.888000,0.134906
57.904000,0.134906
57.916000,0.126325
57.932000,0.158090
57.948000,0.158090
57.964000,0.131152
57.976000,0.129692
57.992000,0.129692
58.008000,0.151930
58.024000,0.139419
58.036000,0.136422
58.052000,0.136422
58.068000,0.131839
58.084000,0.131275
58.096000,0.155620
58.112000,0.135782
58.128000,0.136529
58.144000,0.136529
58.156000,0.136529
58.172000,0.144062
58.188000,0.144062
58.208000,0.144062
58.216000,0.132629
58.232000,0.131603
58.248000,0.158225
58.264000,0.142273
58.276000,0.137279
58.292000,0.137279
58.308000,0.137279
58.324000,0.130214
58.336000,0.148868
58.352000,0.148868
58.368000,0.133436
58.384000,0.131912
58.396000,0.131912
58.412000,0.144571
58.428000,0.138965
58.444000,0.138965
58.456000,0.138965
58.472000,0.126100
58.488000,0.146691
58.504000,0.146691
58.516000,0.133686
58.532000,0.135325
58.548000,0.135325
58.564000,0.121733
58.576000,0.135605
58.592000,0.135605
58.608000,0.135605
58.624000,0.119847
58.636000,0.119847
58.652000,0.148581
58.668000,0.131056
58.684000,0.125407
58.696000,0.125407
58.712000,0.125407
58.728000,0.135873
58.744000,0.135873
58.756000,0.135873
58.772000,0.119572
58.788000,0.119572
58.804000,0.119572
58.816000,0.135625
58.832000,0.135625
58.848000,0.135625
58.864000,0.118751
58.876000,0.116415
58.892000,0.146871
58.908000,0.146871
58.924000,0.120785
58.936000,0.120785
58.952000,0.120785
58.968000,0.128728
58.984000,0.124331
58.996000,0.124331
59.012000,0.111755
59.028000,0.111755
59.044000,0.111755
59.056000,0.145342
59.072000,0.118744
59.088000,0.115374
59.104000,0.115374
59.116000,0.115374
59.132000,0.145233
59.148000,0.145233
59.164000,0.145233
59.176000,0.106393
59.192000,0.106393
59.208000,0.135300
59.224000,0.117823
59.236000,0.117823
59.252000,0.117823
59.268000,0.102382
59.284000,0.101138
59.296000,0.119657
59.312000,0.119657
59.328000,0.108202
59.344000,0.108202
59.356000,0.108202
59.372000,0.114006
59.388000,0.114006
59.404000,0.114006
59.416000,0.098950
59.432000,0.098950
59.448000,0.131087
59.464000,0.107917
59.476000,0.105420
59.492000,0.105420
59.508000,0.105420
59.524000,0.104146
59.536000,0.140181
59.552000,0.140181
59.568000,0.105717
59.584000,0.104149
59.596000,0.104149
59.612000,0.114954
59.628000,0.114954
59.644000,0.114954
59.656000,0.114954
59.672000,0.103246
59.688000,0.103246
59.704000,0.121524
59.716000,0.107726
59.732000,0.107726
59.748000,0.107726
59.764000,0.103400
59.776000,0.114396
59.792000,0.114396
59.808000,0.114396
59.824000,0.102653
59.836000,0.102653
59.852000,0.123477
59.868000,0.109549
59.884000,0.106032
59.896000,0.106032
59.912000,0.106032
59.928000,0.119037
59.948000,0.119037
59.956000,0.119037
59.972000,0.105935
59.988000,0.105935
60.004000,0.105935
60.016000,0.113680
60.032000,0.129542
60.048000,0.129542
60.064000,0.102960
60.076000,0.103872
60.092000,0.115249
60.108000,0.115249
60.124000,0.104350
60.136000,0.104350
60.152000,0.104350
60.168000,0.110989
60.184000,0.107911
60.196000,0.107911
60.212000,0.107911
60.232000,0.099170
60.244000,0.099170
60.256000,0.119350
60.272000,0.103379
60.288000,0.103379
60.304000,0.103379
60.316000,0.101568
60.332000,0.116412
60.348000,0.116412
60.364000,0.116412
60.376000,0.101761
60.392000,0.101761
60.408000,0.101761
60.424000,0.113691
60.436000,0.112524
60.452000,0.112524
60.468000,0.112524
60.484000,0.099798
60.496000,0.119595
60.512000,0.119595
60.528000,0.108578
60.544000,0.102829
60.556000,0.102829
60.572000,0.136469
60.588000,0.129173
60.604000,0.129173
60.616000,0.129173
60.632000,0.095143
60.648000,0.121533
60.664000,0.121533
60.676000,0.104150
60.692000,0.118163
60.708000,0.118163
60.724000,0.098052
60.736000,0.118223
60.752000,0.118223
60.768000,0.118223
60.784000,0.100619
60.796000,0.100619
60.812000,0.131975
60.828000,0.105190
60.844000,0.101806
60.856000,0.101806
60.872000,0.101806
60.888000,0.138553
60.904000,0.138553
60.916000,0.138553
60.932000,0.102863
60.948000,0.100091
60.964000,0.100091
60.976000,0.108391
60.992000,0.127153
61.008000,0.127153
61.024000,0.097497
61.036000,0.094343
61.052000,0.123262
61.068000,0.123262
61.084000,0.104198
61.096000,0.104198
61.112000,0.104198
61.128000,0.128421
61.144000,0.124059
61.156000,0.124059
61.172000,0.124059
61.188000,0.105955
61.204000,0.105955
61.216000,0.136414
61.232000,0.116262
61.248000,0.112784
61.264000,0.112784
61.276000,0.112784
61.292000,0.128952
61.308000,0.128952
61.324000,0.128952
61.336000,0.111234
61.352000,0.111234
61.368000,0.144391
61.384000,0.120747
61.396000,0.120747
61.412000,0.120747
61.432000,0.107457
61.444000,0.107457
61.456000,0.129788
61.472000,0.129788
61.488000,0.116804
61.504000,0.116804
61.516000,0.116804
61.532000,0.125638
61.548000,0.125638
61.564000,0.125638
61.576000,0.115721
61.592000,0.115721
61.608000,0.144007
61.624000,0.129950
61.636000,0.124535
61.652000,0.124535
61.668000,0.124535
61.684000,0.114056
61.696000,0.132712
61.712000,0.132712
61.728000,0.114874
61.744000,0.114874
61.756000,0.114874
61.772000,0.128593
61.788000,0.121696
61.804000,0.121696
61.816000,0.116978
61.832000,0.111811
61.848000,0.111811
61.864000,0.139789
61.876000,0.120902
61.892000,0.120902
61.908000,0.120902
61.924000,0.115437
61.936000,0.136651
61.952000,0.136651
61.968000,0.136651
61.984000,0.118151
61.996000,0.118151
62.012000,0.148796
62.028000,0.132461
62.044000,0.132461
62.056000,0.132461
62.072000,0.115075
62.088000,0.114131
62.104000,0.135929
62.116000,0.122774
62.136000,0.117905
62.148000,0.117905
62.164000,0.117905
62.176000,0.151944
62.192000,0.130680
62.208000,0.130680
62.224000,0.110635
62.236000,0.111123
62.252000,0.141182
62.268000,0.141182
62.284000,0.117420
62.296000,0.118596
62.312000,0.118596
62.328000,0.157729
62.344000,0.126624
62.356000,0.126624
62.372000,0.126624
62.388000,0.110897
62.404000,0.110897
62.416000,0.144434
62.432000,0.117913
62.448000,0.113772
62.464000,0.113772
62.476000,0.105129
62.492000,0.130595
62.508000,0.130595
62.524000,0.130595
62.536000,0.108044
62.552000,0.105335
62.568000,0.139689
62.584000,0.139689
62.596000,0.119278
62.612000,0.119278
62.628000,0.119278
62.644000,0.096503
62.656000,0.116827
62.672000,0.116827
62.688000,0.116827
62.704000,0.103851
62.716000,0.102090
62.732000,0.132276
62.748000,0.132276
62.764000,0.110639
62.776000,0.110639
62.792000,0.110639
62.808000,0.122279
62.824000,0.122279
62.836000,0.122279
62.852000,0.122279
62.868000,0.103858
62.884000,0.103858
62.896000,0.138838
62.912000,0.107765
62.928000,0.107765
62.944000,0.107765
62.956000,0.098292
62.972000,0.126501
62.988000,0.126501
63.004000,0.126501
63.016000,0.099468
63.032000,0.099468
63.048000,0.134917
63.064000,0.113919
63.076000,0.113919
63.092000,0.113919
63.108000,0.102627
63.124000,0.106631
63.136000,0.144082
63.152000,0.144082
63.168000,0.109360
63.184000,0.107841
63.196000,0.107841
63.212000,0.137245
63.228000,0.118018
63.244000,0.118018
63.256000,0.118018
63.272000,0.108933
63.288000,0.122226
63.304000,0.122226
63.316000,0.113517
63.332000,0.114120
63.348000,0.141674
63.364000,0.123051
63.376000,0.119946
63.392000,0.119946
63.408000,0.119946
63.424000,0.111930
63.436000,0.124225
63.452000,0.124225
63.468000,0.117726
63.484000,0.117545
63.496000,0.117545
63.512000,0.136529
63.528000,0.125672
63.544000,0.124701
63.556000,0.124701
63.572000,0.124701
63.588000,0.132773
63.608000,0.132773
63.616000,0.132773
63.632000,0.127409
63.648000,0.127409
63.664000,0.128568
63.676000,0.137623
63.692000,0.137623
63.708000,0.137623
63.724000,0.129592
63.736000,0.129592
63.752000,0.150244
63.768000,0.150244
63.784000,0.134565
63.796000,0.134565
63.812000,0.134565
63.828000,0.144538
63.844000,0.137080
63.856000,0.137080
63.872000,0.137080
63.888000,0.133324
63.904000,0.133324
63.916000,0.152642
63.932000,0.152642
63.948000,0.136085
63.964000,0.136085
63.976000,0.136085
63.992000,0.146118
64.008000,0.143244
64.024000,0.143244
64.036000,0.143244
64.052000,0.132822
64.068000,0.146994
64.084000,0.139057
64.096000,0.137435
64.112000,0.137435
64.128000,0.137435
64.144000,0.128764
64.156000,0.142155
64.172000,0.142155
64.188000,0.131486
64.204000,0.130037
64.216000,0.130037
64.232000,0.158951
64.248000,0.126303
64.264000,0.126303
64.276000,0.126303
64.292000,0.126303
64.308000,0.142276
64.324000,0.142276
64.336000,0.142276
64.352000,0.140574
64.368000,0.130197
64.384000,0.130197
64.396000,0.156936
64.412000,0.134377
64.428000,0.134377
64.444000,0.134377
64.456000,0.126688
64.472000,0.145058
64.488000,0.145058
64.504000,0.130106
64.516000,0.126000
64.532000,0.126000
64.548000,0.152226
64.564000,0.131637
64.576000,0.131637
64.592000,0.131637
64.608000,0.118928
64.624000,0.118928
64.636000,0.139910
64.652000,0.120222
64.668000,0.124109
64.684000,0.124109
64.696000,0.124109
64.712000,0.129957
64.728000,0.129957
64.744000,0.129957
64.756000,0.117963
64.772000,0.115994
64.788000,0.143760
64.804000,0.120986
64.816000,0.120986
64.832000,0.120986
64.848000,0.120986
64.864000,0.108074
64.876000,0.128207
64.892000,0.128207
64.908000,0.111102
64.924000,0.108449
64.940000,0.108449
64.952000,0.140398
64.968000,0.138043
64.984000,0.138043
64.996000,0.138043
65.012000,0.098898
65.028000,0.125793
65.044000,0.125793
65.056000,0.101598
65.072000,0.105878
65.088000,0.105878
65.104000,0.096070
65.116000,0.113325
65.132000,0.113325
65.148000,0.113325
65.164000,0.099453
65.176000,0.097136
65.192000,0.129401
65.208000,0.107733
65.224000,0.103852
65.236000,0.103852
65.252000,0.103852
65.268000,0.090237
65.284000,0.109645
65.296000,0.109645
65.312000,0.092583
65.328000,0.094028
65.344000,0.094028
65.356000,0.133576
65.372000,0.094664
65.388000,0.094664
65.404000,0.094664
65.416000,0.084930
65.432000,0.115420
65.448000,0.115420
65.464000,0.091616
65.476000,0.091616
65.492000,0.091616
65.508000,0.104629
65.524000,0.104629
65.536000,0.104629
65.552000,0.104629
65.568000,0.089456
65.584000,0.089456
65.596000,0.123100
65.612000,0.098595
65.628000,0.098595
65.644000,0.098595
65.656000,0.087487
65.672000,0.108840
65.688000,0.108840
65.704000,0.092653
65.716000,0.090565
65.736000,0.090565
65.748000,0.124486
65.764000,0.105020
65.776000,0.105020
65.792000,0.105020
65.808000,0.092608
65.824000,0.092608
65.836000,0.129914
65.852000,0.100291
65.868000,0.100291
65.884000,0.100291
65.896000,0.093541
65.912000,0.114058
65.928000,0.114058
65.944000,0.101793
65.956000,0.102314
65.972000,0.102314
65.988000,0.102314
66.004000,0.109395
66.016000,0.109395
66.032000,0.109395
66.048000,0.102189
66.064000,0.101860
66.076000,0.129934
66.092000,0.109851
66.108000,0.107594
66.124000,0.107594
66.136000,0.107594
66.152000,0.124853
66.168000,0.124853
66.184000,0.112547
66.196000,0.113966
66.216000,0.113966
66.228000,0.153552
66.244000,0.112075
66.256000,0.112075
66.272000,0.112075
66.288000,0.111636
66.304000,0.111278
66.316000,0.134788
66.332000,0.134788
66.348000,0.117223
66.364000,0.117223
66.376000,0.117223
66.392000,0.135262
66.408000,0.128617
66.424000,0.128617
66.436000,0.128617
66.452000,0.118147
66.468000,0.138499
66.484000,0.138499
66.496000,0.125042
66.512000,0.122791
66.528000,0.122791
66.544000,0.117816
66.556000,0.134795
66.572000,0.134795
66.588000,0.134795
66.604000,0.120295
66.616000,0.119023
66.632000,0.145625
66.648000,0.122064
66.664000,0.129358
66.676000,0.129358
66.692000,0.129358
66.708000,0.121717
66.724000,0.145417
66.736000,0.145417
66.752000,0.129374
66.768000,0.129374
66.784000,0.129374
66.796000,0.136373
66.812000,0.132873
66.828000,0.132873
66.844000,0.125055
66.856000,0.125055
66.872000,0.150249
66.888000,0.134546
66.904000,0.128639
66.916000,0.128639
66.932000,0.128639
66.948000,0.133423
66.964000,0.133423
66.976000,0.133423
66.992000,0.123704
67.008000,0.119605
67.024000,0.119605
67.036000,0.148083
67.052000,0.128305
67.068000,0.128305
67.084000,0.128305
67.096000,0.121571
67.112000,0.143433
67.128000,0.143433
67.144000,0.129437
67.156000,0.129437
67.172000,0.129437
67.188000,0.146246
67.204000,0.142094
67.216000,0.142094
67.232000,0.142094
67.248000,0.123210
67.264000,0.123210
67.276000,0.150327
67.292000,0.133524
67.308000,0.129995
67.324000,0.129995
67.336000,0.116758
67.352000,0.133157
67.368000,0.133157
67.384000,0.133157
67.396000,0.119127
67.412000,0.116744
67.428000,0.116744
67.444000,0.124543
67.456000,0.124543
67.472000,0.124543
67.488000,0.124543
67.504000,0.115183
67.516000,0.135174
67.532000,0.135174
67.548000,0.135174
67.564000,0.118834
67.576000,0.118834
67.592000,0.152130
67.608000,0.123477
67.624000,0.123477
67.636000,0.123477
67.652000,0.113846
67.668000,0.147073
67.684000,0.147073
67.696000,0.147073
67.712000,0.114778
67.728000,0.114778
67.744000,0.114778
67.756000,0.133853
67.772000,0.124005
67.788000,0.124005
67.804000,0.124005
67.816000,0.102669
67.832000,0.129232
67.848000,0.129232
67.864000,0.115765
67.876000,0.115765
67.892000,0.115765
67.908000,0.127274
67.924000,0.127274
67.936000,0.127274
67.952000,0.115814
67.968000,0.112720
67.984000,0.112720
67.996000,0.148832
68.012000,0.118258
68.028000,0.118258
68.044000,0.118258
68.056000,0.106939
68.072000,0.126614
68.088000,0.126614
68.104000,0.126614
68.116000,0.106989
68.132000,0.108055
68.148000,0.142067
68.164000,0.123833
68.176000,0.119154
68.192000,0.119154
68.208000,0.119154
68.224000,0.100202
68.236000,0.123774
68.252000,0.123774
68.268000,0.107314
68.284000,0.105250
68.296000,0.105250
68.312000,0.131028
68.328000,0.115798
68.344000,0.115798
68.356000,0.115798
68.372000,0.106901
68.388000,0.124145
68.404000,0.124145
68.416000,0.113208
68.432000,0.112061
68.448000,0.112061
68.464000,0.112061
68.476000,0.117733
68.492000,0.117733
68.508000,0.117733
68.524000,0.107993
68.536000,0.107993
68.552000,0.132470
68.568000,0.112821
68.584000,0.112821
68.596000,0.112821
68.612000,0.107895
68.628000,0.123176
68.644000,0.123176
68.656000,0.123176
68.672000,0.112833
68.688000,0.112833
68.704000,0.112833
68.716000,0.121759
68.732000,0.121759
68.748000,0.121759
68.764000,0.121759
68.776000,0.118122
68.792000,0.128874
68.808000,0.128874
68.824000,0.120151
68.836000,0.120151
68.852000,0.120151
68.868000,0.125347
68.884000,0.123466
68.896000,0.123466
68.912000,0.123466
68.928000,0.119648
68.944000,0.119648
68.956000,0.132520
68.976000,0.121609
68.988000,0.127943
69.004000,0.127943
69.016000,0.127943
69.032000,0.122869
69.048000,0.122869
69.064000,0.122869
69.076000,0.124488
69.092000,0.124488
69.108000,0.137790
69.124000,0.128807
69.136000,0.127747
69.152000,0.127747
69.168000,0.127747
69.184000,0.129298
69.196000,0.136054
69.212000,0.136054
69.228000,0.128305
69.244000,0.129185
69.256000,0.129185
69.272000,0.140028
69.288000,0.130356
69.304000,0.130356
69.316000,0.130356
69.332000,0.128397
69.348000,0.136560
69.364000,0.136560
69.376000,0.136560
69.392000,0.127354
69.408000,0.127354
69.424000,0.126975
69.436000,0.134036
69.452000,0.134036
69.468000,0.134036
69.484000,0.129218
69.496000,0.129218
69.512000,0.145314
69.528000,0.132918
69.544000,0.132918
69.556000,0.132918
69.572000,0.129461
69.588000,0.129994
69.604000,0.141903
69.616000,0.141903
69.632000,0.130163
69.648000,0.130163
69.664000,0.130163
69.676000,0.133535
69.692000,0.133535
69.708000,0.133535
69.724000,0.126097
69.736000,0.125404
69.752000,0.140614
69.768000,0.140614
69.784000,0.140614
69.796000,0.125786
69.812000,0.125786
69.828000,0.154225
69.844000,0.122767
69.856000,0.122767
69.872000,0.122767
69.888000,0.122271
69.904000,0.121412
69.916000,0.144065
69.932000,0.144065
69.948000,0.124555
69.964000,0.124555
69.976000,0.124555
69.992000,0.137346
70.008000,0.137346
70.024000,0.137346
70.036000,0.117309
70.052000,0.117309
70.068000,0.138105
70.084000,0.129963
70.096000,0.126255
70.112000,0.126255
70.128000,0.126255
70.144000,0.112425
70.156000,0.131993
70.172000,0.131993
70.188000,0.118557
70.204000,0.116936
70.216000,0.116936
70.232000,0.153171
70.248000,0.113764
70.264000,0.117265
70.276000,0.117265
70.292000,0.117265
70.308000,0.123782
70.324000,0.123782
70.336000,0.123782
70.352000,0.125961
70.368000,0.110038
70.384000,0.110038
70.396000,0.145324
70.412000,0.114671
70.428000,0.113374
70.444000,0.113374
70.456000,0.113374
70.472000,0.118149
70.488000,0.113839
70.504000,0.113839
70.516000,0.113839
70.532000,0.098495
70.548000,0.126989
70.564000,0.126989
70.576000,0.102336
70.592000,0.102336
70.608000,0.102336
70.624000,0.092210
70.636000,0.101135
70.652000,0.101135
70.668000,0.101135
70.684000,0.093233
70.696000,0.093233
70.712000,0.121760
70.728000,0.103523
70.744000,0.096627
70.756000,0.096627
70.772000,0.096627
70.788000,0.089551
70.804000,0.113371
70.816000,0.113371
70.832000,0.089575
70.848000,0.088563
70.864000,0.088563
70.876000,0.105991
70.892000,0.094338
70.908000,0.091389
70.924000,0.091389
70.936000,0.086489
70.952000,0.099544
70.968000,0.099544
70.984000,0.099544
70.996000,0.087483
71.012000,0.087483
71.028000,0.097803
71.044000,0.089325
71.056000,0.089325
71.072000,0.089325
71.088000,0.086617
71.104000,0.086617
71.116000,0.109171
71.132000,0.093261
71.148000,0.093261
71.164000,0.093261
71.176000,0.088271
71.192000,0.104056
71.208000,0.104056
71.224000,0.090417
71.236000,0.089450
71.252000,0.089450
71.268000,0.089450
71.284000,0.098330
71.296000,0.098330
71.312000,0.090581
71.328000,0.090504
71.344000,0.090504
71.356000,0.119030
71.372000,0.094972
71.388000,0.094972
71.404000,0.094972
71.416000,0.091933
71.432000,0.126911
71.448000,0.126911
71.464000,0.095712
71.476000,0.095712
71.492000,0.095712
71.508000,0.103289
71.524000,0.103289
71.536000,0.103289
71.552000,0.103289
71.568000,0.097176
71.584000,0.097176
71.596000,0.122229
71.612000,0.102213
71.628000,0.102213
71.644000,0.102213
71.656000,0.100111
71.672000,0.110407
71.688000,0.110407
71.704000,0.110407
71.716000,0.101547
71.732000,0.101547
71.748000,0.123660
71.764000,0.107381
71.776000,0.107381
71.792000,0.107381
71.808000,0.103255
71.824000,0.103255
71.836000,0.117772
71.852000,0.117772
71.868000,0.106599
71.884000,0.106599
71.896000,0.106599
71.912000,0.113930
71.928000,0.113930
71.944000,0.113930
71.956000,0.113930
71.972000,0.106241
71.988000,0.129009
72.004000,0.110050
72.016000,0.110050
72.032000,0.110050
72.048000,0.110050
72.064000,0.106993
72.076000,0.120455
72.092000,0.120455
72.108000,0.109069
72.124000,0.107854
72.136000,0.107854
72.152000,0.133903
72.168000,0.112406
72.184000,0.112406
72.196000,0.112406
72.212000,0.105763
72.228000,0.126592
72.244000,0.126592
72.256000,0.112811
72.272000,0.109832
72.288000,0.109832
72.304000,0.109832
72.316000,0.122130
72.332000,0.120406
72.352000,0.120406
72.364000,0.112057
72.376000,0.109744
72.392000,0.136095
72.408000,0.119637
72.424000,0.119637
72.436000,0.119637
72.452000,0.119637
72.468000,0.129993
72.484000,0.126020
72.496000,0.126020
72.512000,0.126020
72.528000,0.112452
72.544000,0.112452
72.556000,0.144451
72.572000,0.118646
72.588000,0.115485
72.604000,0.115485
72.616000,0.107555
72.632000,0.133073
72.648000,0.133073
72.664000,0.133073
72.676000,0.110199
72.692000,0.110199
72.708000,0.110199
72.724000,0.126004
72.736000,0.127999
72.752000,0.127999
72.768000,0.127999
72.784000,0.110281
72.796000,0.143263
72.812000,0.143263
72.828000,0.117630
72.844000,0.117630
72.856000,0.117630
72.872000,0.124881
72.888000,0.124881
72.904000,0.124881
72.916000,0.108373
72.932000,0.108373
72.948000,0.108373
72.964000,0.118480
72.976000,0.110526
72.992000,0.110526
73.008000,0.110526
73.024000,0.100045
73.036000,0.128745
73.052000,0.128745
73.068000,0.105222
73.084000,0.105222
73.096000,0.105222
73.112000,0.119341
73.128000,0.119341
73.144000,0.119341
73.156000,0.105407
73.172000,0.101240
73.188000,0.131096
73.204000,0.131096
73.216000,0.111280
73.232000,0.111280
73.248000,0.111280
73.264000,0.097949
73.276000,0.117707
73.292000,0.117707
73.308000,0.101722
73.324000,0.101722
73.336000,0.101722
73.352000,0.116042
73.368000,0.111536
73.384000,0.111536
73.396000,0.111536
73.412000,0.095817
73.428000,0.122914
73.444000,0.122914
73.456000,0.115099
73.472000,0.099188
73.488000,0.099188
73.504000,0.099188
73.516000,0.111755
73.532000,0.109837
73.548000,0.109837
73.564000,0.109837
73.576000,0.096083
73.592000,0.117897
73.608000,0.117897
73.624000,0.103256
73.636000,0.099850
73.652000,0.099850
73.668000,0.134842
73.684000,0.123204
73.696000,0.123204
73.712000,0.123204
73.728000,0.123204
73.744000,0.095286
73.756000,0.110180
73.772000,0.110180
73.788000,0.098005
73.804000,0.096417
73.816000,0.096417
73.832000,0.127947
73.848000,0.096609
73.864000,0.096609
73.876000,0.096609
73.892000,0.099056
73.908000,0.113385
73.924000,0.113385
73.936000,0.113385
73.952000,0.103726
73.968000,0.103726
73.984000,0.103726
73.996000,0.110988
74.012000,0.108909
74.028000,0.108909
74.044000,0.105160
74.056000,0.106238
74.072000,0.120578
74.088000,0.120578
74.104000,0.108039
74.116000,0.108039
74.132000,0.108039
74.148000,0.107979
74.164000,0.118424
74.176000,0.118424
74.192000,0.107827
74.208000,0.107381
74.224000,0.107381
74.236000,0.115342
74.252000,0.110204
74.268000,0.110204
74.284000,0.113744
74.296000,0.114075
74.312000,0.135400
74.328000,0.125839
74.344000,0.122530
74.356000,0.122530
74.372000,0.122530
74.388000,0.137484
74.404000,0.137484
74.416000,0.137484
74.432000,0.124736
74.448000,0.123963
74.464000,0.123963
74.476000,0.147340
74.492000,0.136094
74.508000,0.136094
74.524000,0.136094
74.536000,0.124419
74.552000,0.140567
74.568000,0.140567
74.584000,0.142281
74.596000,0.126995
74.612000,0.126995
74.628000,0.157320
74.644000,0.129986
74.656000,0.129986
74.672000,0.129986
74.688000,0.130413
74.704000,0.130278
74.716000,0.162120
74.732000,0.162120
74.748000,0.137277
74.764000,0.137277
74.776000,0.137277
74.792000,0.149342
74.808000,0.142465
74.824000,0.142465
74.836000,0.142465
74.852000,0.129298
74.868000,0.155136
74.884000,0.155136
74.896000,0.135177
74.912000,0.132213
74.928000,0.132213
74.944000,0.132213
74.956000,0.150513
74.972000,0.150513
74.988000,0.150513
75.004000,0.128555
75.016000,0.126122
75.032000,0.160026
75.048000,0.160026
75.064000,0.134383
75.076000,0.134383
75.092000,0.134383
75.108000,0.142738
75.124000,0.142738
75.136000,0.142738
75.152000,0.127898
75.168000,0.145023
75.184000,0.145023
75.196000,0.148502
75.212000,0.130938
75.228000,0.130938
75.244000,0.130938
75.256000,0.114913
75.272000,0.152686
75.288000,0.152686
75.304000,0.117548
75.316000,0.113215
75.332000,0.113215
75.348000,0.153532
75.364000,0.129381
75.376000,0.129381
75.392000,0.129381
75.408000,0.098003
75.424000,0.098003
75.436000,0.135107
75.452000,0.103807
75.468000,0.111739
75.484000,0.111739
75.496000,0.100588
75.512000,0.124186
75.528000,0.124186
75.544000,0.124186
75.556000,0.110382
75.572000,0.110382
75.588000,0.159152
75.604000,0.116732
75.616000,0.116732
75.632000,0.116732
75.648000,0.095292
75.664000,0.115022
75.676000,0.163183
75.692000,0.163183
75.708000,0.100799
75.724000,0.100799
75.736000,0.100799
75.752000,0.123226
75.768000,0.123226
75.784000,0.123226
75.796000,0.097372
75.812000,0.094252
75.828000,0.135301
75.844000,0.135301
75.856000,0.105145
75.872000,0.105145
75.888000,0.105145
75.904000,0.089222
75.916000,0.115241
75.932000,0.115241
75.948000,0.115241
75.964000,0.098789
75.976000,0.098789
75.992000,0.138857
76.008000,0.109729
76.024000,0.105638
76.036000,0.105638
76.052000,0.105638
76.068000,0.092108
76.084000,0.106854
76.096000,0.106854
76.112000,0.106854
76.128000,0.109061
76.144000,0.109061
76.156000,0.154074
76.172000,0.101927
76.188000,0.099191
76.204000,0.099191
76.216000,0.099191
76.232000,0.108568
76.248000,0.108568
76.264000,0.108568
76.276000,0.102003
76.292000,0.102003
76.308000,0.106739
76.324000,0.115784
76.336000,0.115784
76.352000,0.115784
76.368000,0.108292
76.384000,0.108292
76.396000,0.136675
76.412000,0.116225
76.428000,0.116225
76.444000,0.116225
76.456000,0.112727
76.472000,0.129186
76.488000,0.129186
76.504000,0.117382
76.516000,0.117382
76.532000,0.117382
76.548000,0.119943
76.564000,0.128069
76.576000,0.128069
76.592000,0.121537
76.608000,0.120456
76.624000,0.120456
76.636000,0.144357
76.652000,0.126156
76.668000,0.126156
76.684000,0.126156
76.696000,0.127579
76.712000,0.134261
76.728000,0.134261
76.744000,0.134261
76.756000,0.130105
76.772000,0.130105
76.788000,0.148188
76.804000,0.134670
76.816000,0.134670
76.832000,0.134670
76.848000,0.133473
76.864000,0.133414
76.876000,0.145141
76.892000,0.145141
76.908000,0.135244
76.924000,0.135244
76.936000,0.135244
76.952000,0.140458
76.968000,0.139144
76.984000,0.139144
76.996000,0.139144
77.012000,0.136381
77.028000,0.143591
77.044000,0.143591
77.056000,0.143591
77.072000,0.136302
77.088000,0.136302
77.104000,0.136302
77.116000,0.141701
77.132000,0.141701
77.148000,0.141701
77.164000,0.141701
77.176000,0.140300
77.192000,0.144290
77.208000,0.144290
77.224000,0.145049
77.236000,0.137723
77.252000,0.137723
77.268000,0.141669
77.284000,0.139782
77.296000,0.139782
77.312000,0.139782
77.328000,0.134647
77.344000,0.134497
77.356000,0.146865
77.372000,0.146865
77.388000,0.132974
77.404000,0.132974
77.416000,0.132974
77.432000,0.137136
77.448000,0.137136
77.464000,0.137136
77.476000,0.131145
77.492000,0.131145
77.508000,0.150910
77.524000,0.138529
77.536000,0.132885
77.552000,0.132885
77.568000,0.132885
77.584000,0.128389
77.596000,0.149011
77.612000,0.149011
77.628000,0.130408
77.644000,0.130408
77.656000,0.130408
77.672000,0.135824
77.688000,0.135824
77.704000,0.135824
77.716000,0.125456
77.732000,0.121892
77.748000,0.121892
77.764000,0.148475
77.776000,0.123704
77.792000,0.138437
77.808000,0.138437
77.824000,0.116431
77.836000,0.131589
77.852000,0.131589
77.868000,0.131589
77.884000,0.127084
77.896000,0.114963
77.912000,0.143157
77.928000,0.143157
77.944000,0.112965
77.956000,0.112965
77.972000,0.112965
77.988000,0.131415
78.004000,0.129256
78.016000,0.129256
78.032000,0.129256
78.048000,0.107391
78.064000,0.108335
78.076000,0.140993
78.092000,0.120916
78.108000,0.118936
78.124000,0.118936
78.136000,0.100393
78.152000,0.115823
78.168000,0.115823
78.184000,0.115823
78.196000,0.101836
78.212000,0.101836
78.228000,0.101836
78.244000,0.114113
78.256000,0.109691
78.272000,0.109691
78.288000,0.109691
78.304000,0.098616
78.316000,0.128799
78.332000,0.128799
78.348000,0.100414
78.364000,0.100414
78.376000,0.100414
78.392000,0.119998
78.408000,0.119998
78.424000,0.119998
78.436000,0.099143
78.452000,0.096953
78.468000,0.128994
78.484000,0.111864
78.496000,0.109934
78.512000,0.109934
78.528000,0.109934
78.544000,0.093715
78.556000,0.110078
78.572000,0.110078
78.588000,0.117332
78.604000,0.117332
78.616000,0.117332
78.632000,0.117965
78.648000,0.113026
78.664000,0.113026
78.676000,0.096907
78.692000,0.144597
78.708000,0.144597
78.724000,0.144597
78.736000,0.103541
78.752000,0.100258
78.768000,0.134046
78.784000,0.134046
78.796000,0.124098
78.812000,0.124098
78.828000,0.124098
78.844000,0.098005
78.856000,0.121210
78.872000,0.121210
78.888000,0.121210
78.904000,0.099558
78.916000,0.099558
78.932000,0.128768
78.948000,0.107967
78.964000,0.108821
78.976000,0.108821
78.992000,0.108821
79.008000,0.111889
79.024000,0.111889
79.036000,0.111889
79.052000,0.111889
79.068000,0.105359
79.084000,0.105359
79.096000,0.125427
79.112000,0.113544
79.128000,0.113544
79.144000,0.113544
79.156000,0.110967
79.172000,0.123788
79.188000,0.123788
79.204000,0.118785
79.216000,0.116669
79.232000,0.116669
79.248000,0.145816
79.264000,0.123604
79.276000,0.123604
79.292000,0.123604
79.308000,0.121088
79.324000,0.121088
79.336000,0.136943
79.352000,0.136943
79.368000,0.126999
79.384000,0.126999
79.396000,0.126999
79.412000,0.134525
79.428000,0.134525
79.444000,0.134525
79.456000,0.128980
79.472000,0.128689
79.488000,0.151205
79.504000,0.136798
79.516000,0.135503
79.532000,0.135503
79.548000,0.135503
79.564000,0.133021
79.576000,0.145569
79.592000,0.145569
79.608000,0.136764
79.624000,0.136764
79.636000,0.136764
79.652000,0.146040
79.668000,0.141803
79.684000,0.141803
79.696000,0.141803
79.712000,0.138709
79.728000,0.150749
79.744000,0.150749
79.756000,0.141640
79.772000,0.141640
79.792000,0.141640
79.804000,0.139147
79.816000,0.148642
79.832000,0.148642
79.848000,0.148642
79.864000,0.140762
79.876000,0.140762
79.892000,0.159575
79.912000,0.145013
79.924000,0.143950
79.936000,0.143950
79.952000,0.143950
79.968000,0.158898
79.984000,0.152975
79.996000,0.152975
80.012000,0.152975
80.028000,0.142739
80.044000,0.142739
80.056000,0.161958
80.072000,0.143462
80.088000,0.143462
80.104000,0.143462
80.116000,0.143462
80.132000,0.155111
80.148000,0.155111
80.164000,0.140388
80.176000,0.139685
80.192000,0.152865
80.208000,0.152865
80.224000,0.141998
80.236000,0.141998
80.252000,0.141998
80.268000,0.146441
80.284000,0.140478
80.296000,0.140478
80.312000,0.140478
80.328000,0.132072
80.344000,0.132072
80.356000,0.155595
80.372000,0.137989
80.388000,0.137989
80.404000,0.137989
80.416000,0.125649
80.432000,0.144955
80.448000,0.144955
80.464000,0.127249
80.476000,0.127249
80.492000,0.127249
80.508000,0.118748
80.524000,0.129181
80.536000,0.129181
80.552000,0.118202
80.568000,0.116974
80.584000,0.116974
80.596000,0.146342
80.612000,0.124817
80.628000,0.120855
80.644000,0.120855
80.656000,0.120855
80.672000,0.115140
80.688000,0.115140
80.704000,0.115140
80.716000,0.104573
80.732000,0.105789
80.748000,0.137303
80.764000,0.137303
80.776000,0.101390
80.792000,0.101390
80.808000,0.101390
80.824000,0.102196
80.836000,0.113276
80.852000,0.113276
80.868000,0.113276
80.884000,0.091049
80.896000,0.091049
80.912000,0.118236
80.928000,0.099254
80.944000,0.099254
80.956000,0.099254
80.972000,0.086134
80.988000,0.115891
81.004000,0.115891
81.016000,0.084618
81.032000,0.084618
81.048000,0.084618
81.064000,0.082284
81.076000,0.094346
81.092000,0.094346
81.108000,0.094346
81.124000,0.082310
81.136000,0.082310
81.152000,0.113434
81.168000,0.083338
81.184000,0.083338
81.196000,0.083338
81.212000,0.080584
81.228000,0.079991
81.244000,0.100848
81.256000,0.100848
81.272000,0.080211
81.288000,0.080211
81.304000,0.080211
81.316000,0.089452
81.332000,0.088515
81.348000,0.088515
81.364000,0.080304
81.376000,0.081665
81.392000,0.096105
81.408000,0.086976
81.424000,0.086976
81.436000,0.086976
81.452000,0.086976
81.468000,0.095593
81.484000,0.095593
81.496000,0.095593
81.512000,0.086657
81.528000,0.086657
81.544000,0.086657
81.556000,0.098903
81.572000,0.096173
81.588000,0.096173
81.604000,0.096173
81.616000,0.091373
81.632000,0.109634
81.648000,0.109634
81.664000,0.095349
81.676000,0.094797
81.692000,0.094797
81.708000,0.099177
81.724000,0.108557
81.736000,0.108557
81.752000,0.099383
81.768000,0.100000
81.784000,0.100000
81.796000,0.127829
81.812000,0.104217
81.828000,0.104217
81.844000,0.102381
81.856000,0.102381
81.872000,0.123827
81.888000,0.123827
81.904000,0.111709
81.916000,0.111709
81.932000,0.111709
81.948000,0.119717
81.964000,0.119717
81.976000,0.119717
81.992000,0.111516
82.008000,0.110699
82.024000,0.110699
82.036000,0.135551
82.052000,0.120750
82.068000,0.120750
82.084000,0.120750
82.096000,0.112257
82.112000,0.131867
82.128000,0.131867
82.144000,0.115941
82.156000,0.115941
82.172000,0.115941
82.188000,0.143227
82.204000,0.131127
82.216000,0.124520
82.232000,0.124520
82.248000,0.124520
82.264000,0.115312
82.276000,0.141011
82.292000,0.141011
82.308000,0.120810
82.324000,0.120810
82.336000,0.120810
82.352000,0.141173
82.368000,0.137039
82.384000,0.137039
82.396000,0.137039
82.412000,0.116618
82.428000,0.116618
82.444000,0.145043
82.456000,0.127717
82.472000,0.127717
82.488000,0.127717
82.504000,0.112667
82.516000,0.137378
82.532000,0.137378
82.548000,0.123467
82.564000,0.125333
82.576000,0.125333
82.592000,0.165703
82.608000,0.127655
82.624000,0.127655
82.636000,0.127655
82.652000,0.127655
82.668000,0.142455
82.684000,0.142455
82.696000,0.142455
82.712000,0.122200
82.728000,0.122200
82.744000,0.122200
82.756000,0.148155
82.772000,0.143307
82.788000,0.143307
82.804000,0.118930
82.816000,0.118930
82.832000,0.154214
82.848000,0.154214
82.864000,0.123506
82.876000,0.123506
82.892000,0.123506
82.908000,0.138993
82.924000,0.138993
82.936000,0.138993
82.952000,0.138993
82.968000,0.118645
82.984000,0.118645
82.996000,0.155754
83.012000,0.127756
83.028000,0.121240
83.044000,0.121240
83.056000,0.121240
83.072000,0.136017
83.088000,0.136017
83.104000,0.136017
83.116000,0.118249
83.132000,0.133924
83.148000,0.181683
83.164000,0.136958
83.176000,0.127575
83.192000,0.127575
83.208000,0.127575
83.224000,0.107999
83.236000,0.137734
83.252000,0.137734
83.268000,0.114794
83.284000,0.111710
83.296000,0.111710
83.312000,0.147184
83.328000,0.126542
83.344000,0.126542
83.356000,0.126542
83.372000,0.106780
83.388000,0.104946
83.404000,0.133327
83.416000,0.133327
83.432000,0.107278
83.448000,0.107278
83.464000,0.107278
83.476000,0.119620
83.492000,0.119620
83.508000,0.119620
83.524000,0.106140
83.536000,0.103854
83.552000,0.135792
83.568000,0.114896
83.584000,0.111207
83.596000,0.111207
83.612000,0.111207
83.628000,0.124317
83.644000,0.124317
83.656000,0.124317
83.672000,0.104155
83.688000,0.101884
83.704000,0.101884
83.716000,0.134903
83.732000,0.115587
83.748000,0.115587
83.764000,0.115587
83.776000,0.098359
83.792000,0.122818
83.808000,0.122818
83.824000,0.125874
83.836000,0.103255
83.852000,0.103255
83.868000,0.138784
83.884000,0.110581
83.896000,0.110581
83.912000,0.110581
83.928000,0.098604
83.944000,0.098604
83.956000,0.125540
83.972000,0.107286
83.988000,0.104425
84.004000,0.104425
84.016000,0.104425
84.032000,0.121685
84.048000,0.111170
84.064000,0.111170
84.076000,0.111170
84.092000,0.099942
84.108000,0.124126
84.124000,0.124126
84.136000,0.124126
84.152000,0.103178
84.168000,0.103178
84.184000,0.103178
84.196000,0.108534
84.212000,0.105953
84.228000,0.105953
84.244000,0.105953
84.256000,0.101375
84.272000,0.118803
84.288000,0.118803
84.304000,0.118803
84.316000,0.104529
84.332000,0.104529
84.348000,0.128419
84.364000,0.114141
84.376000,0.111582
84.392000,0.111582
84.408000,0.107879
84.424000,0.107879
84.436000,0.123346
84.452000,0.123346
84.468000,0.111292
84.484000,0.110334
84.496000,0.110334
84.512000,0.119785
84.528000,0.119785
84.544000,0.119785
84.556000,0.113390
84.572000,0.113609
84.588000,0.113609
84.604000,0.129481
84.616000,0.118435
84.632000,0.118435
84.648000,0.118435
84.664000,0.117113
84.676000,0.131531
84.692000,0.131531
84.708000,0.120070
84.724000,0.120070
84.736000,0.120070
84.752000,0.140439
84.768000,0.124703
84.784000,0.124703
84.796000,0.124703
84.812000,0.122977
84.828000,0.136960
84.844000,0.136960
84.856000,0.136960
84.872000,0.124721
84.888000,0.124721
84.904000,0.124721
84.916000,0.131437
84.932000,0.132444
84.948000,0.132444
84.964000,0.132444
84.976000,0.127133
84.992000,0.136928
85.008000,0.136928
85.024000,0.128779
85.036000,0.128779
85.052000,0.128779
85.068000,0.133077
85.084000,0.130991
85.096000,0.130991
85.112000,0.127230
85.128000,0.126635
85.144000,0.126635
85.156000,0.133447
85.172000,0.129142
85.188000,0.129142
85.204000,0.129142
85.216000,0.125570
85.232000,0.141448
85.248000,0.141448
85.264000,0.126510
85.276000,0.125341
85.292000,0.125341
85.308000,0.147464
85.324000,0.132083
85.336000,0.132083
85.352000,0.132083
85.368000,0.123065
85.384000,0.122620
85.396000,0.140203
85.412000,0.140203
85.428000,0.126689
85.444000,0.126689
85.456000,0.126689
85.472000,0.128136
85.488000,0.128136
85.504000,0.128136
85.516000,0.120903
85.532000,0.121507
85.548000,0.150008
85.564000,0.131741
85.576000,0.125437
85.592000,0.125437
85.608000,0.125437
85.624000,0.115520
85.636000,0.133924
85.652000,0.133924
85.668000,0.133924
85.684000,0.115453
85.696000,0.115453
85.712000,0.143280
85.728000,0.123065
85.744000,0.119844
85.756000,0.119844
85.772000,0.119844
85.788000,0.135764
85.804000,0.135764
85.816000,0.135764
85.832000,0.108591
85.848000,0.107010
85.864000,0.107010
85.876000,0.131010
85.892000,0.120856
85.908000,0.120856
85.924000,0.120856
85.936000,0.107033
85.952000,0.133748
85.968000,0.133748
85.984000,0.127959
85.996000,0.127959
86.012000,0.127959
86.028000,0.128468
86.044000,0.117823
86.056000,0.117823
86.072000,0.117823
86.088000,0.119051
86.104000,0.119051
86.116000,0.162036
86.132000,0.124959
86.148000,0.120370
86.164000,0.120370
86.176000,0.100661
86.192000,0.126356
86.208000,0.126356
86.224000,0.126356
86.236000,0.131538
86.252000,0.131538
86.268000,0.181509
86.284000,0.115322
86.296000,0.134552
86.312000,0.134552
86.328000,0.102687
86.344000,0.099548
86.356000,0.125653
86.372000,0.125653
86.388000,0.107504
86.404000,0.109256
86.416000,0.109256
86.432000,0.149376
86.448000,0.105788
86.464000,0.105788
86.476000,0.105788
86.492000,0.100970
86.508000,0.126789
86.524000,0.126789
86.536000,0.126789
86.552000,0.102527
86.568000,0.102527
86.584000,0.103672
86.596000,0.118352
86.612000,0.118352
86.628000,0.118352
86.644000,0.099039
86.656000,0.099039
86.672000,0.124012
86.688000,0.127066
86.704000,0.127066
86.716000,0.127066
86.732000,0.105205
86.748000,0.131842
86.764000,0.131842
86.776000,0.131842
86.792000,0.108842
86.808000,0.108842
86.824000,0.108842
86.836000,0.114182
86.852000,0.114182
86.868000,0.114182
86.884000,0.109010
86.896000,0.109010
86.912000,0.133275
86.928000,0.118880
86.944000,0.116208
86.956000,0.116208
86.972000,0.110448
86.988000,0.127474
87.004000,0.127474
87.016000,0.127474
87.032000,0.113773
87.048000,0.113773
87.064000,0.113773
87.076000,0.122826
87.092000,0.122826
87.108000,0.122826
87.124000,0.118233
87.136000,0.117948
87.152000,0.135749
87.168000,0.135749
87.184000,0.131146
87.196000,0.122147
87.212000,0.122147
87.228000,0.134473
87.244000,0.131104
87.256000,0.131104
87.272000,0.124244
87.288000,0.123784
87.304000,0.123784
87.316000,0.134847
87.332000,0.133326
87.348000,0.133326
87.364000,0.133326
87.376000,0.124302
87.392000,0.144633
87.408000,0.144633
87.428000,0.142965
87.436000,0.142965
87.452000,0.127149
87.468000,0.157293
87.484000,0.157293
87.496000,0.133648
87.512000,0.133648
87.528000,0.133648
87.544000,0.125741
87.556000,0.142803
87.572000,0.142803
87.588000,0.142803
87.604000,0.128885
87.616000,0.128885
87.632000,0.149711
87.648000,0.134806
87.664000,0.134806
87.676000,0.134806
87.692000,0.124792
87.708000,0.124792
87.724000,0.148754
87.736000,0.128740
87.752000,0.128740
87.768000,0.128740
87.784000,0.120519
87.796000,0.142971
87.812000,0.142971
87.828000,0.128167
87.844000,0.124272
87.856000,0.152106
87.872000,0.128275
87.888000,0.128275
87.904000,0.128275
87.916000,0.128275
87.932000,0.147351
87.948000,0.147351
87.964000,0.147351
87.976000,0.120770
87.992000,0.120770
88.008000,0.150076
88.024000,0.150076
88.036000,0.127973
88.052000,0.127973
88.068000,0.127973
88.084000,0.113233
88.096000,0.134832
88.112000,0.134832
88.128000,0.122851
88.144000,0.122851
88.156000,0.122851
88.172000,0.125162
88.188000,0.125162
88.204000,0.125162
88.216000,0.112413
88.232000,0.112413
88.248000,0.148506
88.264000,0.116559
88.276000,0.116559
88.292000,0.129127
88.308000,0.129127
88.324000,0.105635
88.336000,0.132850
88.352000,0.130667
88.368000,0.130667
88.384000,0.130667
88.396000,0.103383
88.412000,0.119025
88.428000,0.119025
88.444000,0.102351
88.456000,0.102351
88.472000,0.102351
88.488000,0.132534
88.504000,0.113363
88.516000,0.113363
88.532000,0.113363
88.548000,0.097701
88.564000,0.097701
88.576000,0.122961
88.592000,0.109405
88.608000,0.101791
88.624000,0.101791
88.636000,0.093079
88.652000,0.108953
88.668000,0.108953
88.684000,0.098637
88.696000,0.097400
88.712000,0.097400
88.728000,0.127593
88.744000,0.100606
88.756000,0.100606
88.772000,0.100606
88.788000,0.094364
88.804000,0.095480
88.816000,0.107411
88.832000,0.107411
88.848000,0.094736
88.864000,0.095017
88.876000,0.095017
88.892000,0.120651
88.908000,0.096903
88.924000,0.096903
88.936000,0.096903
88.952000,0.093741
88.968000,0.093741
88.984000,0.115489
88.996000,0.093293
89.012000,0.093115
89.028000,0.093115
89.044000,0.099718
89.056000,0.097720
89.072000,0.097720
89.088000,0.095433
89.104000,0.096464
89.116000,0.096464
89.132000,0.110348
89.148000,0.098541
89.164000,0.098518
89.176000,0.098518
89.192000,0.099810
89.208000,0.104288
89.224000,0.104288
89.236000,0.104288
89.252000,0.100667
89.268000,0.099749
89.284000,0.099749
89.296000,0.117520
89.312000,0.101633
89.328000,0.101633
89.344000,0.101633
89.356000,0.104113
89.372000,0.105882
89.388000,0.105882
89.404000,0.102058
89.416000,0.102263
89.432000,0.102263
89.448000,0.102263
89.464000,0.106330
89.476000,0.106330
89.492000,0.106330
89.508000,0.112994
89.524000,0.112994
89.536000,0.114908
89.552000,0.110763
89.568000,0.110059
89.584000,0.110059
89.596000,0.110059
89.612000,0.115786
89.628000,0.115786
89.644000,0.115786
89.656000,0.115786
89.672000,0.115275
89.688000,0.115275
89.704000,0.122286
89.716000,0.114972
89.732000,0.114181
89.748000,0.114181
89.764000,0.115826
89.776000,0.117702
89.792000,0.117702
89.808000,0.117702
89.824000,0.113421
89.836000,0.113604
89.852000,0.127946
89.868000,0.124008
89.884000,0.117584
89.896000,0.117584
89.912000,0.117584
89.928000,0.127182
89.944000,0.124720
89.956000,0.124720
89.972000,0.124720
89.988000,0.121561
90.004000,0.121561
90.016000,0.153069
90.032000,0.119798
90.048000,0.119798
90.064000,0.119798
90.076000,0.128309
90.092000,0.139087
90.108000,0.139087
90.124000,0.139087
90.136000,0.115451
90.152000,0.137021
90.168000,0.137021
90.184000,0.118685
90.196000,0.117277
90.212000,0.117277
90.228000,0.149618
90.244000,0.123785
90.256000,0.123785
90.272000,0.123785
90.288000,0.123613
90.304000,0.123613
90.316000,0.161809
90.332000,0.133027
90.348000,0.126445
90.364000,0.126445
90.376000,0.115809
90.392000,0.145657
90.408000,0.145657
90.424000,0.145657
90.436000,0.127802
90.452000,0.150976
90.468000,0.150976
90.484000,0.128204
90.496000,0.126162
90.516000,0.126162
90.532000,0.176865
90.544000,0.138937
90.556000,0.138937
90.572000,0.138937
90.588000,0.117697
90.604000,0.117697
90.616000,0.155003
90.632000,0.122955
90.648000,0.111587
90.664000,0.111587
90.676000,0.111587
90.692000,0.140938
90.708000,0.130734
90.724000,0.130734
90.736000,0.130734
90.752000,0.146715
90.768000,0.146715
90.784000,0.146715
90.796000,0.120286
90.812000,0.115630
90.828000,0.158838
90.844000,0.158838
90.856000,0.124531
90.872000,0.124531
90.888000,0.124531
90.904000,0.095703
90.920000,0.130589
90.932000,0.130589
90.948000,0.116220
90.964000,0.113883
90.976000,0.113883
90.992000,0.161693
91.008000,0.112655
91.024000,0.112655
91.036000,0.112655
91.052000,0.086577
91.068000,0.086577
91.084000,0.127390
91.096000,0.109124
91.112000,0.109124
91.128000,0.109124
91.144000,0.087741
91.156000,0.121481
91.172000,0.121481
91.188000,0.121481
91.204000,0.091941
91.216000,0.091941
91.232000,0.135010
91.248000,0.098450
91.264000,0.126817
91.276000,0.126817
91.296000,0.083239
91.308000,0.121268
91.324000,0.121268
91.336000,0.121268
91.352000,0.090938
91.368000,0.090938
91.384000,0.090938
91.396000,0.103573
91.412000,0.103573
91.428000,0.103573
91.444000,0.080867
91.456000,0.080540
91.472000,0.110839
91.488000,0.110839
91.504000,0.089171
91.516000,0.087179
91.532000,0.087179
91.548000,0.106440
91.564000,0.101989
91.576000,0.101989
91.592000,0.101989
91.608000,0.087593
91.624000,0.087593
91.636000,0.111338
91.652000,0.111338
91.668000,0.096253
91.684000,0.091480
91.696000,0.091480
91.712000,0.123336
91.728000,0.092399
91.744000,0.092399
91.756000,0.092399
91.772000,0.090752
91.788000,0.111478
91.804000,0.111478
91.816000,0.094418
91.832000,0.106366
91.848000,0.106366
91.864000,0.095480
91.876000,0.108146
91.892000,0.108146
91.908000,0.113540
91.924000,0.103854
91.936000,0.103854
91.952000,0.128652
91.968000,0.113619
91.984000,0.113619
91.996000,0.113619
92.012000,0.110952
92.028000,0.125884
92.044000,0.125884
92.056000,0.124464
92.072000,0.113998
92.088000,0.113998
92.104000,0.116343
92.116000,0.123691
92.132000,0.123691
92.152000,0.116683
92.164000,0.116342
92.176000,0.116342
92.192000,0.141289
92.208000,0.119094
92.224000,0.119094
92.236000,0.119094
92.252000,0.119584
92.268000,0.121125
92.284000,0.132050
92.296000,0.132050
92.312000,0.126669
92.328000,0.126669
92.344000,0.126669
92.356000,0.136082
92.372000,0.136082
92.392000,0.136082
92.404000,0.129975
92.416000,0.129975
92.432000,0.145997
92.448000,0.133115
92.464000,0.141783
92.476000,0.141783
92.492000,0.130166
92.508000,0.139338
92.524000,0.139338
92.536000,0.139338
92.556000,0.130751
92.568000,0.130751
92.584000,0.130751
92.596000,0.135699
92.612000,0.135699
92.628000,0.135699
92.644000,0.124937
92.656000,0.124937
92.672000,0.137935
92.688000,0.137935
92.704000,0.135176
92.716000,0.135176
92.732000,0.135176
92.748000,0.147888
92.764000,0.147888
92.776000,0.147888
92.792000,0.137117
92.808000,0.134046
92.824000,0.134046
92.836000,0.150526
92.852000,0.142283
92.868000,0.142283
92.884000,0.142283
92.896000,0.130884
92.912000,0.156535
92.928000,0.156535
92.944000,0.134735
92.956000,0.131779
92.972000,0.131779
92.988000,0.168638
93.004000,0.145431
93.016000,0.145431
93.032000,0.121983
93.048000,0.116094
93.064000,0.116094
93.076000,0.142069
93.092000,0.140896
93.108000,0.140896
93.124000,0.130918
93.136000,0.128387
93.152000,0.157409
93.168000,0.157409
93.184000,0.157409
93.196000,0.132683
93.212000,0.129443
93.228000,0.165419
93.244000,0.165419
93.256000,0.136721
93.272000,0.132414
93.288000,0.132414
93.304000,0.117148
93.316000,0.137238
93.332000,0.137238
93.352000,0.137238
93.364000,0.119137
93.376000,0.119137
93.392000,0.157376
93.408000,0.120765
93.424000,0.120765
93.436000,0.120765
93.452000,0.109684
93.468000,0.106727
93.484000,0.136173
93.496000,0.136173
93.512000,0.115247
93.528000,0.115247
93.544000,0.115247
93.556000,0.155519
93.572000,0.127316
93.588000,0.127316
93.604000,0.127316
93.616000,0.134351
93.632000,0.134351
93.648000,0.134351
93.664000,0.115165
93.680000,0.112005
93.692000,0.154737
93.708000,0.154737
93.724000,0.115390
93.736000,0.115390
93.752000,0.115390
93.768000,0.124223
93.784000,0.118635
93.796000,0.118635
93.812000,0.118635
93.828000,0.090197
93.844000,0.089351
93.856000,0.108335
93.872000,0.108335
93.888000,0.121619
93.904000,0.103683
93.916000,0.103683
93.932000,0.143505
93.948000,0.114912
93.964000,0.114912
93.976000,0.114912
93.992000,0.095598
94.008000,0.119677
94.024000,0.119677
94.036000,0.119677
94.052000,0.095879
94.068000,0.095879
94.084000,0.095879
94.096000,0.112788
94.112000,0.112788
94.128000,0.112788
94.144000,0.090605
94.156000,0.090605
94.172000,0.118751
94.188000,0.103462
94.208000,0.098913
94.216000,0.098913
94.232000,0.086743
94.248000,0.095334
94.264000,0.095334
94.276000,0.095334
94.292000,0.096588
94.308000,0.096588
94.324000,0.096588
94.336000,0.104500
94.352000,0.102012
94.372000,0.102012
94.384000,0.097026
94.396000,0.096544
94.412000,0.123147
94.428000,0.102861
94.444000,0.099662
94.456000,0.099662
94.472000,0.099662
94.488000,0.107456
94.504000,0.104600
94.516000,0.104600
94.532000,0.104600
94.548000,0.099848
94.564000,0.099848
94.576000,0.116665
94.592000,0.105836
94.608000,0.103133
94.624000,0.103133
94.636000,0.099753
94.652000,0.107865
94.668000,0.107865
94.684000,0.106829
94.696000,0.106994
94.712000,0.106994
94.728000,0.116489
94.744000,0.115111
94.756000,0.115111
94.772000,0.115111
94.788000,0.112601
94.804000,0.112601
94.816000,0.135936
94.832000,0.118602
94.848000,0.118602
94.864000,0.118602
94.876000,0.116902
94.892000,0.125346
94.908000,0.125346
94.924000,0.116547
94.936000,0.115768
94.952000,0.115544
94.968000,0.115544
94.984000,0.133335
94.996000,0.123094
95.012000,0.120395
95.028000,0.120395
95.044000,0.114422
95.056000,0.125368
95.072000,0.125368
95.088000,0.125368
95.104000,0.123963
95.116000,0.123963
95.132000,0.144641
95.148000,0.133840
95.164000,0.133840
95.176000,0.133840
95.192000,0.127905
95.208000,0.127795
95.224000,0.144733
95.236000,0.144733
95.252000,0.133600
95.268000,0.133600
95.284000,0.133600
95.296000,0.140258
95.312000,0.137432
95.328000,0.137432
95.344000,0.128296
95.356000,0.128328
95.372000,0.152969
95.388000,0.152969
95.404000,0.129931
95.416000,0.127746
95.432000,0.127746
95.448000,0.156174
95.464000,0.133891
95.476000,0.133891
95.492000,0.133891
95.508000,0.131228
95.524000,0.129044
95.536000,0.154372
95.552000,0.154372
95.568000,0.136401
95.584000,0.136401
95.596000,0.136401
95.612000,0.171132
95.628000,0.144684
95.644000,0.144684
95.656000,0.144684
95.672000,0.127298
95.688000,0.148499
95.704000,0.148499
95.716000,0.133096
95.732000,0.131070
95.748000,0.131070
95.764000,0.131070
95.776000,0.133599
95.792000,0.133599
95.808000,0.133599
95.824000,0.121860
95.836000,0.118660
95.852000,0.150268
95.868000,0.150268
95.884000,0.122176
95.896000,0.122176
95.912000,0.122176
95.928000,0.142159
95.944000,0.142159
95.956000,0.142159
95.972000,0.120470
95.988000,0.120470
96.004000,0.120470
96.016000,0.152916
96.032000,0.133798
96.048000,0.133798
96.064000,0.133798
96.076000,0.111455
96.092000,0.132684
96.108000,0.132684
96.124000,0.123567
96.136000,0.119520
96.152000,0.119520
96.168000,0.107144
96.184000,0.130084
96.196000,0.130084
96.212000,0.110331
96.228000,0.112154
96.244000,0.112154
96.256000,0.150772
96.272000,0.113419
96.288000,0.113419
96.304000,0.113419
96.316000,0.105162
96.332000,0.130098
96.348000,0.130098
96.364000,0.130098
96.376000,0.105891
96.392000,0.105891
96.408000,0.138137
96.424000,0.122861
96.436000,0.118117
96.452000,0.118117
96.468000,0.098433
96.484000,0.098356
96.496000,0.116134
96.512000,0.116134
96.528000,0.103704
96.544000,0.103704
96.556000,0.103704
96.572000,0.105763
96.588000,0.105763
96.604000,0.105763
96.616000,0.105763
96.632000,0.093205
96.648000,0.093205
96.664000,0.123837
96.676000,0.098401
96.692000,0.098401
96.708000,0.098401
96.724000,0.098100
96.736000,0.115432
96.752000,0.115432
96.768000,0.115432
96.784000,0.100697
96.796000,0.100697
96.812000,0.125784
96.828000,0.110328
96.844000,0.105302
96.856000,0.105302
96.872000,0.105302
96.888000,0.116461
96.904000,0.116461
96.916000,0.116461
96.932000,0.102874
96.948000,0.102370
96.964000,0.102370
96.976000,0.123812
96.992000,0.109237
97.008000,0.109237
97.024000,0.109237
97.036000,0.104751
97.052000,0.111071
97.068000,0.111071
97.084000,0.111071
97.096000,0.108802
97.112000,0.108802
97.128000,0.131796
97.144000,0.115833
97.156000,0.115833
97.172000,0.115833
97.188000,0.113612
97.204000,0.114181
97.216000,0.130307
97.232000,0.130307
97.248000,0.117944
97.264000,0.117944
97.276000,0.117944
97.292000,0.125191
97.308000,0.123129
97.324000,0.123129
97.336000,0.119298
97.352000,0.119984
97.368000,0.119984
97.384000,0.132555
97.396000,0.121163
97.412000,0.121163
97.428000,0.121163
97.444000,0.122230
97.456000,0.127207
97.472000,0.127207
97.488000,0.123176
97.504000,0.123878
97.516000,0.123878
97.532000,0.137879
97.548000,0.128028
97.564000,0.128028
97.576000,0.128028
97.592000,0.125213
97.608000,0.135590
97.624000,0.135590
97.636000,0.126755
97.652000,0.126755
97.668000,0.126755
97.684000,0.126755
97.696000,0.128770
97.712000,0.126987
97.728000,0.126987
97.744000,0.123451
97.756000,0.123451
97.772000,0.140322
97.788000,0.140322
97.804000,0.122149
97.816000,0.122149
97.832000,0.122149
97.848000,0.131333
97.864000,0.147676
97.876000,0.147676
97.892000,0.147676
97.908000,0.123593
97.924000,0.123593
97.936000,0.143716
97.952000,0.129017
97.968000,0.129017
97.984000,0.129017
97.996000,0.122921
98.012000,0.138965
98.028000,0.138965
98.044000,0.138965
98.056000,0.125232
98.072000,0.125232
98.088000,0.154789
98.104000,0.129034
98.116000,0.126293
98.132000,0.126293
98.148000,0.126293
98.164000,0.127534
98.176000,0.140962
98.192000,0.140962
98.208000,0.118717
98.228000,0.118717
98.236000,0.118717
98.252000,0.133168
98.268000,0.128777
98.284000,0.128777
98.296000,0.128777
98.312000,0.116776
98.328000,0.116776
98.344000,0.139018
98.356000,0.124604
98.372000,0.124604
98.388000,0.124604
98.404000,0.114850
98.416000,0.130792
98.432000,0.130792
98.448000,0.130792
98.464000,0.115785
98.476000,0.115785
98.492000,0.144743
98.508000,0.119236
98.524000,0.119236
98.536000,0.119236
98.552000,0.111569
98.568000,0.110598
98.584000,0.134529
98.596000,0.134529
98.612000,0.111174
98.628000,0.111174
98.644000,0.111174
98.656000,0.120173
98.672000,0.115823
98.688000,0.112205
98.704000,0.112205
98.716000,0.105690
98.732000,0.126354
98.748000,0.126354
98.764000,0.126354
98.776000,0.105182
98.792000,0.105182
98.808000,0.134425
98.824000,0.116192
98.836000,0.116192
98.852000,0.116192
98.868000,0.100177
98.884000,0.099314
98.896000,0.119785
98.912000,0.119785
98.928000,0.103514
98.944000,0.103514
98.956000,0.103514
98.972000,0.107245
98.988000,0.107245
99.004000,0.107245
99.016000,0.096662
99.032000,0.095570
99.048000,0.126041
99.064000,0.126041
99.076000,0.097384
99.092000,0.097384
99.108000,0.097384
99.124000,0.095414
99.136000,0.110636
99.152000,0.110636
99.168000,0.097230
99.184000,0.097483
99.196000,0.120622
99.212000,0.120622
99.228000,0.100948
99.244000,0.097703
99.256000,0.097703
99.272000,0.124789
99.288000,0.108692
99.304000,0.108692
99.316000,0.108692
99.332000,0.096486
99.348000,0.111803
99.364000,0.111803
99.376000,0.111803
99.392000,0.099693
99.408000,0.099693
99.424000,0.099693
99.436000,0.104284
99.452000,0.104284
99.468000,0.104284
99.484000,0.097807
99.496000,0.097361
99.512000,0.120542
99.528000,0.120542
99.548000,0.100687
99.556000,0.100687
99.572000,0.100687
99.588000,0.097851
99.604000,0.114654
99.616000,0.114654
99.632000,0.103711
99.648000,0.100103
99.668000,0.100103
99.676000,0.130573
99.692000,0.110467
99.708000,0.110467
99.724000,0.110467
99.736000,0.098902
99.752000,0.115293
99.768000,0.115293
99.784000,0.115293
99.796000,0.105466
99.812000,0.102920
99.828000,0.102920
99.844000,0.138713
99.856000,0.105491
99.872000,0.105491
99.888000,0.105491
99.904000,0.101297
99.916000,0.113374
99.932000,0.113374
99.948000,0.108631
99.964000,0.103037
99.980000,0.103037
99.992000,0.133721
100.008000,0.110957
100.024000,0.110957
100.036000,0.110957
100.052000,0.103116
100.068000,0.101289
100.084000,0.120566
100.096000,0.120566
100.112000,0.104596
100.128000,0.104596
100.144000,0.102475
100.156000,0.116444
100.172000,0.114745
100.188000,0.114745
100.204000,0.101921
100.216000,0.101921
100.232000,0.122590
100.248000,0.120726
100.264000,0.120726
100.276000,0.120726
100.292000,0.120726
100.308000,0.125501
100.324000,0.125501
100.336000,0.125501
100.352000,0.107203
100.368000,0.116401
100.384000,0.116401
100.396000,0.158828
100.412000,0.114396
100.428000,0.114396
100.444000,0.106695
100.456000,0.106695
100.472000,0.129914
100.488000,0.129914
100.504000,0.112951
100.516000,0.108803
100.532000,0.108803
100.548000,0.138653
100.564000,0.118093
100.576000,0.118093
100.592000,0.118093
100.608000,0.106201
100.624000,0.106201
100.636000,0.127644
100.652000,0.114918
100.668000,0.111319
100.684000,0.111319
100.696000,0.111319
100.712000,0.118671
100.728000,0.118671
100.744000,0.118671
100.756000,0.110505
100.772000,0.108619
100.788000,0.137242
100.804000,0.118547
100.816000,0.112604
100.832000,0.112604
100.848000,0.112604
100.864000,0.105327
100.876000,0.124810
100.892000,0.124810
100.908000,0.106710
100.924000,0.106710
100.936000,0.106710
100.952000,0.118934
100.968000,0.117226
100.984000,0.117226
100.996000,0.117226
101.012000,0.103484
101.028000,0.124245
101.044000,0.124245
101.056000,0.111638
101.072000,0.108726
101.088000,0.108726
101.104000,0.107546
101.116000,0.116896
101.132000,0.116896
101.148000,0.109062
101.164000,0.109559
101.176000,0.109559
101.192000,0.140737
101.208000,0.112837
101.224000,0.112837
101.236000,0.112837
101.252000,0.108098
101.268000,0.123875
101.284000,0.123875
101.296000,0.123875
101.312000,0.109032
101.328000,0.116506
101.344000,0.116506
101.356000,0.118439
101.372000,0.113117
101.388000,0.113117
101.404000,0.113117
101.416000,0.108526
101.432000,0.123935
101.448000,0.123935
101.464000,0.111541
101.476000,0.111195
101.492000,0.111195
101.508000,0.122705
101.524000,0.124145
101.536000,0.124145
101.552000,0.124145
101.568000,0.114013
101.584000,0.113869
101.596000,0.132953
101.612000,0.132953
101.628000,0.118878
101.644000,0.118878
101.656000,0.118878
101.672000,0.124021
101.688000,0.124021
101.704000,0.124021
101.716000,0.117494
101.732000,0.116704
101.748000,0.141036
101.764000,0.125247
101.776000,0.120781
101.792000,0.120781
101.808000,0.120781
101.824000,0.116417
101.836000,0.136066
101.852000,0.136066
101.868000,0.120663
101.884000,0.119101
101.896000,0.119101
101.912000,0.138203
101.928000,0.128461
101.944000,0.128461
101.956000,0.128461
101.972000,0.119762
101.988000,0.136125
102.004000,0.136125
102.016000,0.124515
102.032000,0.122619
102.048000,0.122619
102.064000,0.122619
102.076000,0.125628
102.092000,0.125628
102.108000,0.125628
102.124000,0.120731
102.136000,0.120731
102.152000,0.146324
102.168000,0.127472
102.184000,0.124710
102.196000,0.124710
102.212000,0.117601
102.228000,0.136586
102.244000,0.136586
102.256000,0.136586
102.272000,0.118606
102.288000,0.118606
102.304000,0.118606
102.316000,0.129152
102.332000,0.130847
102.348000,0.130847
102.364000,0.119179
102.376000,0.116920
102.392000,0.138003
102.408000,0.138003
102.424000,0.121388
102.436000,0.119138
102.452000,0.119138
102.468000,0.150121
102.484000,0.121210
102.496000,0.121210
102.512000,0.121210
102.528000,0.113143
102.544000,0.112466
102.556000,0.131305
102.572000,0.131305
102.588000,0.116292
102.604000,0.116292
102.616000,0.116292
102.632000,0.121675
102.648000,0.121675
102.664000,0.121675
102.676000,0.111010
102.692000,0.118520
102.708000,0.155172
102.724000,0.117370
102.736000,0.114820
102.752000,0.114820
102.768000,0.114820
102.784000,0.108595
102.796000,0.130600
102.812000,0.130600
102.828000,0.114615
102.844000,0.110152
102.856000,0.110152
102.872000,0.139238
102.888000,0.118816
102.904000,0.115379
102.916000,0.115379
102.932000,0.105669
102.948000,0.121528
102.964000,0.121528
102.976000,0.121528
102.992000,0.105902
103.008000,0.105902
103.024000,0.105902
103.036000,0.109745
103.052000,0.109745
103.068000,0.109745
103.084000,0.104896
103.096000,0.103999
103.112000,0.129988
103.128000,0.129988
103.144000,0.107946
103.156000,0.107946
103.172000,0.107946
103.188000,0.103270
103.204000,0.123110
103.216000,0.123110
103.232000,0.123110
103.248000,0.104412
103.264000,0.104412
103.276000,0.133123
103.292000,0.113233
103.308000,0.113233
103.324000,0.113233
103.336000,0.101184
103.352000,0.122522
103.368000,0.122522
103.384000,0.122522
103.396000,0.105280
103.412000,0.105280
103.428000,0.105280
103.444000,0.114089
103.456000,0.114089
103.472000,0.114089
103.488000,0.114089
103.504000,0.098532
103.516000,0.122325
103.532000,0.122325
103.548000,0.105163
103.564000,0.106830
103.576000,0.106830
103.592000,0.145480
103.608000,0.108858
103.624000,0.108858
103.636000,0.108858
103.652000,0.111038
103.668000,0.122628
103.684000,0.122628
103.696000,0.122628
103.712000,0.098942
103.728000,0.098942
103.744000,0.098942
103.756000,0.115558
103.772000,0.115558
103.788000,0.115558
103.804000,0.095322
103.816000,0.095322
103.832000,0.127507
103.848000,0.106093
103.864000,0.106093
103.876000,0.106093
103.892000,0.106093
103.908000,0.094501
103.924000,0.113811
103.936000,0.113811
103.952000,0.099296
103.968000,0.100377
103.984000,0.100377
103.996000,0.137759
104.012000,0.104183
104.028000,0.104183
104.044000,0.104183
104.056000,0.096300
104.072000,0.106743
104.088000,0.106743
104.104000,0.099824
104.116000,0.098487
104.132000,0.098487
104.148000,0.127433
104.164000,0.106977
104.176000,0.106977
104.192000,0.106977
104.208000,0.098077
104.224000,0.098077
104.236000,0.118109
104.252000,0.118109
104.268000,0.105946
104.284000,0.105946
104.296000,0.105946
104.312000,0.111462
104.328000,0.111462
104.344000,0.111462
104.356000,0.104919
104.372000,0.104919
104.388000,0.129833
104.404000,0.111845
104.416000,0.110174
104.432000,0.110174
104.448000,0.110174
104.464000,0.108754
104.476000,0.117260
104.492000,0.117260
104.508000,0.117260
104.524000,0.109919
104.536000,0.109919
104.552000,0.129559
104.568000,0.114536
104.584000,0.113386
104.596000,0.113386
104.612000,0.113386
104.628000,0.126107
104.644000,0.126107
104.656000,0.126107
104.672000,0.114982
104.688000,0.115834
104.704000,0.115834
104.716000,0.135383
104.732000,0.121884
104.748000,0.121884
104.764000,0.117123
104.776000,0.117264
104.792000,0.132519
104.808000,0.132519
104.824000,0.120390
104.836000,0.120390
104.852000,0.120390
104.868000,0.127260
104.884000,0.124381
104.896000,0.124381
104.912000,0.124381
104.928000,0.118530
104.944000,0.118530
104.956000,0.138398
104.972000,0.122387
104.988000,0.122387
105.004000,0.122387
105.016000,0.117757
105.032000,0.132423
105.048000,0.132423
105.064000,0.120300
105.076000,0.119683
105.092000,0.119683
105.108000,0.140200
105.124000,0.127228
105.136000,0.127228
105.152000,0.127228
105.168000,0.119975
105.184000,0.119975
105.196000,0.138574
105.212000,0.125386
105.228000,0.126403
105.244000,0.126403
105.256000,0.126403
105.272000,0.132278
105.288000,0.132278
105.304000,0.132278
105.316000,0.120647
105.332000,0.120647
105.348000,0.149261
105.364000,0.130800
105.376000,0.127427
105.392000,0.127427
105.408000,0.127427
105.424000,0.114924
105.436000,0.136984
105.452000,0.136984
105.468000,0.117820
105.484000,0.115362
105.496000,0.115362
105.512000,0.143716
105.528000,0.122512
105.544000,0.122512
105.556000,0.122512
105.572000,0.109555
105.588000,0.133965
105.604000,0.133965
105.616000,0.136691
105.632000,0.114713
105.648000,0.114713
105.664000,0.114713
105.676000,0.122635
105.692000,0.122635
105.708000,0.122635
105.724000,0.110531
105.736000,0.110531
105.752000,0.148643
105.768000,0.120036
105.784000,0.115570
105.796000,0.115570
105.812000,0.115570
105.828000,0.099034
105.844000,0.131128
105.856000,0.131128
105.872000,0.097353
105.888000,0.097353
105.904000,0.097353
105.916000,0.130901
105.932000,0.111354
105.948000,0.111354
105.964000,0.111354
105.976000,0.092714
105.992000,0.126790
106.008000,0.126790
106.024000,0.107082
106.036000,0.102657
106.052000,0.102657
106.068000,0.146425
106.084000,0.105298
106.096000,0.105298
106.112000,0.105298
106.128000,0.090252
106.144000,0.087683
106.156000,0.122636
106.172000,0.104222
106.188000,0.099567
106.204000,0.099567
106.216000,0.099567
106.232000,0.121897
106.248000,0.121897
106.264000,0.121897
106.276000,0.084636
106.292000,0.084636
106.308000,0.119768
106.324000,0.109390
106.336000,0.103967
106.352000,0.103967
106.368000,0.103967
106.384000,0.081477
106.396000,0.112162
106.412000,0.112162
106.428000,0.093195
106.444000,0.093195
106.456000,0.093195
106.472000,0.098424
106.488000,0.093053
106.504000,0.093053
106.516000,0.084953
106.532000,0.083827
106.548000,0.120940
106.564000,0.120940
106.576000,0.089664
106.592000,0.089664
106.608000,0.089664
106.624000,0.082739
106.636000,0.115568
106.652000,0.115568
106.668000,0.087934
106.684000,0.086219
106.696000,0.086219
106.712000,0.118231
106.728000,0.096238
106.744000,0.096238
106.756000,0.096238
106.772000,0.090009
106.788000,0.108876
106.804000,0.108876
106.816000,0.108876
106.832000,0.095434
106.848000,0.095434
106.864000,0.095434
106.876000,0.101426
106.892000,0.101426
106.908000,0.101426
106.924000,0.101426
106.936000,0.099577
106.952000,0.117080
106.968000,0.117080
106.984000,0.104653
106.996000,0.104653
107.012000,0.104653
107.028000,0.132381
107.044000,0.110976
107.056000,0.110976
107.072000,0.110976
107.088000,0.113537
107.104000,0.111806
107.116000,0.125183
107.132000,0.125183
107.148000,0.117215
107.164000,0.117215
107.176000,0.117215
107.192000,0.128631
107.208000,0.128631
107.224000,0.128631
107.236000,0.122685
107.252000,0.123440
107.268000,0.139122
107.284000,0.128845
107.296000,0.128323
107.312000,0.128323
107.328000,0.128323
107.344000,0.133720
107.356000,0.136522
107.372000,0.136522
107.388000,0.132688
107.404000,0.132469
107.416000,0.132469
107.432000,0.149365
107.448000,0.137942
107.464000,0.137942
107.476000,0.137942
107.492000,0.138557
107.508000,0.149868
107.524000,0.149868
107.536000,0.142511
107.552000,0.142511
107.568000,0.142511
107.584000,0.142511
107.596000,0.148763
107.612000,0.148763
107.628000,0.148763
107.644000,0.145714
107.656000,0.145714
107.672000,0.160077
107.688000,0.151074
107.704000,0.149490
107.720000,0.149490
107.732000,0.149490
107.748000,0.155481
107.780000,0.155481
107.796000,0.147976
107.812000,0.147976
107.828000,0.171835
107.840000,0.154388
107.856000,0.154388
107.872000,0.154388
107.888000,0.148031
107.900000,0.148031
107.916000,0.168684
107.932000,0.152029
107.948000,0.150735
107.960000,0.150735
107.976000,0.150735
107.992000,0.161208
108.008000,0.161208
108.020000,0.161208
108.036000,0.148780
108.052000,0.147657
108.068000,0.168973
108.080000,0.168973
108.096000,0.148329
108.112000,0.148329
108.128000,0.148329
108.140000,0.142850
108.156000,0.158268
108.172000,0.158268
108.188000,0.158268
108.200000,0.143445
108.216000,0.141419
108.232000,0.167934
108.248000,0.149747
108.260000,0.148319
108.276000,0.148319
108.292000,0.148319
108.308000,0.153412
108.320000,0.153412
108.336000,0.143266
108.352000,0.136324
108.368000,0.136324
108.380000,0.136324
108.396000,0.155240
108.412000,0.145519
108.428000,0.145519
108.440000,0.145519
108.456000,0.121326
108.472000,0.150034
108.488000,0.150034
108.500000,0.150034
108.516000,0.121204
108.532000,0.121204
108.548000,0.137725
108.560000,0.135574
108.576000,0.135574
108.592000,0.135574
108.608000,0.108466
108.620000,0.108466
108.636000,0.141743
108.652000,0.122965
108.668000,0.120608
108.680000,0.120608
108.696000,0.120608
108.712000,0.117848
108.728000,0.117848
108.740000,0.117848
108.756000,0.101187
108.772000,0.101187
108.788000,0.101187
108.800000,0.141058
108.816000,0.096871
108.832000,0.096871
108.848000,0.096871
108.860000,0.084574
108.876000,0.114388
108.892000,0.114388
108.908000,0.083671
108.920000,0.083671
108.936000,0.083671
108.952000,0.103639
108.968000,0.103639
108.980000,0.103639
108.996000,0.074507
109.012000,0.074565
109.028000,0.093445
109.040000,0.093445
109.056000,0.102760
109.072000,0.102760
109.088000,0.102760
109.100000,0.071235
109.116000,0.082479
109.132000,0.082479
109.148000,0.082479
109.160000,0.070613
109.176000,0.070613
109.192000,0.106121
109.208000,0.069784
109.220000,0.069784
109.236000,0.069784
109.252000,0.068011
109.268000,0.084937
109.280000,0.084937
109.296000,0.084937
109.312000,0.067367
109.328000,0.067293
109.340000,0.067293
109.356000,0.097792
109.372000,0.068793
109.388000,0.068793
109.400000,0.068793
109.416000,0.072575
109.432000,0.081248
109.448000,0.081248
109.460000,0.072680
109.476000,0.070842
109.492000,0.070842
109.508000,0.076980
109.524000,0.091190
109.536000,0.091190
109.552000,0.091190
109.568000,0.080334
109.580000,0.080334
109.596000,0.086130
109.612000,0.079174
109.628000,0.079174
109.640000,0.079174
109.656000,0.085525
109.672000,0.088595
109.688000,0.088595
109.700000,0.084212
109.716000,0.085607
109.732000,0.085607
109.748000,0.093507
109.760000,0.092882
109.776000,0.092882
109.792000,0.092882
109.808000,0.095081
109.820000,0.095081
109.836000,0.101592
109.852000,0.103132
109.868000,0.096494
109.880000,0.096494
109.896000,0.096494
109.912000,0.105693
109.928000,0.105693
109.940000,0.105693
109.956000,0.104628
109.972000,0.104628
109.988000,0.122930
110.000000,0.112853
110.016000,0.111508
110.032000,0.111508
110.048000,0.111508
110.060000,0.113142
110.076000,0.123048
110.092000,0.123048
110.108000,0.120704
110.120000,0.120704
110.136000,0.120704
110.152000,0.120704
110.168000,0.127336
110.180000,0.127336
110.196000,0.127336
110.212000,0.128324
110.228000,0.139554
110.240000,0.139554
110.256000,0.132033
110.272000,0.132033
110.288000,0.132033
110.300000,0.134122
110.316000,0.141107
110.332000,0.141107
110.348000,0.141107
110.360000,0.135828
110.376000,0.135828
110.392000,0.158423
110.408000,0.142030
110.420000,0.142030
110.436000,0.142030
110.452000,0.137998
110.468000,0.175548
110.480000,0.175548
110.496000,0.175548
110.512000,0.144966
110.528000,0.144966
110.540000,0.144966
110.556000,0.154061
110.572000,0.151257
110.588000,0.151257
110.600000,0.151257
110.616000,0.140931
110.632000,0.166974
110.648000,0.166974
110.660000,0.166974
110.676000,0.142297
110.692000,0.142297
110.708000,0.171853
110.720000,0.158547
110.736000,0.151090
110.752000,0.151090
110.768000,0.151090
110.780000,0.136136
110.796000,0.162976
110.812000,0.162976
110.828000,0.139721
110.840000,0.139721
110.856000,0.139721
110.872000,0.150743
110.892000,0.145764
110.900000,0.145764
110.916000,0.145764
110.932000,0.132220
110.948000,0.166750
110.960000,0.166750
110.976000,0.140754
110.992000,0.140754
111.008000,0.140754
111.020000,0.129736
111.036000,0.159543
111.052000,0.159543
111.068000,0.131374
111.080000,0.122397
111.096000,0.122397
111.112000,0.159675
111.128000,0.143684
111.140000,0.143684
111.156000,0.143684
111.172000,0.122429
111.188000,0.122429
111.200000,0.162793
111.216000,0.131359
111.232000,0.134557
111.248000,0.129186
111.260000,0.129186
111.276000,0.175473
111.292000,0.154279
111.308000,0.154279
111.320000,0.154279
111.336000,0.107023
111.352000,0.148307
111.368000,0.127302
111.380000,0.116246
111.396000,0.116246
111.412000,0.116246
111.428000,0.136900
111.440000,0.136900
111.456000,0.136900
111.472000,0.098173
111.488000,0.093419
111.500000,0.093419
111.516000,0.113786
111.532000,0.108020
111.548000,0.108020
111.560000,0.108020
111.576000,0.084723
111.592000,0.120613
111.608000,0.120613
111.620000,0.103860
111.636000,0.093306
111.652000,0.093306
111.668000,0.078940
111.680000,0.095760
111.696000,0.095760
111.712000,0.095760
111.728000,0.084205
111.740000,0.084205
111.756000,0.123095
111.772000,0.088073
111.788000,0.088073
111.800000,0.088073
111.816000,0.080252
111.832000,0.106789
111.848000,0.101239
111.860000,0.101239
111.876000,0.101239
111.892000,0.080991
111.908000,0.113976
111.920000,0.113976
111.936000,0.083348
111.952000,0.083348
111.968000,0.083348
111.980000,0.083348
111.996000,0.098127
112.012000,0.098127
112.028000,0.098127
112.040000,0.084018
112.056000,0.084018
112.072000,0.105906
112.088000,0.105906
112.100000,0.091058
112.116000,0.091058
112.132000,0.091058
112.148000,0.100121
112.160000,0.100121
112.176000,0.100121
112.192000,0.097123
112.208000,0.097123
112.220000,0.097123
112.236000,0.103752
112.252000,0.103409
112.268000,0.103409
112.280000,0.103409
112.296000,0.111868
112.312000,0.111475
112.328000,0.111475
112.340000,0.111978
112.356000,0.111978
112.372000,0.111978
112.388000,0.116178
112.400000,0.115662
112.416000,0.115662
112.432000,0.115662
112.448000,0.121754
112.460000,0.121754
112.476000,0.125068
112.492000,0.125084
112.508000,0.125084
112.520000,0.125084
112.536000,0.125084
112.552000,0.131022
112.568000,0.131022
112.580000,0.131022
112.596000,0.133146
112.612000,0.132994
112.628000,0.143859
112.640000,0.143859
112.656000,0.137777
112.672000,0.137140
112.688000,0.137140
112.700000,0.137140
112.716000,0.142319
112.732000,0.142319
112.748000,0.142319
112.760000,0.142319
112.776000,0.146062
112.792000,0.149751
112.808000,0.146096
112.820000,0.148833
112.836000,0.148833
112.852000,0.148833
112.868000,0.152272
112.880000,0.150660
112.896000,0.150660
112.912000,0.149792
112.928000,0.149792
112.940000,0.149792
112.956000,0.152649
112.972000,0.151580
112.988000,0.151580
113.000000,0.151580
113.016000,0.151248
113.032000,0.159514
113.048000,0.159514
113.060000,0.150246
113.076000,0.150246
113.092000,0.150246
113.108000,0.154429
113.120000,0.154429
113.136000,0.154429
113.152000,0.148697
113.168000,0.147723
113.180000,0.147723
113.196000,0.168849
113.212000,0.149669
113.228000,0.149669
113.240000,0.149669
113.256000,0.143627
113.272000,0.163253
113.288000,0.163253
113.300000,0.143056
113.316000,0.143056
113.332000,0.143056
113.348000,0.153320
113.360000,0.155166
113.376000,0.155166
113.392000,0.155166
113.408000,0.137676
113.420000,0.137676
113.436000,0.161533
113.452000,0.144226
113.468000,0.143064
113.480000,0.143064
113.496000,0.129641
113.512000,0.143210
113.528000,0.143210
113.540000,0.143210
113.556000,0.132830
113.572000,0.129792
113.588000,0.161210
113.600000,0.161210
113.616000,0.131510
113.632000,0.131510
113.648000,0.131510
113.660000,0.117104
113.676000,0.142972
113.692000,0.142972
113.708000,0.120641
113.720000,0.120641
113.736000,0.120641
113.752000,0.138005
113.768000,0.138005
113.780000,0.138005
113.796000,0.121703
113.812000,0.113987
113.828000,0.151972
113.840000,0.122251
113.856000,0.122251
113.872000,0.122251
113.888000,0.122251
113.900000,0.101546
113.916000,0.132834
113.932000,0.132834
113.948000,0.106366
113.960000,0.106366
113.976000,0.106366
113.992000,0.128622
114.008000,0.122874
114.020000,0.122874
114.036000,0.097891
114.052000,0.094771
114.068000,0.129575
114.080000,0.129575
114.096000,0.103438
114.112000,0.103438
114.128000,0.103438
114.140000,0.083582
114.156000,0.108842
114.172000,0.108842
114.188000,0.092306
114.200000,0.090728
114.216000,0.090728
114.232000,0.132678
114.248000,0.095249
114.260000,0.095249
114.276000,0.095249
114.292000,0.095249
114.308000,0.101223
114.320000,0.101223
114.336000,0.101223
114.352000,0.099265
114.372000,0.080389
114.380000,0.080389
114.396000,0.122297
114.412000,0.086930
114.428000,0.086930
114.440000,0.086930
114.456000,0.089712
114.472000,0.102394
114.488000,0.102394
114.500000,0.102394
114.516000,0.078261
114.532000,0.078261
114.548000,0.115288
114.560000,0.090995
114.576000,0.083020
114.592000,0.083020
114.608000,0.083020
114.620000,0.076173
114.636000,0.096938
114.652000,0.096938
114.668000,0.078499
114.680000,0.078499
114.696000,0.078499
114.712000,0.106570
114.728000,0.106570
114.740000,0.106570
114.756000,0.081566
114.772000,0.082256
114.788000,0.100655
114.800000,0.100655
114.816000,0.087340
114.832000,0.087340
114.848000,0.087340
114.860000,0.088035
114.876000,0.100054
114.892000,0.100054
114.908000,0.090630
114.920000,0.090630
114.936000,0.090630
114.952000,0.100161
114.968000,0.099126
114.980000,0.099126
114.996000,0.095566
115.012000,0.095172
115.028000,0.095172
115.040000,0.103211
115.056000,0.113318
115.072000,0.113318
115.088000,0.113318
115.100000,0.105990
115.116000,0.112875
115.132000,0.112875
115.148000,0.107130
115.160000,0.107130
115.176000,0.107130
115.192000,0.130306
115.208000,0.113300
115.220000,0.113300
115.236000,0.113300
115.252000,0.112853
115.268000,0.126886
115.280000,0.126886
115.296000,0.126886
115.312000,0.115581
115.328000,0.115581
115.340000,0.115581
115.356000,0.124782
115.372000,0.122617
115.388000,0.122617
115.400000,0.119182
115.416000,0.120253
115.432000,0.130938
115.448000,0.130938
115.460000,0.121829
115.476000,0.121829
115.492000,0.121829
115.508000,0.128284
115.520000,0.128284
115.536000,0.128284
115.552000,0.129085
115.568000,0.124207
115.580000,0.124207
115.596000,0.140864
115.612000,0.128430
115.628000,0.128430
115.640000,0.128430
115.656000,0.127652
115.672000,0.131143
115.688000,0.129249
115.700000,0.129249
115.716000,0.126469
115.732000,0.126051
115.748000,0.126051
115.760000,0.148319
115.776000,0.127675
115.792000,0.127675
115.808000,0.127675
115.820000,0.126547
115.836000,0.137884
115.852000,0.137884
115.868000,0.127930
115.880000,0.126850
115.896000,0.126850
115.912000,0.149842
115.928000,0.133429
115.940000,0.133429
115.956000,0.133429
115.972000,0.124965
115.988000,0.134284
116.000000,0.134284
116.016000,0.138925
116.032000,0.125607
116.048000,0.125607
116.060000,0.125607
116.076000,0.130262
116.092000,0.130262
116.108000,0.130262
116.120000,0.122143
116.140000,0.122143
116.152000,0.148677
116.168000,0.125027
116.180000,0.121827
116.196000,0.121827
116.212000,0.118013
116.228000,0.115121
116.240000,0.133748
116.256000,0.133748
116.272000,0.115121
116.288000,0.115121
116.300000,0.115121
116.316000,0.131111
116.332000,0.127000
116.348000,0.127000
116.360000,0.127000
116.376000,0.111117
116.392000,0.139185
116.408000,0.120153
116.420000,0.120153
116.436000,0.120153
116.452000,0.120153
116.468000,0.101916
116.480000,0.120723
116.496000,0.120723
116.512000,0.105532
116.528000,0.104258
116.540000,0.104258
116.556000,0.139468
116.572000,0.106648
116.588000,0.106648
116.600000,0.106648
116.616000,0.094928
116.632000,0.119335
116.648000,0.119335
116.660000,0.119335
116.676000,0.093420
116.692000,0.093420
116.708000,0.093420
116.720000,0.132531
116.736000,0.132531
116.752000,0.132531
116.768000,0.085482
116.780000,0.085482
116.796000,0.112654
116.812000,0.095504
116.828000,0.098076
116.840000,0.098076
116.856000,0.098076
116.872000,0.098769
116.888000,0.098769
116.900000,0.098769
116.916000,0.085732
116.932000,0.085732
116.948000,0.123529
116.960000,0.097275
116.976000,0.092859
116.992000,0.092859
117.008000,0.092859
117.020000,0.084463
117.036000,0.121961
117.052000,0.121961
117.068000,0.085041
117.080000,0.085041
117.096000,0.085041
117.112000,0.099028
117.128000,0.099028
117.140000,0.099028
117.156000,0.087301
117.172000,0.088907
117.188000,0.128379
117.200000,0.128379
117.216000,0.093248
117.232000,0.093248
117.248000,0.093248
117.260000,0.084792
117.276000,0.109195
117.292000,0.109195
117.308000,0.087214
117.320000,0.087214
117.340000,0.087214
117.352000,0.120025
117.368000,0.097817
117.380000,0.097817
117.396000,0.097817
117.412000,0.088887
117.428000,0.103246
117.440000,0.103246
117.456000,0.094027
117.472000,0.090786
117.488000,0.090786
117.500000,0.090786
117.516000,0.105177
117.532000,0.105177
117.548000,0.105177
117.560000,0.094477
117.576000,0.095379
117.592000,0.111980
117.608000,0.111980
117.620000,0.100287
117.636000,0.100287
117.652000,0.100287
117.668000,0.109064
117.680000,0.106327
117.696000,0.106327
117.712000,0.101315
117.728000,0.107983
117.740000,0.107983
117.756000,0.109927
117.772000,0.107864
117.788000,0.107864
117.800000,0.107864
117.816000,0.105916
117.832000,0.136213
117.848000,0.136213
117.860000,0.110908
117.876000,0.109790
117.892000,0.109790
117.908000,0.120107
117.920000,0.121476
117.936000,0.121476
117.952000,0.121476
117.968000,0.114721
117.980000,0.114721
117.996000,0.132581
118.012000,0.120381
118.028000,0.120381
118.040000,0.120381
118.056000,0.117912
118.072000,0.126214
118.088000,0.126214
118.100000,0.126214
118.116000,0.119917
118.132000,0.120276
118.148000,0.146471
118.160000,0.125053
118.176000,0.122100
118.192000,0.122100
118.208000,0.122100
118.220000,0.121576
118.236000,0.136974
118.252000,0.136974
118.268000,0.125536
118.280000,0.125536
118.296000,0.125536
118.312000,0.134900
118.332000,0.136463
118.340000,0.136463
118.356000,0.136463
118.372000,0.125925
118.388000,0.141423
118.400000,0.141423
118.416000,0.132213
118.432000,0.133179
118.448000,0.133179
118.460000,0.133179
118.476000,0.135860
118.492000,0.135860
118.508000,0.135860
118.520000,0.128004
118.536000,0.124811
118.552000,0.148442
118.568000,0.148442
118.580000,0.125869
118.596000,0.128998
118.612000,0.128998
118.628000,0.138691
118.640000,0.132071
118.656000,0.132071
118.672000,0.132071
118.688000,0.124961
118.700000,0.124961
118.716000,0.154223
118.732000,0.135860
118.748000,0.132505
118.760000,0.132505
118.776000,0.120446
118.792000,0.143816
118.808000,0.143816
118.820000,0.143816
118.836000,0.122081
118.852000,0.122081
118.868000,0.148979
118.880000,0.132324
118.896000,0.132324
118.912000,0.132324
118.928000,0.122128
118.940000,0.117136
118.956000,0.146193
118.972000,0.121011
118.988000,0.117522
119.000000,0.117522
119.016000,0.117522
119.032000,0.131871
119.048000,0.127641
119.060000,0.127641
119.076000,0.127641
119.092000,0.112700
119.108000,0.144089
119.120000,0.144089
119.136000,0.124012
119.152000,0.117133
119.168000,0.117133
119.180000,0.117133
119.196000,0.133701
119.212000,0.133701
119.228000,0.133701
119.240000,0.111483
119.256000,0.111483
119.272000,0.144332
119.288000,0.116634
119.300000,0.116634
119.316000,0.116634
119.332000,0.100027
119.348000,0.127574
119.360000,0.127574
119.376000,0.104718
119.392000,0.100739
119.408000,0.100739
119.420000,0.100739
119.436000,0.110680
119.452000,0.110680
119.468000,0.110680
119.480000,0.095797
119.496000,0.109118
119.512000,0.153022
119.528000,0.105172
119.540000,0.101446
119.556000,0.101446
119.572000,0.101446
119.588000,0.108808
119.600000,0.108808
119.616000,0.108808
119.632000,0.094304
119.648000,0.094304
119.660000,0.094304
119.676000,0.104355
119.692000,0.099588
119.708000,0.099588
119.720000,0.099588
119.736000,0.085655
119.752000,0.107469
119.768000,0.107469
119.780000,0.085882
119.796000,0.085882
119.812000,0.085882
119.828000,0.097608
119.840000,0.097608
119.856000,0.097608
119.872000,0.085582
119.888000,0.092713
119.900000,0.092713
119.916000,0.133175
119.932000,0.094940
119.952000,0.094940
119.960000,0.094940
119.976000,0.090217
119.992000,0.103846
120.008000,0.103846
120.020000,0.094935
120.036000,0.093130
120.052000,0.093130
120.068000,0.111839
120.080000,0.098882
120.096000,0.094896
120.112000,0.094896
120.128000,0.090698
120.140000,0.091804
120.156000,0.100832
120.172000,0.100832
120.188000,0.093274
120.200000,0.093274
120.216000,0.093171
120.232000,0.112320
120.248000,0.099256
120.260000,0.097265
120.276000,0.097265
120.292000,0.097265
120.308000,0.103978
120.320000,0.105121
120.336000,0.105121
120.352000,0.101688
120.368000,0.101531
120.380000,0.101531
120.396000,0.124127
120.412000,0.108308
120.428000,0.108308
120.440000,0.108308
120.456000,0.130783
120.472000,0.130783
120.488000,0.130783
120.500000,0.108839
120.516000,0.108884
120.532000,0.128286
120.548000,0.115957
120.560000,0.117147
120.576000,0.117147
120.592000,0.117147
120.608000,0.133853
120.620000,0.133853
120.636000,0.133853
120.652000,0.118255
120.668000,0.116980
120.680000,0.116980
120.696000,0.140183
120.712000,0.124004
120.728000,0.124004
120.740000,0.124004
120.756000,0.121224
120.772000,0.137175
120.788000,0.137175
120.800000,0.127902
120.816000,0.126941
120.832000,0.126941
120.848000,0.153169
120.860000,0.134677
120.876000,0.134677
120.892000,0.134677
120.908000,0.123728
120.920000,0.123728
120.936000,0.143401
120.952000,0.132278
120.968000,0.131168
120.980000,0.131168
120.996000,0.131168
121.012000,0.139650
121.028000,0.139650
121.040000,0.139650
121.056000,0.126650
121.072000,0.124920
121.088000,0.150320
121.100000,0.150320
121.116000,0.133144
121.132000,0.133144
121.148000,0.133144
121.160000,0.125199
121.176000,0.146422
121.192000,0.146422
121.208000,0.129628
121.220000,0.141161
121.236000,0.141161
121.252000,0.181610
121.268000,0.129663
121.280000,0.129663
121.296000,0.129663
121.312000,0.120568
121.328000,0.146336
121.340000,0.146336
121.356000,0.130435
121.372000,0.127001
121.388000,0.127001
121.400000,0.127001
121.416000,0.137809
121.432000,0.137809
121.448000,0.137809
121.460000,0.120244
121.476000,0.115208
121.492000,0.142302
121.508000,0.130524
121.520000,0.125193
121.536000,0.125193
121.552000,0.125193
121.568000,0.143215
121.580000,0.143215
121.596000,0.143215
121.612000,0.120888
121.628000,0.119527
121.640000,0.119527
121.656000,0.155640
121.672000,0.126273
121.688000,0.122484
121.700000,0.122484
121.716000,0.122484
121.732000,0.124194
121.748000,0.124194
121.760000,0.124194
121.776000,0.124194
121.792000,0.106873
121.808000,0.127698
121.820000,0.127698
121.836000,0.127698
121.852000,0.120916
121.868000,0.120916
121.880000,0.120916
121.896000,0.131375
121.912000,0.131375
121.928000,0.131375
121.940000,0.107879
121.956000,0.107879
121.972000,0.142467
121.988000,0.128456
122.000000,0.128456
122.016000,0.125006
122.032000,0.125006
122.048000,0.125866
122.060000,0.125866
122.076000,0.125866
122.092000,0.125866
122.108000,0.106582
122.120000,0.106582
122.136000,0.144808
122.152000,0.114470
122.168000,0.109216
122.180000,0.109216
122.196000,0.109216
122.212000,0.123643
122.228000,0.123643
122.240000,0.123643
122.256000,0.104054
122.272000,0.100540
122.288000,0.133667
122.300000,0.108823
122.320000,0.105324
122.332000,0.105324
122.348000,0.097673
122.360000,0.097072
122.380000,0.124547
122.392000,0.124547
122.408000,0.103222
122.420000,0.103222
122.436000,0.103222
122.452000,0.114986
122.468000,0.114986
122.480000,0.114986
122.496000,0.097633
122.512000,0.095741
122.528000,0.117881
122.540000,0.117881
122.556000,0.121035
122.572000,0.103262
122.588000,0.103262
122.600000,0.096087
122.616000,0.110802
122.632000,0.110802
122.648000,0.100695
122.660000,0.098181
122.676000,0.098181
122.692000,0.125805
122.708000,0.103278
122.720000,0.103278
122.736000,0.103278
122.752000,0.099333
122.768000,0.123838
122.780000,0.123838
122.796000,0.123838
122.812000,0.102765
122.828000,0.102765
122.840000,0.102765
122.856000,0.114010
122.872000,0.109920
122.888000,0.109920
122.900000,0.109920
122.916000,0.102785
122.932000,0.117351
122.948000,0.117351
122.960000,0.108802
122.976000,0.106675
122.992000,0.106675
123.008000,0.113971
123.020000,0.113971
123.036000,0.113971
123.052000,0.107562
123.068000,0.107111
123.080000,0.107111
123.096000,0.135511
123.112000,0.112044
123.128000,0.112044
123.140000,0.112044
123.156000,0.110205
123.172000,0.126618
123.188000,0.126618
123.200000,0.126618
123.216000,0.113804
123.232000,0.113863
123.248000,0.139507
123.260000,0.123762
123.276000,0.118047
123.292000,0.118047
123.308000,0.118047
123.320000,0.114381
123.336000,0.130002
123.352000,0.130002
123.368000,0.116456
123.380000,0.116456
123.396000,0.116456
123.412000,0.124845
123.428000,0.123784
123.440000,0.123784
123.456000,0.123784
123.472000,0.119556
123.488000,0.121502
123.500000,0.127099
123.516000,0.127099
123.532000,0.120907
123.548000,0.120907
123.560000,0.120907
123.576000,0.130153
123.592000,0.127959
123.608000,0.127959
123.620000,0.123438
123.636000,0.122624
123.652000,0.140965
123.668000,0.140965
123.680000,0.121712
123.696000,0.121712
123.712000,0.121712
123.728000,0.120141
123.740000,0.128929
123.756000,0.128929
123.772000,0.119347
123.788000,0.125111
123.800000,0.125111
123.816000,0.159176
123.832000,0.124196
123.848000,0.124196
123.860000,0.124196
123.876000,0.118623
123.892000,0.127170
123.908000,0.127170
123.920000,0.127170
123.936000,0.119152
123.952000,0.119152
123.968000,0.130958
123.980000,0.125109
123.996000,0.125109
124.012000,0.125109
124.028000,0.117570
124.040000,0.117570
124.056000,0.137659
124.072000,0.124146
124.088000,0.118169
124.100000,0.118169
124.116000,0.118169
124.132000,0.128682
124.148000,0.128682
124.160000,0.128682
124.176000,0.114404
124.192000,0.113358
124.208000,0.113358
124.220000,0.125321
124.236000,0.121958
124.252000,0.121958
124.268000,0.111595
124.280000,0.111595
124.296000,0.126939
124.312000,0.115962
124.328000,0.117293
124.340000,0.117293
124.356000,0.117293
124.372000,0.124112
124.388000,0.124112
124.400000,0.124112
124.416000,0.113834
124.432000,0.113834
124.448000,0.144598
124.460000,0.119601
124.476000,0.115503
124.492000,0.115503
124.508000,0.106680
124.520000,0.106680
124.536000,0.126977
124.552000,0.126977
124.568000,0.110151
124.580000,0.110151
124.596000,0.110151
124.612000,0.118261
124.628000,0.120697
124.640000,0.120697
124.656000,0.120697
124.672000,0.105323
124.688000,0.105323
124.700000,0.132777
124.716000,0.109372
124.732000,0.109372
124.748000,0.109372
124.760000,0.103383
124.776000,0.125663
124.792000,0.125663
124.808000,0.105961
124.820000,0.106864
124.836000,0.106864
124.852000,0.139479
124.868000,0.103739
124.880000,0.103739
124.896000,0.103739
124.912000,0.100686
124.928000,0.106834
124.940000,0.142991
124.956000,0.142991
124.972000,0.102710
124.988000,0.102710
125.000000,0.102710
125.016000,0.114019
125.032000,0.114019
125.048000,0.114019
125.060000,0.099738
125.076000,0.099528
125.092000,0.118122
125.108000,0.108646
125.120000,0.107484
125.136000,0.107484
125.152000,0.107484
125.168000,0.115159
125.180000,0.115159
125.196000,0.115159
125.212000,0.115159
125.228000,0.102559
125.240000,0.102559
125.256000,0.132657
125.272000,0.104387
125.288000,0.101884
125.300000,0.101884
125.316000,0.101884
125.332000,0.110426
125.348000,0.110426
125.360000,0.110426
125.376000,0.099872
125.392000,0.099872
125.408000,0.099872
125.420000,0.111442
125.436000,0.105285
125.452000,0.105285
125.468000,0.099440
125.480000,0.100454
125.496000,0.113076
125.512000,0.113076
125.528000,0.115229
125.540000,0.115229
125.556000,0.115229
125.572000,0.115945
125.588000,0.112608
125.600000,0.112608
125.616000,0.112608
125.632000,0.102536
125.648000,0.124594
125.660000,0.124594
125.676000,0.106723
125.692000,0.104513
125.708000,0.104513
125.720000,0.104513
125.736000,0.113651
125.752000,0.113651
125.768000,0.113651
125.780000,0.103928
125.796000,0.103341
125.812000,0.129447
125.828000,0.129447
125.840000,0.107874
125.856000,0.107874
125.872000,0.107874
125.888000,0.124292
125.900000,0.120433
125.916000,0.120433
125.932000,0.120433
125.948000,0.106638
125.960000,0.106638
125.976000,0.130640
125.992000,0.117004
126.008000,0.114378
126.020000,0.114378
126.036000,0.108634
126.052000,0.127013
126.072000,0.127013
126.080000,0.127013
126.096000,0.109853
126.112000,0.109853
126.128000,0.143587
126.140000,0.126920
126.156000,0.118869
126.172000,0.118869
126.188000,0.107775
126.200000,0.107083
126.216000,0.134192
126.232000,0.134192
126.248000,0.111091
126.260000,0.111091
126.276000,0.111091
126.292000,0.127040
126.308000,0.123017
126.320000,0.123017
126.336000,0.119405
126.352000,0.107990
126.368000,0.107990
126.380000,0.132165
126.396000,0.117915
126.412000,0.117915
126.428000,0.117915
126.440000,0.108791
126.456000,0.126589
126.472000,0.126589
126.488000,0.123571
126.500000,0.108891
126.516000,0.108891
126.532000,0.119829
126.548000,0.112600
126.560000,0.112600
126.576000,0.112600
126.592000,0.104293
126.608000,0.130305
126.620000,0.130305
126.636000,0.109472
126.652000,0.107094
126.668000,0.107094
126.680000,0.107094
126.696000,0.120038
126.712000,0.120038
126.728000,0.120038
126.740000,0.103873
126.756000,0.103873
126.772000,0.130190
126.788000,0.118511
126.800000,0.114952
126.816000,0.114952
126.832000,0.114952
126.848000,0.123060
126.860000,0.123060
126.876000,0.123060
126.892000,0.107581
126.908000,0.104868
126.920000,0.104868
126.936000,0.138846
126.952000,0.109388
126.968000,0.109388
126.980000,0.109388
126.996000,0.100339
127.012000,0.130232
127.028000,0.130232
127.040000,0.104789
127.056000,0.104789
127.072000,0.104789
127.088000,0.140220
127.100000,0.140220
127.116000,0.140220
127.132000,0.102136
127.148000,0.100787
127.160000,0.100787
127.176000,0.113808
127.192000,0.131041
127.208000,0.131041
127.220000,0.131041
127.236000,0.101307
127.252000,0.128074
127.268000,0.128074
127.280000,0.102456
127.296000,0.102456
127.312000,0.102456
127.328000,0.118034
127.340000,0.118034
127.356000,0.118034
127.372000,0.098798
127.388000,0.098798
127.400000,0.098798
127.416000,0.133099
127.432000,0.114437
127.448000,0.114437
127.460000,0.114437
127.476000,0.094517
127.492000,0.114330
127.508000,0.114330
127.520000,0.103878
127.536000,0.100981
127.552000,0.100981
127.568000,0.122133
127.580000,0.113335
127.596000,0.113335
127.612000,0.113335
127.628000,0.097304
127.640000,0.096728
127.656000,0.118322
127.672000,0.118322
127.688000,0.100584
127.700000,0.100584
127.716000,0.100584
127.732000,0.116805
127.748000,0.116805
127.760000,0.116805
127.776000,0.099357
127.792000,0.094986
127.808000,0.124619
127.820000,0.103404
127.836000,0.097051
127.852000,0.097051
127.868000,0.097051
127.880000,0.095091
127.896000,0.111883
127.912000,0.111883
127.928000,0.098590
127.940000,0.098590
127.956000,0.098590
127.972000,0.129669
127.988000,0.107781
128.000000,0.107781
128.016000,0.107781
128.032000,0.102799
128.048000,0.113871
128.060000,0.113871
128.076000,0.100275
128.092000,0.101613
128.108000,0.101613
128.120000,0.101613
128.136000,0.108817
128.152000,0.108817
128.168000,0.108817
128.180000,0.098634
128.196000,0.098634
128.212000,0.123309
128.228000,0.123309
128.240000,0.123309
128.256000,0.109672
128.272000,0.100372
128.288000,0.122244
128.300000,0.106270
128.316000,0.104817
128.332000,0.104817
128.348000,0.104817
128.360000,0.104295
128.376000,0.118974
128.392000,0.118974
128.408000,0.107732
128.420000,0.107732
128.436000,0.107732
128.452000,0.120362
128.468000,0.112356
128.480000,0.112356
128.496000,0.112356
128.512000,0.105584
128.528000,0.117988
128.540000,0.117988
128.556000,0.109653
128.572000,0.109653
128.588000,0.109653
128.604000,0.106590
128.616000,0.111918
128.632000,0.111918
128.648000,0.106406
128.660000,0.105903
128.676000,0.105903
128.692000,0.124475
128.708000,0.112880
128.720000,0.114316
128.736000,0.114316
128.752000,0.114316
128.768000,0.123238
128.780000,0.123238
128.796000,0.123238
128.812000,0.111570
128.828000,0.111570
128.840000,0.111570
128.856000,0.136707
128.872000,0.116057
128.888000,0.116057
128.900000,0.116057
128.916000,0.108800
128.932000,0.131060
128.948000,0.112700
128.960000,0.114259
128.976000,0.114259
128.992000,0.114259
129.008000,0.109875
129.020000,0.117908
129.036000,0.117908
129.052000,0.110576
129.068000,0.110576
129.080000,0.132728
129.096000,0.114605
129.112000,0.112776
129.128000,0.112776
129.140000,0.112776
129.156000,0.124517
129.172000,0.124517
129.188000,0.124517
129.200000,0.113776
129.216000,0.112895
129.232000,0.139092
129.248000,0.123998
129.260000,0.123998
129.276000,0.123998
129.292000,0.111141
129.308000,0.127914
129.320000,0.127914
129.336000,0.127914
129.352000,0.114280
129.368000,0.114280
129.380000,0.114280
129.396000,0.128989
129.412000,0.128989
129.428000,0.128989
129.440000,0.112002
129.456000,0.112002
129.472000,0.137089
129.488000,0.123327
129.500000,0.117748
129.516000,0.117748
129.532000,0.117748
129.548000,0.127923
129.560000,0.127923
129.576000,0.127923
129.592000,0.117766
129.608000,0.115036
129.620000,0.115036
129.636000,0.140519
129.652000,0.125253
129.668000,0.125253
129.680000,0.125253
129.696000,0.113834
129.712000,0.131983
129.728000,0.131983
129.740000,0.131983
129.756000,0.116537
129.772000,0.116537
129.788000,0.137656
129.800000,0.133518
129.816000,0.133518
129.832000,0.133518
129.848000,0.117164
129.860000,0.117164
129.876000,0.143699
129.892000,0.129895
129.908000,0.126864
129.920000,0.126864
129.936000,0.118484
129.952000,0.138394
129.968000,0.138394
129.980000,0.138394
129.996000,0.124949
130.012000,0.123396
130.028000,0.123396
130.040000,0.150530
130.056000,0.130182
130.072000,0.130182
130.088000,0.130182
130.100000,0.117822
130.116000,0.135015
130.132000,0.135015
130.148000,0.119324
130.160000,0.118392
130.176000,0.118392
130.192000,0.150624
130.208000,0.122263
130.220000,0.122263
130.236000,0.122263
130.252000,0.114115
130.268000,0.133680
130.280000,0.133680
130.296000,0.133680
130.312000,0.114419
130.328000,0.114419
130.340000,0.114419
130.356000,0.131221
130.372000,0.127272
130.388000,0.127272
130.400000,0.113497
130.416000,0.112566
130.432000,0.134831
130.448000,0.134831
130.460000,0.114556
130.476000,0.114556
130.492000,0.114556
130.508000,0.105356
130.520000,0.117182
130.536000,0.117182
130.552000,0.106456
130.568000,0.105693
130.580000,0.105693
130.596000,0.135979
130.612000,0.108137
130.628000,0.108137
130.640000,0.108137
130.656000,0.100736
130.672000,0.114468
130.688000,0.114468
130.700000,0.114468
130.716000,0.101091
130.732000,0.101091
130.748000,0.129660
130.760000,0.113485
130.776000,0.109998
130.792000,0.109998
130.808000,0.100637
130.820000,0.100032
130.836000,0.123501
130.852000,0.123501
130.868000,0.098347
130.880000,0.098347
130.896000,0.098347
130.912000,0.103599
130.928000,0.103599
130.940000,0.103599
130.956000,0.103599
130.972000,0.091042
130.988000,0.091042
131.000000,0.116679
131.016000,0.094323
131.032000,0.096337
131.048000,0.096337
131.060000,0.096337
131.076000,0.092920
131.092000,0.092920
131.108000,0.092920
131.120000,0.089134
131.136000,0.089020
131.152000,0.109620
131.168000,0.100412
131.180000,0.094737
131.196000,0.094737
131.212000,0.091016
131.228000,0.110687
131.240000,0.110687
131.256000,0.092385
131.272000,0.088293
131.288000,0.088293
131.300000,0.088293
131.316000,0.095561
131.332000,0.098360
131.348000,0.098360
131.360000,0.098360
131.376000,0.087130
131.392000,0.099897
131.408000,0.099897
131.420000,0.088986
131.436000,0.087513
131.452000,0.087513
131.468000,0.087513
131.480000,0.091214
131.496000,0.091214
131.512000,0.091214
131.528000,0.089400
131.540000,0.089400
131.556000,0.109435
131.572000,0.096042
131.588000,0.094429
131.600000,0.094429
131.616000,0.093416
131.632000,0.110816
131.648000,0.110816
131.660000,0.099183
131.676000,0.096472
131.692000,0.096472
131.708000,0.097913
131.720000,0.107647
131.736000,0.107647
131.752000,0.107647
131.768000,0.096376
131.780000,0.096376
131.796000,0.120871
131.812000,0.100627
131.828000,0.102825
131.840000,0.102825
131.856000,0.102825
131.872000,0.111947
131.888000,0.109447
131.900000,0.109447
131.916000,0.110961
131.932000,0.104062
131.948000,0.127463
131.960000,0.127463
131.976000,0.111528
131.992000,0.111528
132.008000,0.111528
132.020000,0.110535
132.036000,0.139872
132.052000,0.139872
132.068000,0.112700
132.080000,0.111815
132.096000,0.111815
132.112000,0.136342
132.128000,0.121663
132.140000,0.121663
132.156000,0.121663
132.172000,0.113227
132.188000,0.129712
132.200000,0.129712
132.216000,0.129712
132.232000,0.116288
132.248000,0.116288
132.260000,0.116288
132.276000,0.125795
132.292000,0.125795
132.308000,0.125795
132.320000,0.125795
132.336000,0.119115
132.352000,0.140196
132.368000,0.140196
132.380000,0.125702
132.396000,0.125702
132.412000,0.125702
132.428000,0.136112
132.440000,0.131208
132.456000,0.131208
132.472000,0.131208
132.488000,0.121622
132.500000,0.121622
132.516000,0.146320
132.532000,0.128752
132.548000,0.126132
132.560000,0.126132
132.576000,0.120118
132.592000,0.142664
132.608000,0.142664
132.620000,0.142664
132.636000,0.119666
132.652000,0.119666
132.668000,0.119666
132.680000,0.131634
132.696000,0.147050
132.712000,0.147050
132.728000,0.147050
132.740000,0.118672
132.756000,0.138595
132.772000,0.138595
132.788000,0.123887
132.800000,0.121779
132.816000,0.121779
132.832000,0.152517
132.848000,0.137319
132.860000,0.137319
132.876000,0.137319
132.892000,0.115800
132.908000,0.112653
132.920000,0.134765
132.936000,0.134765
132.952000,0.117388
132.968000,0.117388
132.980000,0.117388
132.996000,0.127573
133.012000,0.123304
133.028000,0.123304
133.040000,0.109546
133.056000,0.109546
133.072000,0.141878
133.088000,0.120134
133.100000,0.116302
133.116000,0.116302
133.132000,0.116302
133.148000,0.127212
133.160000,0.127212
133.176000,0.127212
133.192000,0.111967
133.208000,0.106230
133.220000,0.106230
133.236000,0.139279
133.252000,0.118371
133.268000,0.118371
133.280000,0.118371
133.296000,0.100037
133.312000,0.122982
133.328000,0.122982
133.340000,0.122982
133.356000,0.105109
133.372000,0.105109
133.388000,0.123025
133.400000,0.113711
133.416000,0.113711
133.432000,0.113711
133.448000,0.098052
133.460000,0.098052
133.476000,0.126345
133.492000,0.126345
133.508000,0.100504
133.520000,0.100504
133.536000,0.100504
133.552000,0.117100
133.568000,0.117100
133.580000,0.117100
133.596000,0.099169
133.612000,0.097750
133.628000,0.126757
133.640000,0.126757
133.656000,0.108387
133.672000,0.108387
133.688000,0.096221
133.700000,0.095943
133.716000,0.117490
133.732000,0.117490
133.748000,0.101589
133.760000,0.101589
133.776000,0.101589
133.792000,0.114526
133.808000,0.107014
133.820000,0.107014
133.836000,0.107014
133.852000,0.097938
133.868000,0.125144
133.880000,0.125144
133.896000,0.106379
133.912000,0.106379
133.928000,0.106379
133.940000,0.098799
133.956000,0.117945
133.972000,0.117945
133.988000,0.105899
134.000000,0.103651
134.016000,0.103651
134.032000,0.115321
134.048000,0.112059
134.060000,0.112059
134.076000,0.112059
134.092000,0.112059
134.108000,0.125404
134.120000,0.125404
134.136000,0.125404
134.152000,0.106401
134.168000,0.105700
134.180000,0.105700
134.196000,0.138559
134.212000,0.111507
134.228000,0.111507
134.240000,0.111507
134.256000,0.112882
134.272000,0.149500
134.288000,0.149500
134.300000,0.149500
134.316000,0.107007
134.332000,0.107007
134.348000,0.137378
134.360000,0.122537
134.376000,0.122537
134.392000,0.122537
134.408000,0.106985
134.420000,0.106985
134.436000,0.135914
134.452000,0.134157
134.468000,0.134157
134.480000,0.134157
134.496000,0.106717
134.512000,0.123680
134.528000,0.123680
134.540000,0.123680
134.556000,0.122149
134.572000,0.122149
134.588000,0.164451
134.600000,0.117442
134.616000,0.114747
134.632000,0.114747
134.648000,0.109204
134.660000,0.109204
134.676000,0.133548
134.692000,0.133548
134.708000,0.112439
134.720000,0.112439
134.736000,0.112439
134.752000,0.124220
134.768000,0.124220
134.780000,0.124220
134.796000,0.114001
134.812000,0.111706
134.828000,0.134727
134.840000,0.134727
134.856000,0.119491
134.872000,0.119491
134.888000,0.119491
134.900000,0.112500
134.916000,0.121841
134.932000,0.121841
134.948000,0.115007
134.960000,0.115454
134.976000,0.115454
134.992000,0.144146
135.008000,0.118385
135.020000,0.118385
135.036000,0.118385
135.052000,0.115088
135.068000,0.128950
135.080000,0.128950
135.096000,0.128950
135.112000,0.116399
135.128000,0.116399
135.140000,0.116399
135.156000,0.128643
135.172000,0.128643
135.188000,0.128643
135.200000,0.128643
135.216000,0.116882
135.232000,0.132581
135.248000,0.132581
135.260000,0.120776
135.276000,0.118347
135.292000,0.118347
135.308000,0.124584
135.320000,0.121849
135.336000,0.121849
135.352000,0.121849
135.368000,0.115246
135.380000,0.115246
135.396000,0.133967
135.412000,0.117931
135.428000,0.128616
135.440000,0.128616
135.456000,0.128616
135.472000,0.119236
135.488000,0.119236
135.500000,0.119236
135.516000,0.114746
135.532000,0.114746
135.548000,0.134585
135.560000,0.121568
135.576000,0.117233
135.592000,0.117233
135.608000,0.117233
135.620000,0.114198
135.636000,0.126798
135.652000,0.126798
135.668000,0.113671
135.680000,0.113671
135.696000,0.113671
135.712000,0.119993
135.728000,0.119993
135.740000,0.119993
135.756000,0.119993
135.772000,0.112944
135.788000,0.126694
135.800000,0.126694
135.816000,0.117690
135.832000,0.116736
135.848000,0.116736
135.860000,0.116736
135.876000,0.121019
135.892000,0.121019
135.908000,0.114358
135.920000,0.112284
135.936000,0.112284
135.952000,0.134690
135.968000,0.120957
135.980000,0.120957
135.996000,0.120957
136.012000,0.112197
136.028000,0.128186
136.040000,0.128186
136.056000,0.128186
136.072000,0.111463
136.088000,0.111463
136.100000,0.111463
136.116000,0.120224
136.132000,0.120224
136.148000,0.120224
136.160000,0.111213
136.176000,0.111213
136.192000,0.134459
136.208000,0.118847
136.220000,0.116409
136.236000,0.116409
136.252000,0.116409
136.268000,0.119345
136.280000,0.119345
136.296000,0.119345
136.312000,0.111923
136.328000,0.111923
136.340000,0.111923
136.356000,0.124445
136.372000,0.120362
136.388000,0.120362
136.400000,0.120362
136.416000,0.110308
136.432000,0.131331
136.448000,0.131331
136.460000,0.119446
136.476000,0.120848
136.492000,0.120848
136.508000,0.128494
136.520000,0.124710
136.536000,0.124710
136.552000,0.124710
136.568000,0.109671
136.580000,0.109671
136.596000,0.134073
136.612000,0.116303
136.628000,0.116303
136.640000,0.116303
136.656000,0.108852
136.672000,0.125065
136.688000,0.125065
136.700000,0.125065
136.716000,0.111974
136.732000,0.110949
136.748000,0.142097
136.760000,0.142097
136.776000,0.116354
136.792000,0.116354
136.808000,0.116354
136.820000,0.108346
136.836000,0.130342
136.852000,0.130342
136.868000,0.112736
136.880000,0.112736
136.896000,0.112736
136.912000,0.127820
136.928000,0.137833
136.940000,0.137833
136.956000,0.137833
136.972000,0.110437
136.988000,0.139756
137.000000,0.139756
137.016000,0.139756
137.032000,0.111384
137.048000,0.111384
137.060000,0.111384
137.076000,0.118834
137.092000,0.118834
137.108000,0.118834
137.120000,0.118834
137.136000,0.107121
137.152000,0.133896
137.168000,0.116216
137.180000,0.113445
137.196000,0.113445
137.212000,0.113445
137.228000,0.131647
137.240000,0.131647
137.256000,0.131647
137.272000,0.131647
137.288000,0.106741
137.300000,0.106741
137.316000,0.134408
137.332000,0.118028
137.348000,0.114089
137.360000,0.114089
137.376000,0.103585
137.392000,0.116762
137.408000,0.116762
137.420000,0.116762
137.436000,0.102524
137.452000,0.102524
137.468000,0.122869
137.480000,0.105626
137.496000,0.102743
137.512000,0.102743
137.528000,0.102743
137.540000,0.105165
137.556000,0.111801
137.572000,0.111801
137.588000,0.105130
137.600000,0.103321
137.616000,0.103321
137.632000,0.126101
137.648000,0.108243
137.660000,0.105939
137.676000,0.105939
137.692000,0.105939
137.708000,0.115169
137.720000,0.115169
137.736000,0.115169
137.752000,0.101804
137.768000,0.101804
137.780000,0.101804
137.796000,0.106161
137.812000,0.104284
137.828000,0.104284
137.840000,0.104284
137.856000,0.103426
137.872000,0.114361
137.888000,0.105271
137.900000,0.103491
137.916000,0.103491
137.932000,0.103491
137.948000,0.110690
137.960000,0.109538
137.976000,0.109538
137.992000,0.105512
138.008000,0.106919
138.020000,0.106919
138.036000,0.118695
138.052000,0.109438
138.068000,0.109438
138.080000,0.109438
138.096000,0.109033
138.112000,0.110426
138.128000,0.110426
138.140000,0.110426
138.156000,0.106353
138.172000,0.106353
138.188000,0.106353
138.200000,0.108733
138.216000,0.108733
138.232000,0.108733
138.248000,0.108725
138.260000,0.108725
138.276000,0.118715
138.292000,0.109690
138.308000,0.109690
138.320000,0.109690
138.336000,0.111233
138.352000,0.120193
138.368000,0.120193
138.380000,0.120193
138.396000,0.112305
138.412000,0.111813
138.428000,0.111813
138.440000,0.132151
138.456000,0.114975
138.472000,0.114975
138.488000,0.114975
138.500000,0.113309
138.516000,0.116905
138.532000,0.116905
138.548000,0.116905
138.560000,0.111488
138.576000,0.111488
138.592000,0.124004
138.608000,0.112959
138.620000,0.112959
138.640000,0.112959
138.652000,0.112959
138.668000,0.123932
138.680000,0.123932
138.696000,0.117533
138.712000,0.112592
138.728000,0.112592
138.740000,0.112592
138.756000,0.119884
138.772000,0.119884
138.788000,0.119884
138.800000,0.113679
138.816000,0.113977
138.832000,0.128467
138.848000,0.119705
138.860000,0.116119
138.876000,0.116119
138.892000,0.142298
138.908000,0.117039
138.920000,0.117039
138.936000,0.117039
138.952000,0.111401
138.968000,0.108215
138.980000,0.128262
138.996000,0.128262
139.012000,0.111525
139.028000,0.120161
139.040000,0.120161
139.056000,0.160569
139.072000,0.113186
139.088000,0.113186
139.100000,0.113186
139.116000,0.112039
139.132000,0.137276
139.148000,0.137276
139.160000,0.137276
139.176000,0.107793
139.192000,0.105906
139.208000,0.132972
139.220000,0.132972
139.236000,0.117367
139.252000,0.114095
139.268000,0.114095
139.280000,0.100380
139.296000,0.128396
139.312000,0.128396
139.328000,0.128396
139.340000,0.099421
139.356000,0.099421
139.372000,0.129918
139.388000,0.112632
139.400000,0.112632
139.416000,0.112632
139.432000,0.112632
139.448000,0.118300
139.460000,0.118300
139.476000,0.118300
139.492000,0.099768
139.508000,0.097045
139.520000,0.097045
139.536000,0.131794
139.552000,0.105858
139.568000,0.105858
139.580000,0.105858
139.596000,0.093453
139.612000,0.117570
139.628000,0.117570
139.640000,0.097742
139.656000,0.097742
139.672000,0.097742
139.688000,0.110325
139.704000,0.101104
139.716000,0.101104
139.732000,0.101104
139.748000,0.088588
139.760000,0.088588
139.776000,0.118474
139.792000,0.096443
139.808000,0.096443
139.820000,0.096443
139.836000,0.087351
139.852000,0.104474
139.868000,0.104474
139.880000,0.104474
139.896000,0.091914
139.912000,0.091914
139.928000,0.088449
139.940000,0.102790
139.956000,0.102790
139.972000,0.102790
139.988000,0.090505
140.000000,0.090505
140.016000,0.116167
140.032000,0.102723
140.048000,0.102723
140.060000,0.093432
140.076000,0.093432
140.092000,0.123966
140.108000,0.100989
140.120000,0.100989
140.136000,0.100989
140.152000,0.094848
140.168000,0.094848
140.180000,0.117875
140.196000,0.100410
140.212000,0.098727
140.228000,0.098727
140.240000,0.098727
140.256000,0.121698
140.272000,0.121698
140.288000,0.121698
140.300000,0.103130
140.316000,0.104153
140.332000,0.119893
140.348000,0.111239
140.360000,0.118607
140.376000,0.118607
140.392000,0.118607
140.408000,0.116806
140.420000,0.116690
140.436000,0.116690
140.452000,0.114324
140.468000,0.112327
140.480000,0.112327
140.496000,0.119123
140.512000,0.117018
140.528000,0.117018
140.540000,0.117018
140.556000,0.114308
140.572000,0.129029
140.588000,0.129029
140.600000,0.117532
140.616000,0.117145
140.632000,0.117145
140.648000,0.125086
140.660000,0.126288
140.676000,0.126288
140.692000,0.126288
140.708000,0.121059
140.720000,0.121059
140.736000,0.135167
140.752000,0.125762
140.768000,0.125762
140.780000,0.125762
140.796000,0.124596
140.812000,0.135086
140.828000,0.135086
140.840000,0.135086
140.856000,0.127713
140.872000,0.127713
140.888000,0.136112
140.900000,0.134580
140.916000,0.134580
140.932000,0.134580
140.948000,0.127415
140.960000,0.127415
140.976000,0.142368
140.992000,0.133344
141.008000,0.133344
141.020000,0.133344
141.036000,0.129167
141.052000,0.138961
141.068000,0.138961
141.080000,0.129964
141.096000,0.129964
141.112000,0.129964
141.128000,0.139059
141.140000,0.134559
141.156000,0.134559
141.172000,0.134559
141.188000,0.129743
141.200000,0.129422
141.216000,0.150162
141.232000,0.132713
141.248000,0.131375
141.260000,0.131375
141.276000,0.131375
141.292000,0.141924
141.308000,0.144010
141.320000,0.144010
141.336000,0.128757
141.352000,0.128057
141.368000,0.147609
141.380000,0.147609
141.396000,0.132769
141.412000,0.132769
141.428000,0.132769
141.440000,0.126524
141.456000,0.138355
141.472000,0.138355
141.488000,0.129462
141.500000,0.129462
141.516000,0.129462
141.532000,0.139106
141.548000,0.135829
141.560000,0.135829
141.576000,0.123719
141.592000,0.124849
141.608000,0.124849
141.620000,0.150625
141.636000,0.125929
141.652000,0.125929
141.668000,0.125929
141.680000,0.120042
141.696000,0.138576
141.712000,0.138576
141.728000,0.122498
141.740000,0.118817
141.756000,0.118817
141.772000,0.143839
141.788000,0.128623
141.800000,0.128623
141.816000,0.128623
141.832000,0.114147
141.848000,0.130830
141.860000,0.130830
141.876000,0.119123
141.892000,0.119123
141.908000,0.119123
141.920000,0.119123
141.936000,0.122586
141.952000,0.122586
141.968000,0.122586
141.980000,0.109610
141.996000,0.110029
142.012000,0.137719
142.028000,0.137719
142.040000,0.112663
142.056000,0.112663
142.072000,0.112663
142.088000,0.150280
142.100000,0.150280
142.116000,0.150280
142.132000,0.106837
142.148000,0.104711
142.160000,0.104711
142.176000,0.134557
142.192000,0.113142
142.208000,0.113142
142.220000,0.113142
142.236000,0.098841
142.252000,0.119737
142.268000,0.119737
142.280000,0.119737
142.296000,0.106230
142.312000,0.108240
142.328000,0.148902
142.340000,0.148902
142.356000,0.110540
142.372000,0.110540
142.388000,0.110540
142.400000,0.094048
142.416000,0.117113
142.432000,0.117113
142.448000,0.099830
142.460000,0.115329
142.476000,0.115329
142.492000,0.162497
142.508000,0.107132
142.520000,0.107132
142.536000,0.107132
142.552000,0.095673
142.568000,0.124153
142.580000,0.124153
142.596000,0.103955
142.612000,0.103955
142.628000,0.103955
142.640000,0.095133
142.656000,0.119377
142.672000,0.119377
142.688000,0.119377
142.700000,0.097463
142.716000,0.097463
142.732000,0.127972
142.748000,0.105190
142.760000,0.107042
142.776000,0.107042
142.792000,0.107042
142.808000,0.115461
142.820000,0.115461
142.836000,0.115461
142.852000,0.101745
142.868000,0.101745
142.880000,0.101745
142.896000,0.111232
142.912000,0.111232
142.928000,0.111232
142.940000,0.102166
142.956000,0.102166
142.972000,0.125480
142.988000,0.125480
143.000000,0.108986
143.016000,0.108986
143.032000,0.108986
143.048000,0.119534
143.060000,0.119534
143.076000,0.119534
143.092000,0.107722
143.108000,0.106382
143.120000,0.106382
143.136000,0.127853
143.152000,0.113530
143.168000,0.113530
143.180000,0.113530
143.196000,0.107823
143.212000,0.119554
143.228000,0.119554
143.240000,0.119554
143.256000,0.110753
143.272000,0.110753
143.288000,0.134701
143.300000,0.118310
143.316000,0.116629
143.332000,0.116629
143.348000,0.114128
143.360000,0.113622
143.376000,0.131328
143.392000,0.131328
143.408000,0.116905
143.420000,0.116905
143.436000,0.116905
143.452000,0.124261
143.468000,0.125223
143.480000,0.125223
143.496000,0.117655
143.512000,0.117517
143.528000,0.133751
143.540000,0.133751
143.556000,0.122624
143.572000,0.122624
143.588000,0.122624
143.600000,0.117762
143.616000,0.129468
143.632000,0.129468
143.648000,0.118823
143.660000,0.120300
143.676000,0.120300
143.692000,0.148385
143.708000,0.122663
143.720000,0.122663
143.736000,0.122663
143.752000,0.118923
143.768000,0.140041
143.780000,0.140041
143.796000,0.122364
143.812000,0.122364
143.828000,0.118107
143.840000,0.118107
143.856000,0.138550
143.872000,0.121474
143.888000,0.121474
143.900000,0.121474
143.916000,0.117108
143.932000,0.130925
143.948000,0.130925
143.960000,0.130925
143.976000,0.115396
143.992000,0.115396
144.008000,0.115396
144.020000,0.124648
144.036000,0.118833
144.052000,0.118833
144.068000,0.114076
144.080000,0.114133
144.096000,0.131978
144.112000,0.120423
144.128000,0.134286
144.140000,0.134286
144.156000,0.134286
144.172000,0.126085
144.188000,0.126085
144.200000,0.126085
144.216000,0.113479
144.232000,0.111766
144.248000,0.139761
144.260000,0.139761
144.276000,0.114940
144.292000,0.114940
144.308000,0.114940
144.320000,0.107473
144.336000,0.125347
144.352000,0.125347
144.368000,0.106913
144.380000,0.105344
144.396000,0.105344
144.412000,0.128827
144.428000,0.112845
144.440000,0.112845
144.456000,0.112845
144.472000,0.103293
144.488000,0.123937
144.500000,0.123937
144.516000,0.123937
144.532000,0.104211
144.548000,0.104211
144.560000,0.104211
144.576000,0.108479
144.592000,0.108479
144.608000,0.108479
144.620000,0.105218
144.636000,0.103259
144.652000,0.137508
144.668000,0.105164
144.680000,0.101866
144.696000,0.101866
144.712000,0.097294
144.728000,0.147640
144.740000,0.123218
144.756000,0.123218
144.772000,0.123218
144.788000,0.097947
144.800000,0.097947
144.816000,0.131032
144.832000,0.105282
144.848000,0.098753
144.860000,0.098753
144.876000,0.098753
144.892000,0.120814
144.908000,0.115995
144.920000,0.115995
144.936000,0.115995
144.952000,0.095903
144.968000,0.124313
144.980000,0.124313
144.996000,0.100978
145.012000,0.100978
145.028000,0.100978
145.040000,0.094409
145.056000,0.113540
145.072000,0.113540
145.088000,0.113540
145.100000,0.094892
145.116000,0.094892
145.132000,0.122563
145.148000,0.103882
145.160000,0.105867
145.176000,0.105867
145.192000,0.105867
145.208000,0.114075
145.220000,0.114075
145.236000,0.114075
145.252000,0.098873
145.268000,0.098873
145.280000,0.098873
145.296000,0.109898
145.312000,0.109898
145.328000,0.109898
145.340000,0.098711
145.356000,0.098711
145.372000,0.123271
145.388000,0.123271
145.400000,0.105851
145.416000,0.105851
145.432000,0.105851
145.448000,0.117044
145.460000,0.117044
145.476000,0.117044
145.492000,0.102340
145.508000,0.102419
145.520000,0.102419
145.536000,0.121359
145.552000,0.110132
145.572000,0.110132
145.580000,0.110132
145.596000,0.103860
145.612000,0.123999
145.628000,0.123999
145.640000,0.123999
145.656000,0.107643
145.672000,0.107643
145.688000,0.138095
145.700000,0.116546
145.716000,0.113885
145.732000,0.113885
145.748000,0.107909
145.760000,0.107660
145.776000,0.132408
145.792000,0.132408
145.808000,0.110810
145.820000,0.110810
145.836000,0.110810
145.852000,0.124344
145.868000,0.124344
145.880000,0.124344
145.896000,0.111198
145.912000,0.110655
145.928000,0.132342
145.940000,0.132342
145.956000,0.117811
145.972000,0.117811
145.988000,0.124134
146.000000,0.124134
146.016000,0.124134
146.032000,0.114554
146.048000,0.113371
146.060000,0.113371
146.076000,0.138386
146.092000,0.124945
146.108000,0.124945
146.120000,0.124945
146.136000,0.115883
146.152000,0.130222
146.168000,0.130222
146.180000,0.118569
146.196000,0.129140
146.212000,0.129140
146.228000,0.129335
146.240000,0.129335
146.256000,0.129335
146.272000,0.120960
146.288000,0.119627
146.300000,0.119627
146.316000,0.145255
146.332000,0.127432
146.348000,0.127432
146.360000,0.127432
146.376000,0.119016
146.392000,0.133881
146.408000,0.133881
146.420000,0.130294
146.436000,0.124714
146.452000,0.124714
146.468000,0.157156
146.480000,0.128485
146.496000,0.128485
146.512000,0.128485
146.528000,0.121705
146.540000,0.119576
146.556000,0.141045
146.572000,0.141045
146.588000,0.126316
146.600000,0.126316
146.616000,0.126316
146.632000,0.138638
146.648000,0.134866
146.660000,0.134866
146.676000,0.134866
146.692000,0.130429
146.708000,0.168505
146.720000,0.168505
146.736000,0.132283
146.752000,0.132283
146.768000,0.119223
146.780000,0.118409
146.796000,0.140398
146.812000,0.140398
146.828000,0.126207
146.840000,0.126207
146.856000,0.126207
146.872000,0.124420
146.888000,0.124420
146.900000,0.124420
146.916000,0.118237
146.932000,0.119114
146.948000,0.150303
146.960000,0.150303
146.976000,0.122789
146.992000,0.122789
147.008000,0.122789
147.020000,0.114700
147.036000,0.134464
147.052000,0.134464
147.068000,0.134464
147.080000,0.113579
147.096000,0.113579
147.112000,0.132913
147.128000,0.119088
147.140000,0.116686
147.156000,0.116686
147.172000,0.112375
147.188000,0.133468
147.200000,0.133468
147.216000,0.119391
147.232000,0.116761
147.248000,0.116761
147.260000,0.116761
147.276000,0.117538
147.292000,0.117538
147.308000,0.117538
147.320000,0.110221
147.336000,0.108593
147.352000,0.126678
147.368000,0.126678
147.380000,0.109923
147.396000,0.109923
147.412000,0.109923
147.428000,0.116863
147.440000,0.113800
147.456000,0.113800
147.472000,0.113800
147.488000,0.104767
147.500000,0.104780
147.516000,0.119062
147.532000,0.104069
147.548000,0.103293
147.560000,0.103293
147.580000,0.103293
147.592000,0.109344
147.608000,0.109344
147.620000,0.109344
147.636000,0.102000
147.652000,0.102788
147.668000,0.114397
147.680000,0.114397
147.696000,0.101855
147.712000,0.101675
147.728000,0.101675
147.740000,0.107919
147.756000,0.106483
147.772000,0.106483
147.788000,0.102052
147.800000,0.102409
147.816000,0.102409
147.832000,0.114507
147.848000,0.104603
147.860000,0.104603
147.876000,0.104603
147.892000,0.103956
147.908000,0.113863
147.920000,0.113863
147.936000,0.103693
147.952000,0.102924
147.968000,0.102924
147.984000,0.106335
147.996000,0.109556
148.012000,0.109556
148.028000,0.104132
148.040000,0.105014
148.056000,0.105014
148.072000,0.117453
148.088000,0.106914
148.100000,0.106914
148.116000,0.106914
148.132000,0.107025
148.148000,0.112795
148.160000,0.112795
148.176000,0.112795
148.192000,0.108120
148.208000,0.108170
148.220000,0.108170
148.236000,0.120057
148.252000,0.112984
148.268000,0.112984
148.280000,0.112984
148.296000,0.114174
148.312000,0.118515
148.328000,0.118515
148.340000,0.113177
148.356000,0.113177
148.372000,0.113177
148.388000,0.122676
148.400000,0.120444
148.416000,0.120444
148.432000,0.120444
148.448000,0.115979
148.460000,0.115979
148.476000,0.132532
148.492000,0.121032
148.508000,0.119721
148.520000,0.119721
148.536000,0.118877
148.552000,0.130078
148.568000,0.130078
148.580000,0.130078
148.596000,0.121477
148.612000,0.121477
148.628000,0.146217
148.640000,0.129646
148.656000,0.129646
148.672000,0.129646
148.688000,0.121170
148.700000,0.120351
148.716000,0.141185
148.732000,0.124657
148.748000,0.122904
148.760000,0.122904
148.776000,0.122904
148.792000,0.135782
148.808000,0.135782
148.820000,0.135782
148.836000,0.121936
148.852000,0.121936
148.868000,0.121936
148.880000,0.127369
148.896000,0.127369
148.912000,0.127369
148.928000,0.119870
148.940000,0.118845
148.956000,0.136760
148.972000,0.136760
148.988000,0.127420
149.000000,0.127420
149.016000,0.127420
149.032000,0.135207
149.048000,0.131739
149.060000,0.131739
149.076000,0.131739
149.092000,0.117133
149.108000,0.144295
149.120000,0.144295
149.136000,0.133274
149.152000,0.125428
149.168000,0.125428
149.180000,0.125428
149.196000,0.134847
149.212000,0.134847
149.228000,0.134847
149.240000,0.115716
149.256000,0.115716
149.272000,0.147927
149.288000,0.141600
149.300000,0.141600
149.316000,0.141600
149.332000,0.109189
149.348000,0.133459
149.360000,0.133459
149.376000,0.119426
149.392000,0.116196
149.408000,0.116196
149.420000,0.107778
149.436000,0.133166
149.452000,0.133166
149.468000,0.109469
149.480000,0.106529
149.496000,0.106529
149.512000,0.136693
149.528000,0.116646
149.540000,0.116646
149.556000,0.116646
149.572000,0.100497
149.588000,0.122656
149.600000,0.122656
149.616000,0.122656
149.632000,0.101895
149.648000,0.101895
149.660000,0.101895
149.676000,0.106539
149.692000,0.106539
149.708000,0.106539
149.720000,0.101448
149.736000,0.099449
149.752000,0.130022
149.768000,0.106392
149.780000,0.103454
149.796000,0.103454
149.812000,0.103454
149.828000,0.120065
149.840000,0.115615
149.856000,0.115615
149.872000,0.115615
149.888000,0.096268
149.900000,0.096268
149.916000,0.125492
149.932000,0.098380
149.948000,0.098380
149.960000,0.098380
149.976000,0.092935
149.992000,0.111196
150.008000,0.111196
150.020000,0.100690
150.036000,0.095474
150.052000,0.095474
150.068000,0.101607
150.080000,0.098132
150.096000,0.098132
150.112000,0.098132
150.128000,0.092760
150.140000,0.092760
150.156000,0.115098
150.172000,0.097189
150.188000,0.097189
150.200000,0.097189
150.216000,0.097189
150.232000,0.110803
150.248000,0.110803
150.260000,0.110803
150.276000,0.092606
150.292000,0.092606
150.308000,0.112059
150.320000,0.112059
150.336000,0.097225
150.352000,0.097225
150.368000,0.091419
150.380000,0.092074
150.396000,0.107159
150.412000,0.107159
150.428000,0.093401
150.440000,0.093401
150.456000,0.093401
150.472000,0.096488
150.488000,0.096488
150.500000,0.096488
150.516000,0.096488
150.532000,0.095180
150.548000,0.105206
150.560000,0.105206
150.576000,0.096920
150.592000,0.107390
150.608000,0.107390
150.620000,0.107390
150.636000,0.106630
150.652000,0.106630
150.668000,0.106630
150.680000,0.097886
150.696000,0.097091
150.712000,0.121357
150.728000,0.105332
150.740000,0.101437
150.756000,0.101437
150.772000,0.101437
150.788000,0.116129
150.800000,0.112702
150.816000,0.112702
150.832000,0.112702
150.848000,0.103377
150.860000,0.103061
150.876000,0.122142
150.892000,0.122142
150.908000,0.107286
150.920000,0.107286
150.936000,0.107286
150.952000,0.118407
150.968000,0.120009
150.980000,0.120009
150.996000,0.120009
151.012000,0.110889
151.028000,0.110889
151.040000,0.127576
151.056000,0.114861
151.072000,0.113185
151.088000,0.113185
151.100000,0.113185
151.116000,0.135486
151.132000,0.135486
151.148000,0.135486
151.160000,0.115292
151.176000,0.115355
151.192000,0.133413
151.208000,0.133413
151.220000,0.121541
151.236000,0.120583
151.252000,0.120583
151.268000,0.124266
151.280000,0.124266
151.296000,0.124266
151.312000,0.124266
151.328000,0.119823
151.340000,0.119267
151.356000,0.137439
151.372000,0.137439
151.388000,0.126431
151.400000,0.126431
151.416000,0.126431
151.432000,0.138212
151.448000,0.132053
151.460000,0.132053
151.476000,0.132053
151.492000,0.144725
151.508000,0.140663
151.520000,0.140663
151.536000,0.140663
151.552000,0.123720
151.568000,0.149507
151.580000,0.149507
151.596000,0.131650
151.612000,0.131650
151.628000,0.131650
151.640000,0.131650
151.656000,0.141618
151.672000,0.141618
151.688000,0.141618
151.700000,0.125275
151.716000,0.123559
151.732000,0.150999
151.748000,0.133644
151.760000,0.132126
151.776000,0.132126
151.792000,0.132126
151.808000,0.119759
151.820000,0.139524
151.836000,0.139524
151.852000,0.125855
151.868000,0.122493
151.880000,0.122493
151.896000,0.153712
151.912000,0.142862
151.928000,0.142862
151.940000,0.142862
151.956000,0.118357
151.972000,0.138380
151.988000,0.138380
152.000000,0.138380
152.016000,0.118352
152.032000,0.117114
152.048000,0.153641
152.060000,0.131129
152.076000,0.125902
152.092000,0.125902
152.108000,0.125902
152.120000,0.110330
152.136000,0.137089
152.152000,0.137089
152.168000,0.118109
152.180000,0.118109
152.196000,0.118109
152.212000,0.128204
152.228000,0.148937
152.240000,0.148937
152.256000,0.148937
152.272000,0.103013
152.288000,0.128317
152.300000,0.128317
152.316000,0.109666
152.332000,0.109666
152.348000,0.109666
152.360000,0.109666
152.376000,0.113198
152.392000,0.113198
152.408000,0.113198
152.420000,0.097771
152.436000,0.097771
152.452000,0.126906
152.468000,0.100474
152.480000,0.100474
152.496000,0.100474
152.512000,0.093459
152.528000,0.114831
152.540000,0.114831
152.556000,0.114831
152.572000,0.094873
152.588000,0.093048
152.600000,0.093048
152.616000,0.108443
152.632000,0.104101
152.648000,0.104101
152.660000,0.090496
152.676000,0.090496
152.692000,0.121267
152.708000,0.093591
152.720000,0.093591
152.736000,0.093591
152.752000,0.088735
152.768000,0.088434
152.780000,0.112684
152.796000,0.112684
152.812000,0.090148
152.828000,0.091036
152.840000,0.091036
152.856000,0.122935
152.872000,0.093721
152.888000,0.093721
152.900000,0.093721
152.916000,0.089782
152.932000,0.107869
152.948000,0.107869
152.960000,0.107869
152.976000,0.090240
152.992000,0.090240
153.008000,0.111362
153.020000,0.100588
153.036000,0.097572
153.052000,0.097572
153.068000,0.095779
153.080000,0.099196
153.096000,0.099629
153.112000,0.099629
153.128000,0.095239
153.140000,0.095239
153.156000,0.095239
153.172000,0.103605
153.188000,0.101611
153.200000,0.101611
153.216000,0.101611
153.232000,0.099687
153.248000,0.114106
153.260000,0.114106
153.276000,0.102936
153.292000,0.102936
153.308000,0.102936
153.320000,0.103710
153.336000,0.110545
153.352000,0.110545
153.368000,0.110545
153.380000,0.108904
153.396000,0.108904
153.412000,0.117547
153.428000,0.110208
153.440000,0.110208
153.456000,0.110208
153.472000,0.111820
153.488000,0.115900
153.500000,0.115900
153.516000,0.115900
153.532000,0.111039
153.548000,0.111039
153.560000,0.111039
153.576000,0.116891
153.592000,0.116891
153.608000,0.116891
153.620000,0.116891
153.636000,0.114276
153.652000,0.126195
153.668000,0.126195
153.680000,0.115762
153.696000,0.115762
153.712000,0.115762
153.728000,0.139471
153.740000,0.122396
153.756000,0.122396
153.772000,0.122396
153.788000,0.116561
153.800000,0.116561
153.816000,0.139525
153.832000,0.135714
153.848000,0.117848
153.860000,0.117848
153.876000,0.117848
153.892000,0.132391
153.908000,0.132391
153.920000,0.132391
153.936000,0.121593
153.952000,0.121435
153.968000,0.140489
153.980000,0.130161
153.996000,0.142547
154.012000,0.142547
154.028000,0.142547
154.040000,0.123109
154.056000,0.136834
154.072000,0.136834
154.088000,0.127269
154.100000,0.127269
154.116000,0.127269
154.132000,0.157474
154.148000,0.131004
154.160000,0.131004
154.176000,0.131004
154.192000,0.125253
154.208000,0.124134
154.220000,0.147788
154.236000,0.147788
154.252000,0.127871
154.268000,0.127871
154.280000,0.127871
154.296000,0.142228
154.312000,0.134978
154.328000,0.134978
154.340000,0.122575
154.356000,0.122575
154.372000,0.146843
154.388000,0.135403
154.400000,0.128826
154.416000,0.128826
154.432000,0.128826
154.448000,0.138844
154.460000,0.138844
154.476000,0.138844
154.492000,0.125529
154.508000,0.120414
154.520000,0.120414
154.536000,0.151200
154.552000,0.127741
154.568000,0.127741
154.580000,0.127741
154.596000,0.116507
154.612000,0.146739
154.628000,0.146739
154.640000,0.146739
154.656000,0.119805
154.672000,0.119805
154.688000,0.119805
154.700000,0.131017
154.716000,0.131017
154.732000,0.131017
154.748000,0.115299
154.760000,0.115299
154.776000,0.144828
154.792000,0.131971
154.808000,0.127953
154.820000,0.127953
154.836000,0.127953
154.852000,0.136309
154.868000,0.136309
154.880000,0.136309
154.896000,0.118283
154.912000,0.115564
154.928000,0.115564
154.940000,0.132609
154.956000,0.124333
154.972000,0.124333
154.988000,0.113518
155.000000,0.112306
155.016000,0.144716
155.032000,0.144716
155.048000,0.116750
155.060000,0.116750
155.076000,0.116750
155.092000,0.133347
155.108000,0.133347
155.120000,0.133347
155.136000,0.106135
155.152000,0.106135
155.168000,0.136071
155.180000,0.119515
155.196000,0.119515
155.212000,0.119515
155.228000,0.109137
155.240000,0.105247
155.256000,0.136434
155.272000,0.136434
155.288000,0.122374
155.300000,0.122374
155.316000,0.122374
155.332000,0.114005
155.348000,0.110269
155.360000,0.110269
155.376000,0.110269
155.392000,0.112404
155.408000,0.153658
155.420000,0.153658
155.436000,0.102792
155.452000,0.102792
155.468000,0.102792
155.480000,0.099901
155.496000,0.110010
155.512000,0.110010
155.528000,0.101125
155.540000,0.098259
155.556000,0.098259
155.572000,0.123057
155.588000,0.104985
155.600000,0.104985
155.616000,0.104985
155.632000,0.098620
155.648000,0.108779
155.660000,0.108779
155.676000,0.108779
155.692000,0.099653
155.708000,0.099653
155.720000,0.099653
155.736000,0.101636
155.752000,0.101636
155.768000,0.101636
155.780000,0.101636
155.796000,0.100093
155.812000,0.114428
155.828000,0.114428
155.840000,0.101356
155.856000,0.101356
155.872000,0.101356
155.888000,0.109260
155.900000,0.105060
155.916000,0.105060
155.932000,0.105060
155.948000,0.103680
155.960000,0.103680
155.976000,0.109277
155.992000,0.103083
156.008000,0.101777
156.020000,0.101777
156.036000,0.101777
156.052000,0.105265
156.068000,0.105265
156.080000,0.105265
156.096000,0.106127
156.112000,0.108336
156.128000,0.108336
156.140000,0.110884
156.156000,0.105679
156.172000,0.105679
156.188000,0.105679
156.200000,0.115547
156.216000,0.110101
156.232000,0.110101
156.248000,0.109548
156.260000,0.109548
156.276000,0.109548
156.292000,0.122277
156.308000,0.109567
156.320000,0.109567
156.336000,0.109567
156.352000,0.113864
156.368000,0.116722
156.380000,0.116722
156.396000,0.111259
156.412000,0.111466
156.428000,0.111466
156.440000,0.112379
156.456000,0.116583
156.472000,0.116583
156.488000,0.116583
156.500000,0.113560
156.516000,0.113560
156.532000,0.127772
156.548000,0.116141
156.560000,0.116141
156.576000,0.116141
156.592000,0.114370
156.608000,0.128412
156.620000,0.128412
156.636000,0.128412
156.652000,0.116450
156.668000,0.116450
156.680000,0.116450
156.696000,0.123151
156.712000,0.123151
156.728000,0.123151
156.740000,0.116180
156.756000,0.116180
156.772000,0.131357
156.788000,0.123190
156.800000,0.120992
156.816000,0.120992
156.832000,0.120992
156.848000,0.128918
156.860000,0.143436
156.876000,0.143436
156.892000,0.143436
156.908000,0.116591
156.920000,0.116591
156.936000,0.134830
156.952000,0.134830
156.968000,0.120959
156.980000,0.120959
156.996000,0.120959
157.012000,0.131930
157.028000,0.131930
157.040000,0.131930
157.056000,0.122067
157.072000,0.117404
157.088000,0.146565
157.100000,0.146565
157.124000,0.121573
157.132000,0.121573
157.148000,0.121573
157.160000,0.112093
157.176000,0.134745
157.192000,0.134745
157.208000,0.134745
157.220000,0.114800
157.236000,0.114800
157.252000,0.149317
157.268000,0.120678
157.280000,0.120678
157.296000,0.120678
157.312000,0.106712
157.328000,0.135906
157.340000,0.135906
157.356000,0.135906
157.372000,0.114831
157.388000,0.114831
157.400000,0.114831
157.416000,0.126083
157.432000,0.126083
157.448000,0.126083
157.460000,0.106156
157.476000,0.102798
157.492000,0.135488
157.508000,0.135488
157.520000,0.113981
157.536000,0.113981
157.552000,0.113981
157.568000,0.126339
157.580000,0.121146
157.596000,0.121146
157.612000,0.102563
157.628000,0.104560
157.640000,0.104560
157.656000,0.149756
157.672000,0.102357
157.688000,0.102357
157.700000,0.102357
157.716000,0.094587
157.732000,0.125256
157.748000,0.125256
157.760000,0.104402
157.780000,0.097852
157.792000,0.097852
157.808000,0.134791
157.820000,0.116270
157.836000,0.116270
157.852000,0.116270
157.868000,0.091431
157.880000,0.091431
157.896000,0.117807
157.912000,0.100894
157.928000,0.103301
157.940000,0.103301
157.956000,0.103301
157.972000,0.109451
157.988000,0.109451
158.000000,0.109451
158.016000,0.093964
158.032000,0.093021
158.048000,0.125882
158.060000,0.125882
158.076000,0.093681
158.092000,0.093681
158.108000,0.093681
158.120000,0.091562
158.136000,0.111041
158.152000,0.111041
158.168000,0.094844
158.180000,0.093975
158.196000,0.093975
158.212000,0.119810
158.228000,0.104271
158.240000,0.101371
158.256000,0.101371
158.272000,0.096976
158.288000,0.099576
158.300000,0.105050
158.316000,0.105050
158.332000,0.097488
158.348000,0.097488
158.360000,0.097488
158.376000,0.103722
158.392000,0.103722
158.408000,0.103722
158.420000,0.100151
158.436000,0.101035
158.452000,0.116110
158.468000,0.116110
158.480000,0.104463
158.496000,0.104463
158.512000,0.104463
158.528000,0.111342
158.540000,0.109680
158.556000,0.109680
158.572000,0.108122
158.588000,0.109112
158.604000,0.109112
158.616000,0.123045
158.632000,0.113927
158.648000,0.113927
158.660000,0.113927
158.676000,0.120601
158.692000,0.118402
158.708000,0.118402
158.720000,0.115841
158.736000,0.115841
158.752000,0.115841
158.768000,0.139436
158.780000,0.130766
158.796000,0.126661
158.812000,0.126661
158.828000,0.119761
158.840000,0.119761
158.856000,0.137231
158.872000,0.137231
158.888000,0.127290
158.904000,0.127290
158.920000,0.127290
158.932000,0.134685
158.948000,0.134685
158.960000,0.134685
158.976000,0.126880
158.992000,0.126880
159.008000,0.141964
159.020000,0.141964
159.036000,0.130102
159.052000,0.130102
159.068000,0.130102
159.080000,0.132034
159.096000,0.135492
159.112000,0.135492
159.128000,0.129351
159.140000,0.129539
159.156000,0.129539
159.172000,0.144375
159.188000,0.134268
159.200000,0.134268
159.216000,0.134268
159.232000,0.129777
159.248000,0.140556
159.260000,0.140556
159.276000,0.140556
159.292000,0.130160
159.308000,0.130160
159.320000,0.130160
159.336000,0.137308
159.352000,0.135126
159.368000,0.135126
159.380000,0.135126
159.396000,0.128964
159.412000,0.143201
159.428000,0.143201
159.440000,0.143201
159.456000,0.131992
159.472000,0.131992
159.488000,0.160529
159.500000,0.138037
159.516000,0.135096
159.532000,0.135096
159.548000,0.135096
