126.524000,0.708469
126.540000,0.705992
126.556000,0.705992
126.572000,0.705992
126.584000,0.703351
126.600000,0.689570
126.616000,0.689570
126.632000,0.685546
126.644000,0.685546
126.660000,0.685546
126.676000,0.673843
126.692000,0.668225
126.704000,0.668225
126.720000,0.668225
126.736000,0.663650
126.752000,0.651171
126.764000,0.651171
126.780000,0.646814
126.796000,0.645806
126.812000,0.645806
126.824000,0.645806
126.840000,0.637704
126.856000,0.633162
126.872000,0.633162
126.884000,0.633162
126.900000,0.621965
126.916000,0.606784
126.936000,0.606784
126.944000,0.606784
126.960000,0.602833
126.976000,0.602833
126.992000,0.592501
127.004000,0.585542
127.020000,0.585542
127.036000,0.585542
127.052000,0.582494
127.064000,0.582494
127.080000,0.569996
127.096000,0.566019
127.112000,0.567513
127.124000,0.567513
127.140000,0.567513
127.156000,0.548869
127.172000,0.548571
127.184000,0.548571
127.200000,0.548571
127.216000,0.547682
127.232000,0.533517
127.244000,0.533517
127.260000,0.531586
127.276000,0.532136
127.292000,0.532136
127.304000,0.535155
127.320000,0.516747
127.336000,0.516747
127.352000,0.517958
127.364000,0.519923
127.380000,0.519923
127.396000,0.503817
127.412000,0.505159
127.424000,0.505205
127.440000,0.505205
127.456000,0.505205
127.472000,0.495735
127.484000,0.495735
127.500000,0.495735
127.516000,0.501265
127.532000,0.501265
127.544000,0.501265
127.560000,0.484776
127.576000,0.487912
127.592000,0.487912
127.604000,0.487912
127.620000,0.494648
127.636000,0.473145
127.652000,0.473145
127.664000,0.489708
127.680000,0.489708
127.696000,0.489708
127.712000,0.468850
127.724000,0.468850
127.740000,0.468850
127.756000,0.481680
127.772000,0.488111
127.784000,0.488111
127.800000,0.462715
127.816000,0.468264
127.832000,0.470925
127.844000,0.470925
127.860000,0.470925
127.876000,0.468330
127.892000,0.468330
127.904000,0.468330
127.920000,0.479047
127.936000,0.479047
127.952000,0.452641
127.964000,0.466891
127.980000,0.466891
127.996000,0.466891
128.012000,0.477623
128.024000,0.478175
128.040000,0.450366
128.056000,0.450366
128.072000,0.475086
128.084000,0.475086
128.100000,0.475086
128.116000,0.452246
128.132000,0.455096
128.144000,0.455096
128.160000,0.455096
128.176000,0.471812
128.192000,0.442601
128.204000,0.442601
128.220000,0.453725
128.236000,0.453725
128.252000,0.453725
128.264000,0.472080
128.280000,0.443671
128.296000,0.443671
128.312000,0.443671
128.324000,0.451878
128.340000,0.451878
128.356000,0.424355
128.372000,0.434928
128.384000,0.434928
128.400000,0.434928
128.416000,0.442990
128.432000,0.416613
128.444000,0.416613
128.460000,0.416613
128.476000,0.431069
128.492000,0.431069
128.504000,0.431069
128.520000,0.406869
128.536000,0.406869
128.552000,0.406869
128.564000,0.414062
128.580000,0.416223
128.596000,0.388573
128.612000,0.391248
128.624000,0.394104
128.640000,0.394104
128.656000,0.394104
128.672000,0.373667
128.684000,0.373667
128.700000,0.373667
128.716000,0.376053
128.732000,0.376053
128.744000,0.376053
128.760000,0.352387
128.776000,0.353087
128.792000,0.353087
128.804000,0.353087
128.820000,0.355481
128.836000,0.330960
128.852000,0.330960
128.864000,0.332065
128.880000,0.333195
128.896000,0.333195
128.912000,0.309141
128.924000,0.308832
128.940000,0.308832
128.956000,0.308832
128.972000,0.310195
128.984000,0.310195
129.000000,0.288276
129.016000,0.285383
129.032000,0.285715
129.044000,0.285715
129.060000,0.285715
129.076000,0.262761
129.092000,0.262761
129.104000,0.262761
129.120000,0.261676
129.136000,0.262213
129.152000,0.241775
129.164000,0.241775
129.180000,0.237852
129.196000,0.237852
129.212000,0.237852
129.228000,0.217537
129.240000,0.216005
129.256000,0.216005
129.272000,0.211830
129.284000,0.211682
129.300000,0.211682
129.316000,0.200683
129.332000,0.188353
129.344000,0.188353
129.360000,0.188353
129.376000,0.187513
129.392000,0.172412
129.404000,0.172412
129.420000,0.172412
129.440000,0.165137
129.452000,0.165137
129.464000,0.165137
129.480000,0.148995
129.496000,0.146535
129.512000,0.146535
129.524000,0.146535
129.540000,0.145534
129.556000,0.131942
129.572000,0.131942
129.584000,0.125970
129.600000,0.125970
129.616000,0.125970
129.632000,0.109467
129.644000,0.109467
129.660000,0.109467
129.676000,0.109467
129.692000,0.108377
129.704000,0.108377
129.720000,0.103678
129.736000,0.092434
129.752000,0.092434
129.764000,0.092434
129.780000,0.092434
129.796000,0.082072
129.812000,0.082072
129.824000,0.082072
129.840000,0.083682
129.856000,0.083682
129.872000,0.079160
129.884000,0.070272
129.900000,0.069867
129.916000,0.069867
129.932000,0.082722
129.944000,0.082722
129.960000,0.065011
129.976000,0.065011
129.992000,0.065275
130.004000,0.065275
130.020000,0.065275
130.036000,0.052464
130.052000,0.052464
130.064000,0.052464
130.080000,0.062580
130.096000,0.064226
130.112000,0.053771
130.124000,0.053771
130.140000,0.053451
130.156000,0.053451
130.172000,0.083171
130.184000,0.083171
130.200000,0.043930
130.216000,0.043930
130.232000,0.060980
130.244000,0.060980
130.260000,0.060980
130.276000,0.046093
130.292000,0.044711
130.304000,0.044711
130.320000,0.044711
130.336000,0.081077
130.352000,0.046055
130.364000,0.046055
130.380000,0.061764
130.396000,0.061764
130.412000,0.061764
130.424000,0.084330
130.440000,0.045459
130.456000,0.045459
130.472000,0.067478
130.484000,0.069428
130.500000,0.069428
130.516000,0.045692
130.532000,0.050320
130.544000,0.050320
130.560000,0.050320
130.576000,0.086654
130.592000,0.047677
130.604000,0.047677
130.620000,0.061878
130.636000,0.073266
130.652000,0.073266
130.664000,0.073266
130.680000,0.054695
130.696000,0.054695
130.712000,0.054695
130.724000,0.075059
130.740000,0.075059
130.756000,0.058148
130.772000,0.071831
130.784000,0.071831
130.800000,0.071831
130.816000,0.090309
130.832000,0.061283
130.844000,0.061283
130.860000,0.072673
130.876000,0.077060
130.892000,0.077060
130.904000,0.077060
130.920000,0.067190
130.936000,0.067190
130.956000,0.067190
130.964000,0.096007
130.980000,0.092142
130.996000,0.073063
131.012000,0.073063
131.024000,0.079353
131.040000,0.082388
131.056000,0.082388
131.072000,0.080808
131.084000,0.080808
131.100000,0.080808
131.116000,0.080808
131.132000,0.090795
131.144000,0.090795
131.160000,0.091029
131.176000,0.089262
131.192000,0.089262
131.204000,0.089262
131.220000,0.096148
131.236000,0.091572
131.252000,0.091572
131.264000,0.090548
131.280000,0.091492
131.296000,0.091492
131.312000,0.107228
131.324000,0.094935
131.340000,0.094935
131.356000,0.094935
131.372000,0.098214
131.384000,0.098214
131.400000,0.104709
131.416000,0.099137
131.432000,0.098027
131.444000,0.098027
131.460000,0.098027
131.476000,0.109292
131.492000,0.109292
131.504000,0.109292
131.520000,0.100133
131.536000,0.099420
131.552000,0.125310
131.564000,0.125310
131.580000,0.106262
131.596000,0.106262
131.612000,0.101717
131.624000,0.099582
131.640000,0.124930
131.656000,0.124930
131.672000,0.106968
131.684000,0.106968
131.700000,0.106968
131.716000,0.129219
131.732000,0.129219
131.744000,0.129219
131.760000,0.107893
131.776000,0.101912
131.792000,0.135427
131.804000,0.135427
131.820000,0.122599
131.836000,0.122599
131.852000,0.122599
131.864000,0.103052
131.880000,0.136591
131.896000,0.136591
131.912000,0.118452
131.924000,0.114139
131.940000,0.114139
131.956000,0.128382
131.972000,0.121923
131.984000,0.121923
132.000000,0.121923
132.016000,0.105972
132.032000,0.153096
132.044000,0.153096
132.060000,0.111237
132.076000,0.104645
132.092000,0.104645
132.104000,0.104645
132.120000,0.134580
132.136000,0.134580
132.152000,0.134580
132.164000,0.097950
132.180000,0.097950
132.196000,0.152028
132.212000,0.133592
132.224000,0.133592
132.240000,0.133592
132.256000,0.084668
132.272000,0.138380
132.284000,0.138380
132.300000,0.126113
132.316000,0.126113
132.332000,0.126113
132.344000,0.126113
132.360000,0.135386
132.376000,0.128177
132.392000,0.128177
132.404000,0.128177
132.420000,0.078577
132.436000,0.134340
132.452000,0.134340
132.464000,0.087774
132.480000,0.087774
132.496000,0.087774
132.512000,0.131073
132.524000,0.136881
132.540000,0.136881
132.556000,0.136881
132.572000,0.072835
132.584000,0.072835
132.600000,0.130519
132.616000,0.117216
132.632000,0.109382
132.644000,0.109382
132.660000,0.109382
132.676000,0.109540
132.692000,0.109540
132.704000,0.109540
132.720000,0.086613
132.736000,0.077065
132.752000,0.137236
132.764000,0.137236
132.780000,0.091898
132.796000,0.091898
132.812000,0.091898
132.824000,0.056342
132.840000,0.116360
132.856000,0.116360
132.872000,0.057079
132.884000,0.057079
132.900000,0.057079
132.916000,0.103690
132.932000,0.087115
132.944000,0.087115
132.960000,0.087115
132.976000,0.040216
132.992000,0.097505
133.004000,0.097505
133.020000,0.068651
133.036000,0.061039
133.052000,0.061039
133.064000,0.061039
133.080000,0.072246
133.096000,0.072246
133.112000,0.072246
133.124000,0.045682
133.140000,0.039921
133.156000,0.095101
133.172000,0.056459
133.184000,0.066090
133.200000,0.066090
133.216000,0.066090
133.232000,0.075578
133.244000,0.075578
133.260000,0.075578
133.276000,0.067105
133.292000,0.040931
133.304000,0.040931
133.320000,0.082024
133.336000,0.071329
133.352000,0.071329
133.364000,0.071329
133.380000,0.041483
133.396000,0.086125
133.412000,0.086125
133.424000,0.050781
133.440000,0.050781
133.456000,0.050781
133.472000,0.065492
133.484000,0.094694
133.500000,0.094694
133.516000,0.061716
133.532000,0.054849
133.544000,0.054849
133.560000,0.108628
133.576000,0.068855
133.592000,0.068855
133.604000,0.068855
133.620000,0.058319
133.636000,0.086853
133.652000,0.086853
133.664000,0.065257
133.680000,0.065257
133.696000,0.065257
133.712000,0.101892
133.724000,0.089861
133.740000,0.089861
133.756000,0.089861
133.772000,0.069816
133.784000,0.069816
133.800000,0.099642
133.816000,0.087819
133.832000,0.081169
133.844000,0.081169
133.860000,0.081169
133.876000,0.095393
133.892000,0.095393
133.904000,0.095393
133.920000,0.086763
133.936000,0.084646
133.952000,0.127654
133.964000,0.100299
133.980000,0.095641
133.996000,0.095641
134.012000,0.095641
134.024000,0.083572
134.040000,0.120865
134.056000,0.120865
134.072000,0.091084
134.084000,0.099122
134.100000,0.099122
134.116000,0.148308
134.132000,0.114425
134.144000,0.114425
134.160000,0.114425
134.176000,0.090705
134.192000,0.139226
134.204000,0.139226
134.220000,0.139226
134.236000,0.103056
134.252000,0.103056
134.264000,0.103056
134.280000,0.125954
134.296000,0.120769
134.312000,0.120769
134.324000,0.107159
134.340000,0.103785
134.356000,0.154311
134.372000,0.154311
134.384000,0.126680
134.400000,0.115572
134.416000,0.115572
134.432000,0.135922
134.444000,0.135922
134.460000,0.135922
134.476000,0.135922
134.492000,0.105010
134.504000,0.105010
134.520000,0.155078
134.536000,0.133192
134.552000,0.133192
134.564000,0.133192
134.580000,0.107062
134.596000,0.154089
134.612000,0.154089
134.624000,0.120641
134.640000,0.114815
134.656000,0.114815
134.672000,0.168733
134.684000,0.137009
134.704000,0.129046
134.716000,0.129046
134.732000,0.099643
134.744000,0.099643
134.760000,0.155330
134.776000,0.155330
134.792000,0.113656
134.804000,0.113656
134.820000,0.113656
134.836000,0.140581
134.852000,0.140581
134.864000,0.140581
134.880000,0.138050
134.896000,0.100854
134.912000,0.156802
134.924000,0.156802
134.940000,0.124913
134.956000,0.124913
134.972000,0.124913
134.984000,0.086986
135.000000,0.125711
135.016000,0.125711
135.032000,0.101756
135.044000,0.101756
135.060000,0.101756
135.076000,0.165696
135.092000,0.120202
135.104000,0.120202
135.120000,0.120202
135.136000,0.098266
135.152000,0.150294
135.164000,0.150294
135.180000,0.150294
135.196000,0.099454
135.212000,0.091749
135.224000,0.091749
135.240000,0.149237
135.256000,0.119652
135.272000,0.119652
135.284000,0.119652
135.300000,0.070739
135.316000,0.161379
135.332000,0.161379
135.344000,0.161379
135.360000,0.077682
135.376000,0.077682
135.392000,0.137739
135.404000,0.103053
135.420000,0.100412
135.436000,0.100412
135.452000,0.066342
135.464000,0.057223
135.480000,0.115174
135.496000,0.115174
135.512000,0.083063
135.524000,0.083063
135.540000,0.083063
135.556000,0.112464
135.572000,0.112464
135.584000,0.112464
135.600000,0.064426
135.616000,0.064426
135.632000,0.128371
135.644000,0.101827
135.660000,0.101827
135.676000,0.101827
135.692000,0.060162
135.704000,0.053167
135.720000,0.110351
135.736000,0.110351
135.752000,0.082321
135.764000,0.073044
135.780000,0.073044
135.796000,0.134356
135.812000,0.118248
135.824000,0.118248
135.840000,0.118248
135.856000,0.040704
135.872000,0.092849
135.884000,0.092849
135.900000,0.067689
135.916000,0.077957
135.932000,0.077957
135.944000,0.077957
135.960000,0.079371
135.976000,0.071039
135.992000,0.071039
136.004000,0.071039
136.020000,0.053840
136.036000,0.107710
136.052000,0.107710
136.064000,0.069301
136.080000,0.056225
136.096000,0.056225
136.112000,0.105731
136.124000,0.089511
136.140000,0.089511
136.156000,0.065847
136.172000,0.057485
136.184000,0.057485
136.200000,0.105759
136.216000,0.083120
136.232000,0.083120
136.244000,0.083120
136.260000,0.068124
136.276000,0.117717
136.292000,0.117717
136.304000,0.084921
136.320000,0.073350
136.336000,0.073350
136.352000,0.123514
136.364000,0.093133
136.380000,0.093133
136.396000,0.093133
136.412000,0.074988
136.424000,0.071626
136.440000,0.116144
136.456000,0.116144
136.472000,0.076950
136.484000,0.085604
136.500000,0.085604
136.516000,0.135696
136.532000,0.094626
136.544000,0.094626
136.560000,0.094626
136.576000,0.077399
136.592000,0.116266
136.604000,0.116266
136.620000,0.102085
136.636000,0.093291
136.652000,0.093291
136.664000,0.093291
136.680000,0.120328
136.696000,0.116288
136.712000,0.116288
136.724000,0.090992
136.740000,0.087797
136.756000,0.131233
136.772000,0.110119
136.784000,0.106684
136.800000,0.106684
136.816000,0.106684
136.832000,0.125805
136.844000,0.120436
136.860000,0.120436
136.876000,0.120436
136.892000,0.097869
136.904000,0.097869
136.920000,0.145448
136.936000,0.115519
136.952000,0.115519
136.964000,0.115519
136.980000,0.115519
136.996000,0.134048
137.012000,0.134048
137.024000,0.134048
137.040000,0.105566
137.056000,0.105566
137.072000,0.158279
137.084000,0.124776
137.100000,0.124776
137.116000,0.124776
137.132000,0.105863
137.144000,0.105863
137.160000,0.159400
137.176000,0.121286
137.192000,0.123956
137.204000,0.123956
137.220000,0.123956
137.236000,0.137475
137.252000,0.137475
137.264000,0.137475
137.280000,0.137475
137.296000,0.103263
137.312000,0.156045
137.324000,0.156045
137.340000,0.120569
137.356000,0.120569
137.372000,0.120569
137.384000,0.097570
137.400000,0.151789
137.416000,0.128818
137.432000,0.115570
137.444000,0.115570
137.460000,0.115570
137.476000,0.132400
137.492000,0.132400
137.504000,0.132400
137.520000,0.112015
137.536000,0.112015
137.552000,0.169797
137.564000,0.132822
137.580000,0.132822
137.596000,0.132822
137.612000,0.101393
137.624000,0.098889
137.640000,0.158383
137.656000,0.158383
137.672000,0.125979
137.684000,0.125979
137.700000,0.125979
137.716000,0.144426
137.732000,0.144426
137.744000,0.144426
137.760000,0.102035
137.776000,0.102035
137.792000,0.161721
137.804000,0.124640
137.820000,0.124640
137.836000,0.124640
137.852000,0.088877
137.864000,0.088877
137.880000,0.149661
137.896000,0.116851
137.912000,0.116851
137.924000,0.116851
137.940000,0.116851
137.956000,0.132635
137.972000,0.132635
137.988000,0.132635
138.000000,0.085956
138.016000,0.085956
138.032000,0.148700
138.044000,0.148700
138.060000,0.111331
138.076000,0.111331
138.092000,0.111331
138.104000,0.078969
138.120000,0.138996
138.136000,0.138996
138.152000,0.075592
138.164000,0.066659
138.180000,0.066659
138.196000,0.126410
138.212000,0.105593
138.224000,0.105593
138.240000,0.105593
138.256000,0.063814
138.272000,0.113517
138.284000,0.113517
138.300000,0.113517
138.316000,0.091946
138.332000,0.091946
138.344000,0.091946
138.360000,0.088943
138.376000,0.088943
138.392000,0.088943
138.404000,0.071285
138.420000,0.068939
138.436000,0.128818
138.452000,0.104475
138.464000,0.086019
138.480000,0.086019
138.496000,0.086019
138.512000,0.110496
138.524000,0.110496
138.540000,0.110496
138.556000,0.082498
138.572000,0.066574
138.584000,0.066574
138.600000,0.123078
138.616000,0.095052
138.632000,0.095052
138.644000,0.095052
138.660000,0.055975
138.676000,0.098661
138.692000,0.098661
138.704000,0.098661
138.720000,0.088361
138.736000,0.088361
138.752000,0.146491
138.764000,0.095907
138.780000,0.088173
138.796000,0.088173
138.812000,0.076189
138.824000,0.070756
138.840000,0.115814
138.856000,0.115814
138.872000,0.081423
138.884000,0.099833
138.900000,0.099833
138.916000,0.157386
138.932000,0.091302
138.944000,0.091302
138.960000,0.091302
138.976000,0.067829
138.992000,0.114935
139.004000,0.114935
139.020000,0.098507
139.036000,0.092911
139.052000,0.092911
139.064000,0.092911
139.080000,0.103628
139.096000,0.103628
139.112000,0.103628
139.124000,0.084388
139.140000,0.084388
139.156000,0.135148
139.172000,0.105128
139.184000,0.098631
139.200000,0.098631
139.216000,0.098631
139.232000,0.123007
139.244000,0.123007
139.260000,0.123007
139.276000,0.090529
139.292000,0.098249
139.304000,0.098249
139.320000,0.150239
139.336000,0.110555
139.352000,0.110555
139.364000,0.110555
139.380000,0.087129
139.396000,0.137192
139.412000,0.137192
139.424000,0.137192
139.440000,0.102211
139.456000,0.102211
139.472000,0.150912
139.484000,0.134345
139.500000,0.122769
139.516000,0.122769
139.532000,0.096174
139.544000,0.096174
139.560000,0.146285
139.576000,0.146285
139.592000,0.103306
139.604000,0.103306
139.620000,0.103306
139.636000,0.133722
139.652000,0.133722
139.664000,0.133722
139.680000,0.133722
139.696000,0.106997
139.712000,0.158846
139.724000,0.158846
139.740000,0.125774
139.756000,0.125774
139.772000,0.125774
139.784000,0.125774
139.800000,0.138918
139.816000,0.138918
139.832000,0.112883
139.844000,0.112883
139.860000,0.112883
139.876000,0.148056
139.892000,0.145685
139.904000,0.145685
139.920000,0.145685
139.936000,0.107074
139.952000,0.187166
139.964000,0.187166
139.980000,0.187166
139.996000,0.128548
140.012000,0.128548
140.024000,0.128548
140.040000,0.144453
140.056000,0.144453
140.072000,0.144453
140.084000,0.125841
140.100000,0.119119
140.116000,0.175574
140.132000,0.130474
140.144000,0.130474
140.160000,0.130474
140.176000,0.130474
140.192000,0.144098
140.204000,0.136997
140.220000,0.136997
140.236000,0.136997
140.252000,0.110992
140.264000,0.110992
140.280000,0.168115
140.296000,0.122041
140.312000,0.122041
140.324000,0.122041
140.340000,0.098794
140.356000,0.155404
140.376000,0.155404
140.384000,0.155404
140.400000,0.097037
140.416000,0.102150
140.432000,0.160685
140.444000,0.160685
140.460000,0.117540
140.476000,0.117540
140.492000,0.117540
140.504000,0.083871
140.520000,0.134287
140.536000,0.134287
140.552000,0.106182
140.564000,0.086738
140.580000,0.086738
140.596000,0.126063
140.612000,0.110077
140.624000,0.110077
140.640000,0.110077
140.656000,0.081529
140.672000,0.144731
140.684000,0.144731
140.700000,0.094361
140.716000,0.094361
140.732000,0.094361
140.744000,0.099513
140.760000,0.118088
140.776000,0.118088
140.792000,0.077544
140.804000,0.077544
140.820000,0.077544
140.836000,0.138422
140.852000,0.101155
140.864000,0.101155
140.880000,0.101155
140.896000,0.062519
140.912000,0.110732
140.924000,0.110732
140.940000,0.110732
140.956000,0.067813
140.972000,0.067813
140.984000,0.067813
141.000000,0.090106
141.016000,0.090106
141.032000,0.090106
141.044000,0.090106
141.060000,0.061373
141.076000,0.113659
141.092000,0.090660
141.104000,0.078216
141.120000,0.078216
141.136000,0.078216
141.152000,0.086264
141.164000,0.086264
141.180000,0.086264
141.196000,0.066226
141.212000,0.066226
141.224000,0.066226
141.240000,0.114413
141.256000,0.085036
141.272000,0.085036
141.284000,0.085036
141.300000,0.066457
141.316000,0.103354
141.332000,0.103354
141.344000,0.103354
141.360000,0.078879
141.376000,0.078879
141.392000,0.127614
141.404000,0.093037
141.420000,0.093037
141.436000,0.093037
141.452000,0.078806
141.464000,0.078806
141.480000,0.123270
141.496000,0.091985
141.512000,0.091985
141.524000,0.091985
141.540000,0.082141
141.556000,0.120997
141.572000,0.120997
141.584000,0.097010
141.600000,0.089489
141.616000,0.089489
141.632000,0.126597
141.644000,0.130460
141.660000,0.130460
141.676000,0.130460
141.692000,0.088038
141.704000,0.088038
141.720000,0.127027
141.736000,0.105893
141.752000,0.104934
141.764000,0.104934
141.780000,0.104934
141.796000,0.129076
141.812000,0.118954
141.824000,0.118954
141.840000,0.112531
141.856000,0.099090
141.872000,0.143469
141.884000,0.143469
141.900000,0.111552
141.916000,0.111552
141.932000,0.153619
141.944000,0.135048
141.960000,0.126407
141.976000,0.126407
141.992000,0.126407
142.004000,0.098372
142.020000,0.144495
142.036000,0.144495
142.052000,0.115164
142.064000,0.110488
142.080000,0.110488
142.096000,0.160332
142.112000,0.134386
142.124000,0.134386
142.140000,0.134386
142.156000,0.109305
142.172000,0.161274
142.184000,0.161274
142.200000,0.136468
142.216000,0.125263
142.232000,0.125263
142.244000,0.125263
142.260000,0.135862
142.276000,0.135862
142.292000,0.135862
142.304000,0.116735
142.320000,0.120087
142.336000,0.175867
142.352000,0.175867
142.364000,0.125319
142.380000,0.118132
142.396000,0.118132
142.412000,0.151728
142.424000,0.145136
142.440000,0.145136
142.456000,0.123808
142.472000,0.112008
142.484000,0.112008
142.500000,0.164964
142.516000,0.139941
142.532000,0.139941
142.544000,0.139941
142.560000,0.097618
142.576000,0.141466
142.592000,0.141466
142.604000,0.125761
142.620000,0.125761
142.636000,0.125761
142.652000,0.151895
142.664000,0.144963
142.680000,0.144963
142.696000,0.115581
142.712000,0.119738
142.724000,0.119738
142.740000,0.179021
142.756000,0.139593
142.772000,0.139593
142.784000,0.139593
142.800000,0.103633
142.816000,0.159030
142.832000,0.159030
142.844000,0.159030
142.860000,0.112707
142.876000,0.112707
142.892000,0.170712
142.904000,0.138063
142.920000,0.138063
142.936000,0.138063
142.952000,0.094502
142.964000,0.086098
142.980000,0.142317
142.996000,0.122845
143.012000,0.115491
143.024000,0.115491
143.040000,0.115491
143.056000,0.140555
143.072000,0.140555
143.084000,0.140555
143.100000,0.107862
143.116000,0.100533
143.132000,0.161549
143.144000,0.161549
143.160000,0.114624
143.176000,0.114624
143.192000,0.114624
143.204000,0.078241
143.220000,0.137107
143.236000,0.137107
143.252000,0.100904
143.264000,0.093455
143.280000,0.093455
143.296000,0.119170
143.312000,0.124267
143.324000,0.124267
143.340000,0.124267
143.356000,0.074869
143.372000,0.138043
143.384000,0.138043
143.400000,0.108583
143.416000,0.123807
143.432000,0.123807
143.444000,0.123807
143.460000,0.117095
143.476000,0.109592
143.492000,0.109592
143.504000,0.109592
143.520000,0.082812
143.536000,0.138105
143.552000,0.138105
143.564000,0.138105
143.580000,0.093982
143.596000,0.086355
143.612000,0.144819
143.624000,0.117850
143.640000,0.102172
143.656000,0.102172
143.672000,0.102172
143.684000,0.068611
143.700000,0.116705
143.716000,0.109008
143.732000,0.109008
143.744000,0.076398
143.760000,0.061004
143.776000,0.114324
143.792000,0.093520
143.804000,0.079797
143.820000,0.079797
143.836000,0.059996
143.852000,0.115515
143.864000,0.115515
143.880000,0.115515
143.896000,0.070405
143.912000,0.070405
143.924000,0.070405
143.940000,0.101050
143.956000,0.129790
143.972000,0.129790
143.984000,0.129790
144.000000,0.056736
144.016000,0.102179
144.032000,0.102179
144.044000,0.080305
144.060000,0.080305
144.076000,0.080305
144.092000,0.096806
144.104000,0.090450
144.120000,0.090450
144.136000,0.090450
144.152000,0.070785
144.164000,0.065356
144.180000,0.116210
144.196000,0.116210
144.212000,0.077171
144.224000,0.077171
144.240000,0.077171
144.256000,0.128877
144.272000,0.094618
144.284000,0.094618
144.300000,0.094618
144.316000,0.075137
144.332000,0.118797
144.344000,0.118797
144.360000,0.079988
144.376000,0.075013
144.392000,0.075013
144.404000,0.075013
144.420000,0.108589
144.436000,0.108589
144.452000,0.090899
144.464000,0.082417
144.480000,0.082417
144.496000,0.129391
144.512000,0.104549
144.524000,0.104549
144.540000,0.104549
144.556000,0.079124
144.572000,0.120845
144.584000,0.120845
144.600000,0.095796
144.616000,0.095796
144.632000,0.095796
144.644000,0.095796
144.660000,0.119435
144.676000,0.119435
144.692000,0.119435
144.704000,0.092847
144.720000,0.092847
144.736000,0.142072
144.752000,0.114525
144.764000,0.102040
144.780000,0.102040
144.796000,0.102040
144.812000,0.157360
144.824000,0.157360
144.840000,0.157360
144.856000,0.108037
144.872000,0.103353
144.884000,0.103353
144.900000,0.153103
144.916000,0.125285
144.932000,0.125285
144.944000,0.125285
144.960000,0.096581
144.976000,0.144573
144.992000,0.144573
145.004000,0.116419
145.020000,0.139293
145.036000,0.139293
145.052000,0.147046
145.064000,0.134767
145.080000,0.134767
145.096000,0.134767
145.112000,0.126452
145.124000,0.126452
145.140000,0.183318
145.156000,0.125077
145.172000,0.125077
145.184000,0.125077
145.200000,0.098482
145.216000,0.149379
145.232000,0.149379
145.244000,0.128095
145.260000,0.125629
145.276000,0.125629
145.292000,0.146452
145.304000,0.139974
145.320000,0.139974
145.336000,0.139974
145.352000,0.118590
145.364000,0.118590
145.380000,0.175267
145.396000,0.124092
145.412000,0.124092
145.424000,0.124092
145.440000,0.103007
145.456000,0.159872
145.472000,0.159872
145.484000,0.159872
145.500000,0.113784
145.516000,0.113784
145.532000,0.173971
145.544000,0.149704
145.560000,0.178553
145.576000,0.178553
145.592000,0.112107
145.604000,0.105737
145.620000,0.161179
145.636000,0.144252
145.652000,0.130324
145.664000,0.130324
145.680000,0.107425
145.696000,0.162076
145.712000,0.162076
145.724000,0.162076
145.740000,0.116415
145.756000,0.116415
145.772000,0.174970
145.784000,0.148268
145.800000,0.133486
145.816000,0.133486
145.832000,0.133486
145.844000,0.123514
145.860000,0.149847
145.876000,0.149847
145.892000,0.117137
145.904000,0.109827
145.920000,0.109827
145.936000,0.136474
145.952000,0.136474
145.964000,0.134804
145.980000,0.134804
145.996000,0.134804
146.012000,0.147346
146.024000,0.139506
146.040000,0.139506
146.056000,0.139506
146.072000,0.091631
146.084000,0.091631
146.100000,0.149193
146.116000,0.112597
146.132000,0.112597
146.144000,0.112597
146.160000,0.078555
146.176000,0.115805
146.192000,0.115805
146.204000,0.115805
146.220000,0.088138
146.236000,0.081127
146.252000,0.139308
146.264000,0.139308
146.280000,0.105767
146.296000,0.105767
146.312000,0.105767
146.324000,0.072287
146.340000,0.130310
146.356000,0.130310
146.372000,0.076762
146.384000,0.076762
146.400000,0.076762
146.416000,0.150066
146.432000,0.115498
146.444000,0.115498
146.460000,0.115498
146.476000,0.071077
146.492000,0.125014
146.504000,0.125014
146.520000,0.097727
146.536000,0.097727
146.552000,0.097727
146.564000,0.055608
146.580000,0.096369
146.596000,0.096369
146.612000,0.085322
146.624000,0.079281
146.640000,0.079281
146.656000,0.098510
146.672000,0.092146
146.684000,0.092146
146.700000,0.092146
146.716000,0.071611
146.732000,0.121435
146.744000,0.121435
146.760000,0.121435
146.776000,0.073008
146.792000,0.073008
146.804000,0.073008
146.820000,0.094738
146.836000,0.089169
146.852000,0.089169
146.864000,0.071284
146.880000,0.071284
146.896000,0.114509
146.912000,0.114509
146.924000,0.083535
146.940000,0.083535
146.956000,0.083535
146.972000,0.096845
146.984000,0.096845
147.000000,0.096845
147.016000,0.081072
147.032000,0.078275
147.044000,0.078275
147.060000,0.122710
147.076000,0.098924
147.092000,0.098924
147.104000,0.098924
147.120000,0.081057
147.136000,0.115163
147.152000,0.115163
147.164000,0.088153
147.180000,0.088153
147.196000,0.088153
147.212000,0.132565
147.224000,0.107843
147.240000,0.107843
147.256000,0.107843
147.272000,0.090806
147.284000,0.090806
147.300000,0.133571
147.316000,0.113762
147.332000,0.113762
147.344000,0.113762
147.360000,0.087850
147.376000,0.120388
147.392000,0.120388
147.404000,0.113401
147.420000,0.106907
147.436000,0.106907
147.452000,0.138873
147.464000,0.127753
147.480000,0.127753
147.496000,0.127753
147.512000,0.108609
147.524000,0.108609
147.540000,0.156941
147.556000,0.118628
147.572000,0.112383
147.584000,0.112383
147.600000,0.112383
147.616000,0.143970
147.632000,0.143970
147.644000,0.143970
147.660000,0.114327
147.676000,0.114327
147.692000,0.169375
147.704000,0.136665
147.720000,0.140280
147.736000,0.140280
147.752000,0.140280
147.764000,0.098561
147.780000,0.144370
147.796000,0.144370
147.812000,0.126479
147.824000,0.120766
147.840000,0.120766
147.856000,0.153461
147.872000,0.140878
147.884000,0.140878
147.900000,0.140878
147.916000,0.118236
147.932000,0.165827
147.944000,0.165827
147.960000,0.136708
147.976000,0.121241
147.992000,0.121241
148.004000,0.100481
148.020000,0.150465
148.036000,0.150465
148.052000,0.150465
148.064000,0.109779
148.080000,0.109779
148.096000,0.165226
148.112000,0.165226
148.124000,0.139567
148.140000,0.139567
148.156000,0.139567
148.172000,0.142109
148.184000,0.142109
148.200000,0.142109
148.216000,0.123216
148.232000,0.123216
148.244000,0.123216
148.260000,0.148996
148.276000,0.134854
148.292000,0.134854
148.304000,0.134854
148.320000,0.095956
148.336000,0.151382
148.352000,0.151382
148.364000,0.115398
148.380000,0.106727
148.396000,0.106727
148.412000,0.145161
148.424000,0.129831
148.440000,0.129831
148.456000,0.129831
148.472000,0.097449
148.484000,0.097449
148.500000,0.156542
148.516000,0.127867
148.532000,0.112614
148.544000,0.112614
148.560000,0.112614
148.576000,0.161931
148.592000,0.161931
148.604000,0.161931
148.620000,0.094650
148.636000,0.080041
148.652000,0.141294
148.664000,0.141294
148.680000,0.120229
148.696000,0.112466
148.712000,0.112466
148.724000,0.112466
148.740000,0.122359
148.756000,0.122359
148.772000,0.122359
148.784000,0.092505
148.800000,0.084483
148.816000,0.144034
148.832000,0.091652
148.844000,0.091652
148.860000,0.091652
148.876000,0.091652
148.892000,0.122976
148.904000,0.106608
148.920000,0.106608
148.936000,0.106608
148.952000,0.062358
148.964000,0.062358
148.980000,0.119396
148.996000,0.072129
149.012000,0.102727
149.024000,0.102727
149.040000,0.102727
149.056000,0.095376
149.072000,0.095376
149.084000,0.095376
149.100000,0.057745
149.116000,0.061940
149.132000,0.120930
149.144000,0.120930
149.160000,0.070665
149.176000,0.070665
149.192000,0.070665
149.204000,0.043824
149.220000,0.091843
149.236000,0.091843
149.252000,0.072939
149.264000,0.060404
149.280000,0.060404
149.296000,0.076093
149.312000,0.076093
149.324000,0.076093
149.340000,0.076093
149.356000,0.049536
149.372000,0.090183
149.384000,0.090183
149.400000,0.063048
149.416000,0.063048
149.432000,0.063048
149.444000,0.063048
149.460000,0.089524
149.476000,0.089524
149.492000,0.063698
149.504000,0.060983
149.520000,0.060983
149.536000,0.104245
149.552000,0.076941
149.564000,0.076941
149.580000,0.076941
149.596000,0.060317
149.612000,0.097216
149.624000,0.097216
149.640000,0.074555
149.656000,0.074555
149.672000,0.115533
149.684000,0.099309
149.700000,0.088305
149.716000,0.088305
149.732000,0.088305
149.744000,0.068345
149.760000,0.106233
149.776000,0.106233
149.792000,0.076122
149.804000,0.076122
149.820000,0.076122
149.836000,0.097624
149.852000,0.100884
149.864000,0.100884
149.880000,0.100884
149.896000,0.073783
149.912000,0.111623
149.924000,0.111623
149.940000,0.111623
149.956000,0.088034
149.972000,0.088034
149.984000,0.088034
150.000000,0.101438
150.016000,0.101438
150.032000,0.101438
150.044000,0.086348
150.060000,0.086348
150.076000,0.135142
150.092000,0.103099
150.104000,0.098263
150.120000,0.098263
150.136000,0.084473
150.152000,0.155713
150.164000,0.155713
150.180000,0.155713
150.196000,0.096342
150.212000,0.092024
150.224000,0.092024
150.240000,0.141406
150.256000,0.119851
150.272000,0.119851
150.284000,0.119851
150.300000,0.088806
150.316000,0.137948
150.332000,0.137948
150.344000,0.118595
150.360000,0.110111
150.376000,0.110111
150.392000,0.132805
150.404000,0.126714
150.420000,0.126714
150.436000,0.126714
150.452000,0.105018
150.464000,0.105018
150.480000,0.157851
150.496000,0.117831
150.512000,0.117831
150.524000,0.117831
150.540000,0.117831
150.556000,0.138866
150.572000,0.138866
150.584000,0.138866
150.600000,0.108529
150.616000,0.108529
150.632000,0.165443
150.644000,0.143054
150.660000,0.140644
150.676000,0.140644
150.692000,0.106248
150.704000,0.100181
150.720000,0.158990
150.736000,0.158990
150.752000,0.136273
150.764000,0.134124
150.780000,0.134124
150.796000,0.191672
150.812000,0.134787
150.824000,0.134787
150.840000,0.134787
150.856000,0.097164
150.872000,0.145928
150.884000,0.145928
150.900000,0.145928
150.916000,0.118931
150.932000,0.118931
150.944000,0.118931
150.960000,0.127778
150.976000,0.118692
150.992000,0.118692
151.004000,0.118692
151.020000,0.099207
151.036000,0.156892
151.052000,0.156892
151.064000,0.117046
151.080000,0.109764
151.096000,0.109764
151.112000,0.168901
151.124000,0.125920
151.140000,0.118506
151.156000,0.118506
151.172000,0.089845
151.184000,0.081145
151.200000,0.139272
151.216000,0.139272
151.232000,0.111397
151.244000,0.111397
151.260000,0.111397
151.276000,0.154086
151.292000,0.154086
151.304000,0.154086
151.320000,0.089152
151.336000,0.082079
151.352000,0.143012
151.364000,0.143012
151.380000,0.141650
151.396000,0.141650
151.412000,0.141650
151.424000,0.070897
151.440000,0.122202
151.456000,0.122202
151.472000,0.097571
151.484000,0.102319
151.500000,0.102319
151.516000,0.123639
151.532000,0.108866
151.544000,0.108866
151.560000,0.108866
151.576000,0.070829
151.592000,0.141187
151.604000,0.141187
151.620000,0.092033
151.636000,0.084664
151.652000,0.084664
151.664000,0.084664
151.680000,0.116447
151.696000,0.116447
151.712000,0.116447
151.724000,0.077180
151.740000,0.077180
151.756000,0.139741
151.772000,0.093568
151.784000,0.093568
151.800000,0.093568
151.816000,0.126110
151.832000,0.118660
151.844000,0.118660
151.860000,0.118660
151.876000,0.069335
151.892000,0.124717
151.904000,0.124717
151.920000,0.086624
151.936000,0.086624
151.952000,0.086624
151.964000,0.063756
151.980000,0.119874
151.996000,0.119874
152.012000,0.092470
152.024000,0.085767
152.040000,0.085767
152.056000,0.118525
152.072000,0.111370
152.084000,0.111370
152.100000,0.111370
152.116000,0.068339
152.132000,0.111451
152.144000,0.111451
152.160000,0.094526
152.176000,0.088497
152.192000,0.088497
152.204000,0.088497
152.220000,0.120220
152.236000,0.120220
152.252000,0.120220
152.264000,0.078940
152.280000,0.073497
152.296000,0.122221
152.312000,0.122221
152.324000,0.093371
152.340000,0.093371
152.356000,0.093371
152.372000,0.117627
152.384000,0.117627
152.400000,0.117627
152.416000,0.093829
152.432000,0.088423
152.444000,0.088423
152.460000,0.100810
152.476000,0.094062
152.492000,0.094062
152.504000,0.094062
152.520000,0.081138
152.536000,0.127567
152.552000,0.127567
152.564000,0.096016
152.580000,0.091115
152.596000,0.091115
152.612000,0.118143
152.624000,0.112224
152.640000,0.112224
152.656000,0.112224
152.672000,0.079237
152.684000,0.079237
152.700000,0.120692
152.716000,0.097399
152.732000,0.086407
152.744000,0.086407
152.760000,0.086407
152.776000,0.118210
152.792000,0.118210
152.804000,0.118210
152.820000,0.098587
152.836000,0.090326
152.852000,0.135634
152.864000,0.135634
152.880000,0.110909
152.896000,0.108911
152.912000,0.108911
152.924000,0.108911
152.940000,0.121842
152.956000,0.121842
152.972000,0.121842
152.984000,0.103419
153.000000,0.094875
153.016000,0.140344
153.032000,0.140344
153.048000,0.110517
153.060000,0.110517
153.076000,0.110517
153.092000,0.135318
153.104000,0.135318
153.120000,0.135318
153.136000,0.106028
153.152000,0.104709
153.164000,0.104709
153.180000,0.154868
153.196000,0.111016
153.216000,0.111016
153.224000,0.111016
153.240000,0.094959
153.256000,0.144802
153.272000,0.144802
153.284000,0.144802
153.300000,0.112872
153.316000,0.112872
153.332000,0.167441
153.344000,0.132970
153.360000,0.132970
153.376000,0.132970
153.392000,0.095942
153.404000,0.091350
153.420000,0.138504
153.436000,0.138504
153.452000,0.115237
153.464000,0.115237
153.480000,0.115237
153.496000,0.141536
153.512000,0.134992
153.524000,0.134992
153.540000,0.134992
153.556000,0.092426
153.572000,0.143955
153.584000,0.143955
153.600000,0.118552
153.616000,0.112394
153.632000,0.112394
153.644000,0.096202
153.660000,0.138123
153.676000,0.138123
153.692000,0.138123
153.704000,0.107381
153.720000,0.107381
153.736000,0.162815
153.752000,0.125075
153.764000,0.116825
153.780000,0.116825
153.796000,0.116825
153.812000,0.139400
153.824000,0.139400
153.840000,0.139400
153.856000,0.113806
153.872000,0.107216
153.884000,0.107216
153.900000,0.164250
153.916000,0.130359
153.932000,0.130359
153.944000,0.130359
153.960000,0.085607
153.976000,0.131415
153.992000,0.131415
154.004000,0.119635
154.020000,0.110121
154.036000,0.110121
154.052000,0.140447
154.064000,0.133087
154.080000,0.133087
154.096000,0.133087
154.112000,0.099699
154.124000,0.099699
154.140000,0.158358
154.156000,0.109163
154.172000,0.109163
154.184000,0.109163
154.200000,0.076915
154.216000,0.131782
154.232000,0.131782
154.248000,0.104738
154.260000,0.104738
154.276000,0.104738
154.292000,0.164812
154.304000,0.124361
154.320000,0.124361
154.336000,0.124361
154.352000,0.121761
154.364000,0.121761
154.380000,0.181953
154.396000,0.095716
154.412000,0.095716
154.424000,0.095716
154.440000,0.073523
154.456000,0.131189
154.472000,0.131189
154.484000,0.131189
154.500000,0.083248
154.516000,0.083248
154.532000,0.142548
154.544000,0.117548
154.560000,0.117548
154.576000,0.117548
154.592000,0.072256
154.604000,0.072256
154.620000,0.127751
154.636000,0.096106
154.652000,0.096106
154.664000,0.096106
154.680000,0.096106
154.696000,0.112105
154.712000,0.112105
154.724000,0.112105
154.740000,0.081579
154.756000,0.109553
154.772000,0.169885
154.784000,0.169885
154.800000,0.086388
154.816000,0.086388
154.832000,0.086388
154.844000,0.065535
154.860000,0.120826
154.876000,0.120826
154.892000,0.075094
154.904000,0.075094
154.920000,0.075094
154.936000,0.109859
154.952000,0.138678
154.964000,0.138678
154.980000,0.138678
154.996000,0.066852
155.012000,0.122253
155.024000,0.122253
155.040000,0.091863
155.056000,0.091863
155.072000,0.091863
155.084000,0.068255
155.100000,0.118739
155.116000,0.118739
155.132000,0.082175
155.144000,0.082175
155.160000,0.082175
155.176000,0.106374
155.192000,0.117826
155.204000,0.117826
155.220000,0.117826
155.236000,0.070449
155.252000,0.124139
155.264000,0.124139
155.280000,0.105332
155.296000,0.098626
155.316000,0.098626
155.324000,0.098626
155.340000,0.114074
155.356000,0.114074
155.372000,0.114074
155.384000,0.090609
155.400000,0.090609
155.416000,0.147484
155.432000,0.097131
155.444000,0.097131
155.460000,0.097131
155.476000,0.080630
155.492000,0.131057
155.504000,0.131057
155.520000,0.101743
155.536000,0.089430
155.552000,0.089430
155.564000,0.089430
155.580000,0.114113
155.596000,0.114113
155.612000,0.114113
155.624000,0.092966
155.640000,0.087150
155.656000,0.142040
155.676000,0.106355
155.684000,0.110346
155.700000,0.110346
155.716000,0.110346
155.732000,0.117529
155.744000,0.117529
155.760000,0.117529
155.776000,0.095022
155.792000,0.083688
155.804000,0.083688
155.820000,0.138098
155.836000,0.102913
155.852000,0.102913
155.864000,0.102913
155.880000,0.081463
155.896000,0.128239
155.916000,0.128239
155.924000,0.128239
155.940000,0.094340
155.956000,0.094340
155.972000,0.151219
155.984000,0.120437
156.000000,0.113981
156.016000,0.113981
156.032000,0.113981
156.044000,0.082792
156.060000,0.135803
156.076000,0.135803
156.092000,0.105007
156.104000,0.105007
156.120000,0.105007
156.136000,0.124444
156.152000,0.114925
156.164000,0.114925
156.180000,0.114925
156.196000,0.079851
156.212000,0.129736
156.224000,0.129736
156.244000,0.107863
156.256000,0.111789
156.272000,0.111789
156.284000,0.111789
156.300000,0.118607
156.316000,0.118607
156.332000,0.118607
156.344000,0.097536
156.360000,0.097536
156.376000,0.153649
156.392000,0.108839
156.404000,0.102657
156.420000,0.102657
156.436000,0.102657
156.452000,0.131843
156.464000,0.131843
156.480000,0.131843
156.496000,0.091709
156.512000,0.091709
156.524000,0.091709
156.540000,0.123585
156.556000,0.113970
156.572000,0.113970
156.584000,0.113970
156.600000,0.079531
156.616000,0.128469
156.632000,0.128469
156.644000,0.106623
156.660000,0.104299
156.676000,0.104299
156.692000,0.131460
156.704000,0.124751
156.720000,0.124751
156.736000,0.097551
156.752000,0.097551
156.764000,0.097551
156.780000,0.126958
156.796000,0.120295
156.812000,0.120295
156.824000,0.120295
156.840000,0.083243
156.856000,0.132834
156.872000,0.132834
156.884000,0.114771
156.900000,0.102317
156.916000,0.102317
156.932000,0.120428
156.944000,0.120428
156.960000,0.120428
156.976000,0.120428
156.992000,0.087269
157.004000,0.087269
157.020000,0.138223
157.036000,0.103448
157.052000,0.103448
157.064000,0.103448
157.080000,0.087962
157.096000,0.126924
157.112000,0.126924
157.124000,0.126924
157.140000,0.093857
157.156000,0.093857
157.172000,0.146336
157.184000,0.114365
157.200000,0.114365
157.216000,0.114365
157.232000,0.082556
157.244000,0.082556
157.260000,0.132624
157.276000,0.130184
157.292000,0.101348
157.304000,0.101348
157.320000,0.077511
157.336000,0.113068
157.352000,0.113068
157.364000,0.113068
157.380000,0.111790
157.396000,0.111790
157.412000,0.170082
157.424000,0.109307
157.440000,0.109307
157.456000,0.109307
157.472000,0.078990
157.484000,0.078990
157.500000,0.129753
157.516000,0.111720
157.532000,0.105354
157.544000,0.105354
157.560000,0.105354
157.576000,0.106610
157.592000,0.106610
157.604000,0.106610
157.620000,0.096305
157.636000,0.085091
157.656000,0.137845
157.664000,0.137845
157.680000,0.102854
157.696000,0.106794
157.712000,0.106794
157.724000,0.072260
157.740000,0.113539
157.756000,0.113539
157.772000,0.113539
157.784000,0.091604
157.800000,0.085966
157.816000,0.139588
157.832000,0.098103
157.844000,0.098103
157.860000,0.098103
157.876000,0.098103
157.892000,0.130168
157.904000,0.130168
157.920000,0.130168
157.936000,0.089924
157.952000,0.089924
157.964000,0.089924
157.980000,0.114258
157.996000,0.114258
158.012000,0.114258
158.024000,0.081728
158.040000,0.076663
158.056000,0.127892
158.072000,0.105677
158.084000,0.109799
158.100000,0.109799
158.116000,0.109799
158.132000,0.124754
158.144000,0.124754
158.160000,0.124754
158.176000,0.086065
158.192000,0.089484
158.204000,0.089484
158.220000,0.144143
158.236000,0.108033
158.252000,0.108033
158.264000,0.108033
158.280000,0.082248
158.296000,0.134917
158.312000,0.134917
158.324000,0.103675
158.340000,0.103675
158.356000,0.103675
158.372000,0.112042
158.384000,0.115860
158.400000,0.115860
158.416000,0.115860
158.432000,0.082504
158.444000,0.082504
158.460000,0.136066
158.476000,0.110730
158.492000,0.110730
158.504000,0.110730
158.520000,0.083627
158.536000,0.125420
158.552000,0.125420
158.564000,0.125420
158.580000,0.085736
158.596000,0.085736
158.612000,0.146487
158.624000,0.120539
158.640000,0.120539
158.656000,0.120539
158.672000,0.086321
158.684000,0.086321
158.700000,0.140204
158.716000,0.114552
158.732000,0.101448
158.744000,0.101448
158.760000,0.101448
158.776000,0.115822
158.792000,0.150671
158.804000,0.150671
158.820000,0.150671
158.836000,0.079016
158.852000,0.136336
158.864000,0.136336
158.880000,0.110318
158.896000,0.110318
158.912000,0.110318
158.924000,0.076701
158.940000,0.122302
158.956000,0.122302
158.972000,0.087875
158.984000,0.098105
159.000000,0.098105
159.016000,0.155020
159.032000,0.109749
159.044000,0.109749
159.060000,0.109749
159.076000,0.081903
159.096000,0.133684
159.104000,0.133684
159.120000,0.133684
159.136000,0.090591
159.152000,0.090591
159.164000,0.090591
159.180000,0.120021
159.196000,0.112826
159.212000,0.112826
159.224000,0.112826
159.240000,0.072274
159.256000,0.124466
159.272000,0.124466
159.284000,0.098612
159.300000,0.098612
159.316000,0.098612
159.332000,0.111524
159.344000,0.111524
159.360000,0.111524
159.376000,0.111524
159.392000,0.071445
159.404000,0.066936
159.420000,0.115657
159.436000,0.093522
159.452000,0.093522
159.464000,0.093522
159.480000,0.093522
159.496000,0.109583
159.512000,0.109583
159.524000,0.109583
159.540000,0.082980
159.556000,0.082980
159.572000,0.135925
159.584000,0.135925
159.600000,0.087813
159.616000,0.087813
159.632000,0.087813
159.648000,0.120178
159.660000,0.117830
159.676000,0.117830
159.692000,0.117830
159.704000,0.080679
159.720000,0.080679
159.736000,0.132855
159.752000,0.102244
159.764000,0.095032
159.780000,0.095032
159.796000,0.095032
159.812000,0.118692
159.824000,0.118692
159.840000,0.098588
159.856000,0.102159
159.872000,0.102159
159.884000,0.102159
159.900000,0.120827
159.916000,0.120827
159.932000,0.120827
159.944000,0.095572
159.960000,0.095572
159.976000,0.149101
159.992000,0.105902
160.004000,0.105902
160.020000,0.105902
160.036000,0.082202
160.052000,0.131914
160.064000,0.131914
160.080000,0.136218
160.096000,0.108001
160.112000,0.108001
160.124000,0.088709
160.140000,0.141061
160.156000,0.141061
160.172000,0.090166
160.184000,0.119840
160.200000,0.119840
160.216000,0.177664
160.232000,0.111734
160.244000,0.111734
160.260000,0.111734
160.276000,0.086692
160.292000,0.141094
160.304000,0.141094
160.320000,0.116386
160.336000,0.110080
160.352000,0.110080
160.364000,0.077925
160.380000,0.119269
160.396000,0.119269
160.412000,0.102347
160.424000,0.096522
160.440000,0.096522
160.456000,0.151257
160.472000,0.115514
160.484000,0.115514
160.500000,0.115514
160.516000,0.093000
160.532000,0.151280
160.544000,0.151280
160.560000,0.113192
160.576000,0.098156
160.592000,0.098156
160.604000,0.098156
160.620000,0.133732
160.636000,0.133732
160.652000,0.133732
160.664000,0.093739
160.680000,0.093739
160.696000,0.148126
160.712000,0.129398
160.724000,0.122708
160.740000,0.122708
160.756000,0.087672
160.772000,0.122583
160.784000,0.122583
160.800000,0.122583
160.816000,0.097901
160.832000,0.097901
160.844000,0.097901
160.860000,0.131696
160.876000,0.117852
160.892000,0.117852
160.904000,0.117852
160.920000,0.086940
160.936000,0.142597
160.952000,0.142597
160.964000,0.092978
160.980000,0.092978
160.996000,0.092978
161.012000,0.139376
161.024000,0.139376
161.040000,0.139376
161.056000,0.101467
161.072000,0.094806
161.084000,0.094806
161.100000,0.153127
161.116000,0.125914
161.132000,0.125914
161.144000,0.125914
161.160000,0.065495
161.176000,0.116320
161.192000,0.116320
161.204000,0.098549
161.220000,0.103207
161.236000,0.103207
161.252000,0.164936
161.264000,0.109063
161.280000,0.109063
161.296000,0.109063
161.312000,0.082488
161.324000,0.069265
161.340000,0.124469
161.356000,0.124469
161.372000,0.079555
161.384000,0.079555
161.400000,0.079555
161.416000,0.109152
161.432000,0.094549
161.444000,0.094549
161.460000,0.094549
161.476000,0.071631
161.492000,0.128408
161.504000,0.128408
161.520000,0.093717
161.536000,0.086733
161.552000,0.086733
161.564000,0.056283
161.580000,0.101253
161.596000,0.101253
161.612000,0.082475
161.624000,0.082475
161.640000,0.082475
161.656000,0.111558
161.672000,0.104277
161.684000,0.104277
161.700000,0.104277
161.716000,0.078371
161.732000,0.136785
161.744000,0.136785
161.760000,0.088265
161.776000,0.088265
161.792000,0.088265
161.804000,0.058231
161.820000,0.115839
161.836000,0.115839
161.852000,0.079008
161.864000,0.072819
161.880000,0.067016
161.896000,0.122072
161.912000,0.103082
161.924000,0.089679
161.940000,0.089679
161.956000,0.089679
161.972000,0.097149
161.984000,0.097149
162.000000,0.097149
162.016000,0.072285
162.032000,0.066495
162.044000,0.066495
162.060000,0.121174
162.076000,0.090938
162.092000,0.090938
162.104000,0.090938
162.120000,0.068340
162.136000,0.115815
162.152000,0.115815
162.164000,0.115815
162.180000,0.070510
162.196000,0.070510
162.212000,0.124225
162.224000,0.093116
162.240000,0.093116
162.256000,0.093116
162.272000,0.069587
162.284000,0.069587
162.300000,0.120704
162.316000,0.097204
162.332000,0.085895
162.344000,0.085895
162.360000,0.085895
162.376000,0.100701
162.392000,0.100701
162.404000,0.100701
162.420000,0.083076
162.436000,0.072507
162.452000,0.123101
162.464000,0.123101
162.480000,0.092858
162.496000,0.092858
162.512000,0.092858
162.524000,0.070097
162.540000,0.123776
162.556000,0.123776
162.572000,0.080877
162.584000,0.080877
162.600000,0.080877
162.616000,0.132808
162.632000,0.103057
162.644000,0.103057
162.660000,0.103057
162.676000,0.080142
162.692000,0.157141
162.704000,0.157141
162.720000,0.157141
162.736000,0.096407
162.752000,0.096407
162.764000,0.096407
162.780000,0.111580
162.796000,0.111580
162.812000,0.111580
162.824000,0.090387
162.840000,0.085430
162.856000,0.137026
162.872000,0.110031
162.884000,0.113821
162.900000,0.113821
162.916000,0.113821
162.932000,0.129393
162.944000,0.129393
162.960000,0.129393
162.976000,0.121934
162.992000,0.121934
163.004000,0.121934
163.020000,0.123236
163.036000,0.111466
163.052000,0.111466
163.064000,0.111466
163.080000,0.093558
163.096000,0.145497
163.112000,0.145497
163.124000,0.110781
163.140000,0.105383
163.156000,0.105383
163.172000,0.126092
163.184000,0.135989
163.200000,0.135989
163.216000,0.129548
163.232000,0.097007
163.244000,0.097007
163.260000,0.151529
163.276000,0.149131
163.292000,0.149131
163.304000,0.149131
163.320000,0.094022
163.336000,0.137825
163.352000,0.137825
163.364000,0.137825
163.380000,0.104375
163.396000,0.114484
163.412000,0.173863
163.424000,0.136832
163.440000,0.123537
163.456000,0.123537
163.472000,0.102112
163.484000,0.099814
163.500000,0.156122
163.516000,0.156122
163.532000,0.113200
163.544000,0.113200
163.560000,0.162022
163.576000,0.125990
163.592000,0.125990
163.604000,0.125990
163.620000,0.107357
163.636000,0.158537
163.652000,0.158537
163.664000,0.127612
163.680000,0.120706
163.696000,0.120706
163.712000,0.184873
163.724000,0.138608
163.740000,0.138608
163.756000,0.138608
163.772000,0.096117
163.784000,0.096117
163.800000,0.157353
163.816000,0.137432
163.832000,0.137432
163.844000,0.137432
163.860000,0.113707
163.876000,0.158620
163.892000,0.158620
163.904000,0.158620
163.920000,0.117502
163.936000,0.117502
163.952000,0.175941
163.964000,0.121958
163.980000,0.121958
163.996000,0.121958
164.012000,0.121958
164.024000,0.093275
164.040000,0.152187
164.056000,0.152187
164.072000,0.111126
164.084000,0.111126
164.100000,0.111126
164.116000,0.134859
164.132000,0.119515
164.144000,0.119515
164.160000,0.119515
164.176000,0.087575
164.192000,0.146805
164.204000,0.146805
164.220000,0.110869
164.236000,0.103488
164.252000,0.103488
164.264000,0.103488
164.280000,0.129039
164.296000,0.129039
164.312000,0.102883
164.324000,0.085592
164.340000,0.085592
164.356000,0.142647
164.372000,0.104628
164.384000,0.104628
164.400000,0.104628
164.416000,0.075989
164.432000,0.125469
164.444000,0.125469
164.460000,0.125469
164.476000,0.071305
164.492000,0.071305
164.504000,0.071305
164.520000,0.097384
164.536000,0.088158
164.552000,0.088158
164.564000,0.064086
164.580000,0.064086
164.596000,0.120414
164.612000,0.086205
164.624000,0.079432
164.640000,0.079432
164.656000,0.079432
164.672000,0.093345
164.684000,0.093345
164.700000,0.093345
164.716000,0.070700
164.732000,0.065558
164.744000,0.065558
164.760000,0.117948
164.776000,0.087883
164.792000,0.087883
164.804000,0.087883
164.820000,0.058384
164.836000,0.102090
164.852000,0.102090
164.864000,0.102090
164.880000,0.063782
164.896000,0.063782
164.912000,0.115257
164.924000,0.090672
164.940000,0.084428
164.956000,0.084428
164.972000,0.062582
164.984000,0.082479
165.000000,0.139465
165.016000,0.139465
165.032000,0.077770
165.044000,0.077770
165.060000,0.077770
165.076000,0.092255
165.092000,0.101661
165.104000,0.101661
165.120000,0.101661
165.136000,0.072074
165.152000,0.119240
165.164000,0.119240
165.180000,0.095288
165.196000,0.095288
165.212000,0.095288
165.224000,0.070301
165.240000,0.115581
165.256000,0.115581
165.272000,0.077620
165.284000,0.084688
165.300000,0.084688
165.316000,0.117366
165.332000,0.105666
165.344000,0.105666
165.360000,0.105666
165.376000,0.080651
165.392000,0.127850
165.404000,0.127850
165.420000,0.106910
165.436000,0.101775
165.452000,0.101775
165.464000,0.083643
165.480000,0.126517
165.496000,0.126517
165.512000,0.100289
165.524000,0.107772
165.540000,0.107772
165.556000,0.159622
165.572000,0.116742
165.584000,0.116742
165.600000,0.116742
165.616000,0.102632
165.632000,0.139983
165.644000,0.139983
165.660000,0.139983
165.676000,0.102796
165.692000,0.102796
165.704000,0.102796
165.720000,0.140605
165.736000,0.134912
165.752000,0.134912
165.764000,0.107857
165.780000,0.103705
165.796000,0.151244
165.812000,0.130299
165.824000,0.125085
165.840000,0.125085
165.856000,0.125085
165.872000,0.145375
165.884000,0.138528
165.900000,0.138528
165.916000,0.138528
165.932000,0.110351
165.944000,0.110351
165.960000,0.157576
165.976000,0.154442
165.992000,0.160559
166.004000,0.160559
166.020000,0.160559
166.036000,0.153104
166.052000,0.146916
166.064000,0.146916
166.080000,0.146916
166.096000,0.105015
166.112000,0.153395
166.124000,0.153395
166.140000,0.132728
166.156000,0.136459
166.172000,0.136459
166.184000,0.136459
166.200000,0.143940
166.216000,0.143940
166.232000,0.143940
166.244000,0.122227
166.260000,0.122227
166.276000,0.176299
166.292000,0.134794
166.304000,0.128699
166.320000,0.128699
166.336000,0.128699
166.352000,0.161374
166.364000,0.161374
166.380000,0.161374
166.396000,0.114172
166.412000,0.114172
166.424000,0.114172
166.440000,0.169740
166.456000,0.135089
166.472000,0.135089
166.484000,0.135089
166.500000,0.094823
166.516000,0.148237
166.532000,0.148237
166.544000,0.159148
166.560000,0.111508
166.576000,0.111508
166.592000,0.168505
166.604000,0.132780
166.620000,0.132780
166.636000,0.132780
166.652000,0.099588
166.664000,0.099588
166.680000,0.159527
166.696000,0.122138
166.712000,0.115110
166.724000,0.115110
166.740000,0.104659
166.756000,0.143399
166.772000,0.143399
166.784000,0.143399
166.800000,0.096834
166.816000,0.096834
166.832000,0.154794
166.844000,0.160096
166.860000,0.117651
166.876000,0.117651
166.892000,0.087248
166.904000,0.073481
166.920000,0.130909
166.936000,0.130909
166.952000,0.100894
166.964000,0.100894
166.980000,0.100894
166.996000,0.124817
167.012000,0.124817
167.024000,0.124817
167.040000,0.092099
167.056000,0.122210
167.072000,0.181340
167.084000,0.181340
167.100000,0.113461
167.116000,0.113461
167.132000,0.074972
167.144000,0.074972
167.160000,0.136566
167.176000,0.136566
167.192000,0.093389
167.204000,0.093389
167.220000,0.093389
167.236000,0.111269
167.252000,0.111269
167.264000,0.111269
167.280000,0.091091
167.296000,0.083747
167.312000,0.144511
167.324000,0.110926
167.340000,0.110926
167.356000,0.126289
167.372000,0.126289
167.384000,0.126289
167.400000,0.098960
167.416000,0.098960
167.432000,0.098960
167.444000,0.103835
167.460000,0.073436
167.476000,0.131259
167.492000,0.131259
167.504000,0.085661
167.520000,0.085661
167.536000,0.085661
167.552000,0.108628
167.564000,0.108628
167.580000,0.108628
167.596000,0.071334
167.612000,0.065144
167.624000,0.065144
167.640000,0.095188
167.656000,0.100138
167.672000,0.100138
167.684000,0.100138
167.700000,0.056372
167.716000,0.104832
167.732000,0.104832
167.744000,0.109672
167.760000,0.067833
167.776000,0.067833
167.792000,0.120316
167.804000,0.088446
167.820000,0.088446
167.836000,0.088446
167.852000,0.065959
167.864000,0.065959
167.880000,0.114589
167.896000,0.088622
167.912000,0.083590
167.924000,0.083590
167.940000,0.083590
167.956000,0.112465
167.972000,0.112465
167.984000,0.112465
168.000000,0.074203
168.016000,0.074203
168.032000,0.120094
168.044000,0.103972
168.060000,0.093132
168.076000,0.093132
168.092000,0.093132
168.104000,0.071067
168.120000,0.117829
168.136000,0.117829
168.152000,0.117829
168.164000,0.077990
168.180000,0.077990
168.196000,0.116143
168.212000,0.107134
168.224000,0.102214
168.240000,0.102214
168.256000,0.102214
168.272000,0.107975
168.284000,0.107975
168.300000,0.107975
168.316000,0.099575
168.332000,0.095710
168.344000,0.095710
168.360000,0.109133
168.376000,0.103454
168.392000,0.103454
168.404000,0.103454
168.420000,0.086386
168.436000,0.122550
168.452000,0.122550
168.464000,0.122550
168.480000,0.102868
168.496000,0.102868
168.512000,0.152859
168.524000,0.106870
168.540000,0.100973
168.556000,0.100973
168.572000,0.100973
168.584000,0.086405
168.600000,0.120685
168.616000,0.120685
168.632000,0.120685
168.644000,0.103437
168.660000,0.102399
168.676000,0.152256
168.692000,0.128163
168.704000,0.123916
168.720000,0.123916
168.736000,0.123916
168.752000,0.145778
168.764000,0.145778
168.780000,0.145778
168.796000,0.103808
168.812000,0.103808
168.824000,0.103808
168.840000,0.133825
168.856000,0.125171
168.872000,0.125171
168.884000,0.125171
168.900000,0.101647
168.916000,0.154218
168.932000,0.154218
168.944000,0.127163
168.960000,0.125893
168.976000,0.125893
168.992000,0.141021
169.004000,0.134764
169.020000,0.134764
169.036000,0.114372
169.052000,0.113067
169.064000,0.113067
169.080000,0.168748
169.096000,0.121156
169.112000,0.121156
169.124000,0.121156
169.140000,0.101253
169.156000,0.160164
169.172000,0.160164
169.184000,0.160164
169.200000,0.115414
169.216000,0.115414
169.232000,0.174592
169.244000,0.142871
169.260000,0.142871
169.276000,0.142871
169.292000,0.103935
169.304000,0.103935
169.320000,0.161816
169.336000,0.122804
169.352000,0.122804
169.364000,0.122804
169.380000,0.096855
169.396000,0.147555
169.412000,0.147555
169.424000,0.147555
169.440000,0.108579
169.456000,0.108579
169.472000,0.168620
169.484000,0.134505
169.500000,0.119757
169.516000,0.119757
169.532000,0.119757
169.544000,0.088781
169.560000,0.149172
169.576000,0.149172
169.592000,0.111678
169.604000,0.111678
169.620000,0.111678
169.636000,0.132572
169.652000,0.132572
169.664000,0.132572
169.680000,0.137739
169.696000,0.137739
169.712000,0.201465
169.724000,0.122177
169.740000,0.112650
169.756000,0.112650
169.772000,0.086222
169.784000,0.115735
169.800000,0.178145
169.816000,0.178145
169.832000,0.103250
169.844000,0.103250
169.860000,0.103250
169.876000,0.115643
169.892000,0.115643
169.904000,0.115643
169.920000,0.089089
169.936000,0.089089
169.952000,0.149219
169.964000,0.115830
169.980000,0.108468
169.996000,0.108468
170.012000,0.080022
170.024000,0.066933
170.040000,0.121388
170.056000,0.121388
170.072000,0.089050
170.084000,0.089050
170.100000,0.089050
170.116000,0.113341
170.132000,0.113341
170.144000,0.113341
170.160000,0.072771
170.176000,0.065802
170.192000,0.119327
170.204000,0.119327
170.220000,0.093335
170.236000,0.093335
170.252000,0.093335
170.264000,0.067441
170.280000,0.112520
170.296000,0.112520
170.312000,0.094484
170.324000,0.088173
170.340000,0.088173
170.356000,0.145087
170.372000,0.087224
170.384000,0.087224
170.400000,0.087224
170.416000,0.059241
170.432000,0.106445
170.444000,0.106445
170.460000,0.083707
170.476000,0.077511
170.492000,0.077511
170.504000,0.077511
170.520000,0.098611
170.536000,0.098611
170.552000,0.098611
170.564000,0.059997
170.580000,0.059997
170.596000,0.107100
170.612000,0.096146
170.624000,0.083850
170.640000,0.083850
170.656000,0.083850
170.672000,0.104346
170.684000,0.104346
170.700000,0.104346
170.716000,0.088044
170.732000,0.088044
170.744000,0.088044
170.760000,0.100808
170.776000,0.100808
170.792000,0.100808
170.804000,0.073828
170.820000,0.072331
170.836000,0.119649
170.852000,0.098559
170.864000,0.087389
170.880000,0.087389
170.896000,0.072619
170.912000,0.114308
170.924000,0.140465
170.940000,0.140465
170.956000,0.140465
170.972000,0.073438
170.984000,0.073438
171.000000,0.115485
171.016000,0.095190
171.032000,0.095190
171.044000,0.095190
171.060000,0.077511
171.076000,0.117787
171.092000,0.117787
171.104000,0.117787
171.120000,0.098080
171.136000,0.098080
171.152000,0.150086
171.164000,0.101077
171.180000,0.101077
171.196000,0.101077
171.212000,0.085495
171.224000,0.085495
171.240000,0.139277
171.256000,0.111766
171.272000,0.105903
171.284000,0.105903
171.300000,0.105903
171.316000,0.134734
171.332000,0.134734
171.344000,0.134734
171.360000,0.095035
171.376000,0.088821
171.392000,0.137759
171.404000,0.137759
171.420000,0.113288
171.436000,0.107443
171.452000,0.107443
171.464000,0.107443
171.480000,0.153788
171.496000,0.125784
171.512000,0.119622
171.524000,0.119622
171.540000,0.119622
171.556000,0.131043
171.572000,0.131043
171.584000,0.131043
171.600000,0.093198
171.616000,0.093198
171.632000,0.146407
171.644000,0.124127
171.660000,0.124127
171.676000,0.124127
171.692000,0.089475
171.704000,0.089475
171.720000,0.144381
171.736000,0.115667
171.752000,0.115667
171.764000,0.115667
171.780000,0.115667
171.796000,0.129822
171.812000,0.129822
171.824000,0.129822
171.840000,0.101966
171.856000,0.105920
171.872000,0.165224
171.884000,0.165224
171.900000,0.115592
171.916000,0.115592
171.932000,0.115592
171.944000,0.094608
171.960000,0.148060
171.976000,0.148060
171.992000,0.116999
172.004000,0.110111
172.020000,0.110111
172.036000,0.171459
172.052000,0.132515
172.064000,0.132515
172.080000,0.132515
172.096000,0.093615
172.112000,0.151164
172.124000,0.151164
172.140000,0.120151
172.156000,0.120151
172.172000,0.120151
172.184000,0.120151
172.200000,0.135379
172.216000,0.157097
172.232000,0.157097
172.244000,0.157097
172.260000,0.102623
172.276000,0.160771
172.292000,0.129289
172.304000,0.115265
172.320000,0.115265
172.336000,0.115265
172.352000,0.132241
172.364000,0.132241
172.380000,0.132241
172.396000,0.102464
172.412000,0.124978
172.424000,0.124978
172.440000,0.184429
172.456000,0.109272
172.472000,0.109272
172.484000,0.109272
172.500000,0.078520
172.516000,0.170764
172.532000,0.170764
172.544000,0.170764
172.560000,0.103598
172.580000,0.103598
172.592000,0.161683
172.604000,0.115111
172.624000,0.120029
172.636000,0.120029
172.652000,0.081607
172.664000,0.081607
172.680000,0.139599
172.696000,0.107183
172.712000,0.099986
172.724000,0.099986
172.740000,0.099986
172.756000,0.103672
172.772000,0.094822
172.784000,0.094822
172.800000,0.094822
172.816000,0.074967
172.832000,0.130662
172.844000,0.130662
172.860000,0.098183
172.876000,0.091099
172.892000,0.091099
172.904000,0.091099
172.920000,0.115954
172.936000,0.115954
172.952000,0.082642
172.964000,0.074849
172.980000,0.074849
172.996000,0.131712
173.012000,0.097189
173.024000,0.097189
173.040000,0.097189
173.056000,0.063865
173.072000,0.114026
173.084000,0.114026
173.100000,0.085557
173.116000,0.083419
173.132000,0.083419
173.144000,0.083419
173.160000,0.108265
173.176000,0.108265
173.192000,0.108265
173.204000,0.071295
173.220000,0.071295
173.236000,0.122028
173.252000,0.097533
173.264000,0.091421
173.280000,0.091421
173.296000,0.091421
173.312000,0.110509
173.324000,0.110509
173.340000,0.110509
173.356000,0.082780
173.372000,0.082780
173.384000,0.082780
173.400000,0.099199
173.416000,0.102905
173.432000,0.102905
173.444000,0.102905
173.460000,0.070250
173.476000,0.115061
173.492000,0.115061
173.504000,0.087115
173.520000,0.089872
173.536000,0.089872
173.552000,0.141408
173.564000,0.108568
173.580000,0.108568
173.596000,0.108568
173.612000,0.087875
173.624000,0.087875
173.640000,0.135602
173.656000,0.102031
173.672000,0.102031
173.684000,0.102031
173.704000,0.084270
173.716000,0.127091
173.732000,0.127091
173.744000,0.127091
173.760000,0.096086
173.776000,0.092601
173.792000,0.136062
173.804000,0.117646
173.820000,0.115637
173.836000,0.115637
173.852000,0.115637
173.864000,0.088591
173.880000,0.119894
173.896000,0.119894
173.912000,0.110936
173.924000,0.106312
173.940000,0.106312
173.956000,0.155347
173.972000,0.124664
173.984000,0.124664
174.000000,0.124664
174.016000,0.103842
174.032000,0.150605
174.044000,0.150605
174.060000,0.114919
174.076000,0.110024
174.092000,0.110024
174.104000,0.110024
174.120000,0.151320
174.136000,0.151320
174.152000,0.151320
174.164000,0.111383
174.180000,0.106839
174.196000,0.149768
174.212000,0.149768
174.224000,0.128928
174.240000,0.128928
174.256000,0.128928
174.272000,0.147361
174.284000,0.147361
174.300000,0.147361
174.316000,0.131594
174.332000,0.121087
174.344000,0.121087
174.360000,0.171334
174.376000,0.128813
174.392000,0.128813
174.404000,0.128813
174.420000,0.115116
174.436000,0.157788
174.452000,0.157788
174.464000,0.145827
174.480000,0.126666
174.496000,0.126666
174.512000,0.178905
174.524000,0.148349
174.540000,0.148349
174.556000,0.148349
174.572000,0.108260
174.584000,0.108260
174.600000,0.156015
174.616000,0.144414
174.632000,0.131927
174.644000,0.131927
174.660000,0.106929
174.676000,0.150268
174.692000,0.150268
174.704000,0.150268
174.720000,0.119498
174.736000,0.113504
174.752000,0.166990
174.764000,0.133385
174.780000,0.125370
174.796000,0.125370
174.812000,0.114871
174.824000,0.103302
174.840000,0.157341
174.856000,0.157341
174.872000,0.121051
174.884000,0.121051
174.900000,0.121051
174.916000,0.150099
174.932000,0.142988
174.944000,0.142988
174.960000,0.110741
174.976000,0.095294
174.992000,0.149141
175.004000,0.149141
175.020000,0.121984
175.036000,0.121984
175.052000,0.121984
175.064000,0.086347
175.080000,0.169142
175.096000,0.169142
175.112000,0.169142
175.124000,0.097459
175.140000,0.090731
175.156000,0.146623
175.172000,0.146623
175.184000,0.112945
175.200000,0.112945
175.216000,0.112945
175.232000,0.132807
175.244000,0.132807
175.260000,0.132807
175.276000,0.100264
175.292000,0.100264
175.304000,0.100264
175.320000,0.138037
175.336000,0.130249
175.352000,0.130249
175.364000,0.130249
175.380000,0.080996
175.396000,0.139306
175.412000,0.139306
175.424000,0.097547
175.440000,0.089976
175.456000,0.089976
175.472000,0.115369
175.484000,0.112569
175.500000,0.112569
175.516000,0.112569
175.532000,0.071476
175.544000,0.071476
175.560000,0.131488
175.576000,0.095346
175.592000,0.087510
175.604000,0.087510
175.620000,0.055114
175.636000,0.097689
175.652000,0.097689
175.664000,0.079307
175.680000,0.071664
175.696000,0.071664
175.712000,0.108981
175.724000,0.106250
175.740000,0.106250
175.756000,0.106250
175.772000,0.044640
175.784000,0.044640
175.800000,0.103313
175.816000,0.089984
175.832000,0.074404
175.844000,0.074404
175.860000,0.043177
175.876000,0.096046
175.892000,0.096046
175.904000,0.096046
175.920000,0.075327
175.936000,0.075327
175.952000,0.105149
175.964000,0.085980
175.984000,0.085980
175.996000,0.085980
176.012000,0.056662
176.024000,0.056662
176.040000,0.119142
176.056000,0.079574
176.072000,0.079574
176.084000,0.079574
176.100000,0.045500
176.116000,0.104381
176.132000,0.104381
176.144000,0.104381
176.160000,0.066322
176.176000,0.066322
176.192000,0.126984
176.204000,0.083370
176.220000,0.087842
176.236000,0.087842
176.252000,0.059935
176.264000,0.049727
176.280000,0.103167
176.296000,0.103167
176.312000,0.078311
176.324000,0.072049
176.344000,0.072049
176.356000,0.102693
176.372000,0.086348
176.384000,0.086348
176.400000,0.086348
176.416000,0.065841
176.432000,0.122826
176.444000,0.122826
176.460000,0.085919
176.476000,0.080140
176.492000,0.080140
176.504000,0.080140
176.520000,0.104443
176.536000,0.104443
176.552000,0.104443
176.568000,0.068947
176.580000,0.068947
176.596000,0.119464
176.612000,0.096149
176.624000,0.084767
176.640000,0.084767
176.656000,0.084767
176.672000,0.110937
176.684000,0.110937
176.700000,0.110937
176.716000,0.088837
176.732000,0.078519
176.744000,0.078519
176.760000,0.130280
176.776000,0.093214
176.792000,0.096830
176.804000,0.096830
176.820000,0.096830
176.836000,0.112806
176.852000,0.112806
176.864000,0.112806
176.880000,0.111432
176.896000,0.087711
176.912000,0.140356
176.924000,0.116858
176.940000,0.112445
176.956000,0.112445
176.972000,0.112445
176.984000,0.083254
177.000000,0.133962
177.016000,0.133962
177.032000,0.096645
177.044000,0.096645
177.060000,0.096645
177.076000,0.149245
177.092000,0.111010
177.104000,0.111010
177.120000,0.111010
177.136000,0.094143
177.152000,0.146091
177.164000,0.146091
177.180000,0.146091
177.196000,0.107137
177.212000,0.107137
177.224000,0.107137
177.240000,0.127955
177.256000,0.127955
177.272000,0.127955
177.284000,0.127955
177.300000,0.095496
177.316000,0.146920
177.332000,0.146920
177.344000,0.118127
177.360000,0.118127
177.376000,0.118127
177.392000,0.140252
177.404000,0.140252
177.420000,0.140252
177.436000,0.106880
177.456000,0.106880
177.464000,0.106880
177.484000,0.132478
177.496000,0.125982
177.512000,0.125982
177.524000,0.125982
177.540000,0.099071
177.556000,0.151953
177.572000,0.151953
177.584000,0.121481
177.600000,0.121481
177.616000,0.121481
177.632000,0.134741
177.644000,0.134741
177.660000,0.134741
177.680000,0.116360
177.692000,0.109928
177.704000,0.109928
177.720000,0.165848
177.736000,0.121348
177.752000,0.121348
177.764000,0.121348
177.780000,0.121348
177.796000,0.138483
177.812000,0.138483
177.824000,0.138483
177.840000,0.101734
177.856000,0.101734
177.872000,0.159522
177.884000,0.159522
177.900000,0.117995
177.916000,0.117995
177.932000,0.117995
177.944000,0.088868
177.960000,0.143839
177.976000,0.143839
177.992000,0.098189
178.004000,0.098189
178.020000,0.098189
178.036000,0.123382
178.052000,0.123382
178.064000,0.123382
178.080000,0.123382
178.096000,0.084442
178.112000,0.139680
178.124000,0.139680
178.140000,0.107996
178.156000,0.107996
178.172000,0.107996
178.184000,0.077610
178.200000,0.117686
178.216000,0.117686
178.232000,0.087165
178.244000,0.087165
178.260000,0.087165
178.276000,0.144000
178.292000,0.108813
178.304000,0.108813
178.320000,0.108813
178.336000,0.072658
178.352000,0.127647
178.364000,0.127647
178.380000,0.101631
178.396000,0.087922
178.412000,0.087922
178.424000,0.087922
178.440000,0.108303
178.456000,0.108303
178.472000,0.108303
178.484000,0.083210
178.500000,0.077147
178.516000,0.131872
178.532000,0.090121
178.544000,0.090121
178.560000,0.090121
178.576000,0.072305
178.592000,0.118705
178.604000,0.118705
178.620000,0.118705
178.636000,0.077199
178.652000,0.077199
178.664000,0.077199
178.680000,0.131134
178.696000,0.092883
178.712000,0.092883
178.724000,0.092883
178.740000,0.064367
178.756000,0.112201
178.772000,0.112201
178.784000,0.088658
178.800000,0.082950
178.816000,0.082950
178.832000,0.101130
178.844000,0.101130
178.860000,0.101130
178.876000,0.101130
178.892000,0.067809
178.904000,0.067809
178.920000,0.113138
178.936000,0.087115
178.952000,0.087115
178.964000,0.087115
178.980000,0.073823
178.996000,0.110902
179.012000,0.110902
179.024000,0.110902
179.040000,0.080733
179.056000,0.080733
179.072000,0.131428
179.084000,0.102456
179.100000,0.096614
179.116000,0.096614
179.132000,0.071298
179.144000,0.071298
179.160000,0.118061
179.176000,0.118061
179.192000,0.097216
179.204000,0.097216
179.220000,0.097216
179.236000,0.111799
179.252000,0.111799
179.264000,0.111799
179.280000,0.092401
179.296000,0.092401
179.312000,0.144710
179.324000,0.111765
179.340000,0.106159
179.356000,0.106159
179.372000,0.084688
179.384000,0.087164
179.400000,0.137017
179.416000,0.137017
179.432000,0.099566
179.444000,0.099566
179.460000,0.099566
179.476000,0.115381
179.492000,0.125052
179.504000,0.125052
179.520000,0.099539
179.536000,0.089312
179.552000,0.139216
179.564000,0.139216
179.580000,0.117255
179.596000,0.117255
179.612000,0.117255
179.624000,0.088827
179.640000,0.133871
179.656000,0.133871
179.672000,0.097908
179.684000,0.106444
179.700000,0.106444
179.716000,0.162539
179.732000,0.115601
179.744000,0.115601
179.760000,0.115601
179.776000,0.095948
179.792000,0.154220
179.804000,0.154220
179.820000,0.118936
179.836000,0.106540
179.852000,0.106540
179.864000,0.106540
179.880000,0.140250
179.896000,0.140250
179.912000,0.140250
179.924000,0.098344
179.940000,0.092275
179.956000,0.148413
179.972000,0.125772
179.984000,0.130296
180.000000,0.130296
180.016000,0.130296
180.032000,0.138936
180.044000,0.138936
180.060000,0.138936
180.076000,0.103929
180.092000,0.107702
180.104000,0.107702
180.120000,0.167899
180.136000,0.135441
180.152000,0.135441
180.164000,0.135441
180.180000,0.103583
180.196000,0.162800
180.212000,0.162800
180.224000,0.116443
180.240000,0.109431
180.256000,0.109431
180.272000,0.132323
180.284000,0.132323
180.300000,0.132323
180.316000,0.112011
180.332000,0.097704
180.344000,0.097704
180.360000,0.157598
180.376000,0.123930
180.392000,0.123930
180.404000,0.123930
180.420000,0.120847
180.436000,0.181919
180.452000,0.181919
180.464000,0.101496
180.480000,0.101496
180.496000,0.101496
180.512000,0.137844
180.524000,0.129922
180.540000,0.129922
180.556000,0.129922
180.572000,0.088796
180.584000,0.088796
180.600000,0.147380
180.616000,0.110037
180.632000,0.110037
180.644000,0.110037
180.660000,0.059904
180.676000,0.105257
180.692000,0.105257
180.704000,0.087215
180.720000,0.084530
180.736000,0.084530
180.752000,0.144154
180.764000,0.101738
180.780000,0.101738
180.796000,0.101738
180.812000,0.074609
180.824000,0.067877
180.840000,0.124860
180.856000,0.090950
180.872000,0.073488
180.884000,0.073488
180.900000,0.073488
180.916000,0.114585
180.932000,0.106985
180.944000,0.106985
180.960000,0.067675
180.976000,0.054996
180.992000,0.106584
181.004000,0.106584
181.020000,0.080700
181.036000,0.074382
181.052000,0.074382
181.064000,0.055579
181.080000,0.086763
181.096000,0.086763
181.112000,0.097794
181.124000,0.065053
181.140000,0.065053
181.156000,0.116819
181.172000,0.081453
181.184000,0.081453
181.200000,0.081453
181.216000,0.064540
181.232000,0.099242
181.244000,0.099242
181.260000,0.099242
181.276000,0.069338
181.292000,0.069338
181.304000,0.069338
181.320000,0.092247
181.336000,0.087144
181.352000,0.087144
181.364000,0.073502
181.380000,0.070995
181.396000,0.111663
181.412000,0.111663
181.424000,0.082656
181.440000,0.082656
181.456000,0.082656
181.472000,0.105590
181.484000,0.105590
181.500000,0.105590
181.516000,0.079807
181.532000,0.079807
181.544000,0.079807
181.560000,0.102191
181.576000,0.097833
181.592000,0.097833
181.604000,0.097833
181.620000,0.085979
181.636000,0.126740
181.652000,0.109905
181.664000,0.101500
181.680000,0.101500
181.696000,0.101500
181.712000,0.118074
181.724000,0.118074
181.740000,0.118074
181.756000,0.100345
181.772000,0.094113
181.784000,0.094113
181.800000,0.134943
181.816000,0.115630
181.832000,0.115630
181.844000,0.115630
181.860000,0.093525
181.876000,0.129199
181.892000,0.129199
181.904000,0.111084
181.920000,0.113744
181.936000,0.113744
181.952000,0.164007
181.964000,0.123501
181.980000,0.123501
181.996000,0.123501
182.012000,0.107689
182.024000,0.107689
182.040000,0.154516
182.056000,0.130312
182.072000,0.118318
182.084000,0.118318
182.100000,0.118318
182.116000,0.151184
182.132000,0.151184
182.144000,0.151184
182.160000,0.118676
182.176000,0.118676
182.192000,0.170257
182.204000,0.140657
182.220000,0.144123
182.236000,0.144123
182.252000,0.144123
182.268000,0.108672
182.280000,0.158631
182.296000,0.158631
182.312000,0.128816
182.324000,0.128816
182.340000,0.128816
182.356000,0.146221
182.372000,0.130304
182.384000,0.130304
182.400000,0.130304
182.420000,0.140529
182.432000,0.198254
182.444000,0.198254
182.460000,0.137458
182.476000,0.137458
182.492000,0.137458
182.504000,0.102315
182.520000,0.187500
182.536000,0.187500
182.552000,0.123813
182.564000,0.115127
182.580000,0.115127
182.596000,0.174144
182.612000,0.142285
182.624000,0.142285
182.640000,0.142285
182.656000,0.102834
182.672000,0.153351
182.684000,0.153351
182.700000,0.119804
182.716000,0.150501
182.732000,0.150501
182.744000,0.150501
182.760000,0.114744
182.776000,0.114744
182.792000,0.114744
182.804000,0.098575
182.820000,0.098575
182.836000,0.159036
182.852000,0.122350
182.868000,0.114724
182.880000,0.114724
182.896000,0.114724
182.912000,0.146611
182.924000,0.146611
182.940000,0.146611
182.960000,0.084452
182.972000,0.075154
182.984000,0.075154
183.000000,0.135596
183.016000,0.121647
183.032000,0.121647
183.044000,0.121647
183.060000,0.071608
183.076000,0.124027
183.092000,0.124027
183.104000,0.096915
183.120000,0.094019
183.136000,0.094019
183.152000,0.156383
183.164000,0.100030
183.180000,0.090142
183.196000,0.090142
183.212000,0.070027
183.224000,0.070027
183.240000,0.131324
183.256000,0.096677
183.272000,0.081366
183.284000,0.081366
183.300000,0.081366
183.316000,0.101985
183.332000,0.101985
183.344000,0.101985
183.360000,0.070316
183.376000,0.070316
183.392000,0.129675
183.404000,0.091912
183.420000,0.091912
183.436000,0.091912
183.452000,0.065417
183.464000,0.065417
183.480000,0.123488
183.496000,0.076153
183.512000,0.076153
183.524000,0.076153
183.540000,0.076153
183.556000,0.109373
183.572000,0.099716
183.584000,0.099716
183.600000,0.099716
183.616000,0.066473
183.632000,0.120740
183.644000,0.120740
183.660000,0.079722
183.676000,0.074461
183.692000,0.074461
183.704000,0.074461
183.720000,0.126495
183.736000,0.126495
183.752000,0.126495
183.764000,0.068140
183.780000,0.064823
183.796000,0.107581
183.812000,0.091344
183.824000,0.081322
183.840000,0.081322
183.856000,0.081322
183.872000,0.105244
183.884000,0.105244
183.904000,0.105244
183.916000,0.080707
183.932000,0.076250
183.944000,0.076250
183.960000,0.121230
183.976000,0.096346
183.992000,0.096346
184.004000,0.096346
184.020000,0.083895
184.036000,0.127452
184.052000,0.127452
184.064000,0.101201
184.080000,0.097386
184.096000,0.097386
184.112000,0.145061
184.124000,0.114130
184.140000,0.109625
184.156000,0.109625
184.172000,0.109625
184.184000,0.092000
184.200000,0.133420
184.216000,0.133420
184.232000,0.102931
184.244000,0.102931
184.260000,0.102931
184.276000,0.130124
184.292000,0.133293
184.304000,0.133293
184.320000,0.133293
184.336000,0.098453
184.352000,0.142172
184.364000,0.142172
184.380000,0.123329
184.396000,0.118461
184.412000,0.118461
184.424000,0.118461
184.440000,0.134279
184.456000,0.134279
184.472000,0.134279
184.484000,0.119273
184.500000,0.119273
184.516000,0.145682
184.532000,0.134001
184.544000,0.134001
184.560000,0.134001
184.576000,0.107726
184.592000,0.139693
184.604000,0.133691
184.620000,0.125235
184.636000,0.114095
184.652000,0.106480
184.664000,0.097064
184.680000,0.139817
184.696000,0.127139
184.712000,0.124660
184.724000,0.112579
184.740000,0.101524
184.760000,0.134473
184.772000,0.118934
184.784000,0.123695
184.800000,0.106659
184.816000,0.109717
184.832000,0.136504
184.844000,0.136504
184.860000,0.127263
184.876000,0.114778
184.892000,0.100223
184.904000,0.094675
184.920000,0.143432
184.936000,0.136492
184.952000,0.104774
184.964000,0.097004
184.980000,0.099073
184.996000,0.133083
185.012000,0.123123
185.024000,0.109078
185.040000,0.102281
185.056000,0.092920
185.072000,0.136086
185.084000,0.125050
185.100000,0.097894
185.116000,0.110036
185.132000,0.093872
185.144000,0.093872
185.160000,0.115426
185.176000,0.106512
185.192000,0.099516
185.204000,0.093086
185.220000,0.083996
185.236000,0.125911
185.252000,0.125911
185.264000,0.115883
185.280000,0.106120
185.296000,0.085547
185.312000,0.132529
185.324000,0.132529
185.340000,0.110466
185.356000,0.090773
185.372000,0.073828
185.384000,0.077694
185.400000,0.115310
185.416000,0.112441
185.432000,0.090156
185.444000,0.090156
185.460000,0.070773
185.476000,0.109594
185.492000,0.106575
185.504000,0.091381
185.520000,0.081061
185.536000,0.066726
185.552000,0.123613
185.564000,0.108443
185.580000,0.106611
185.596000,0.085237
185.612000,0.075655
185.624000,0.056661
185.640000,0.112304
185.656000,0.092254
185.672000,0.074781
185.684000,0.078828
185.700000,0.059029
185.716000,0.122193
185.732000,0.092228
185.744000,0.092228
185.760000,0.075156
185.776000,0.068354
185.792000,0.108859
185.804000,0.101333
185.820000,0.098541
185.836000,0.076668
185.852000,0.075184
185.864000,0.051339
185.880000,0.101209
185.896000,0.079179
185.912000,0.079179
185.924000,0.069665
185.940000,0.056942
185.956000,0.097187
185.972000,0.090252
185.984000,0.089152
186.000000,0.070810
186.016000,0.074227
186.032000,0.119725
186.044000,0.104480
186.060000,0.080426
186.076000,0.082533
186.092000,0.065655
186.104000,0.061058
186.120000,0.110354
186.136000,0.090729
186.152000,0.088248
186.164000,0.076451
186.180000,0.094607
186.196000,0.109607
186.212000,0.107103
186.224000,0.087943
186.240000,0.082137
186.256000,0.068024
186.272000,0.101793
186.284000,0.112296
186.300000,0.092963
186.316000,0.095834
186.332000,0.082448
186.344000,0.073901
186.360000,0.102609
186.376000,0.106632
186.392000,0.091524
186.404000,0.087114
186.420000,0.080885
186.436000,0.119463
186.452000,0.110863
186.464000,0.092403
186.480000,0.094577
186.496000,0.085842
186.512000,0.133022
186.524000,0.121208
186.540000,0.110174
186.556000,0.107826
186.572000,0.093155
186.584000,0.086908
186.600000,0.123298
186.616000,0.126727
186.632000,0.109600
186.644000,0.126727
186.660000,0.086077
186.676000,0.126171
186.692000,0.123477
186.704000,0.112007
186.720000,0.104214
186.736000,0.094395
186.752000,0.149309
186.764000,0.137094
186.780000,0.129950
186.796000,0.114339
186.812000,0.109653
186.824000,0.102827
186.840000,0.140857
186.856000,0.131883
186.872000,0.112347
186.884000,0.114663
186.900000,0.100744
186.916000,0.148802
186.932000,0.130886
186.944000,0.130886
186.960000,0.122562
186.976000,0.114781
186.992000,0.147033
187.004000,0.140787
187.020000,0.120149
187.036000,0.120149
187.052000,0.111435
187.064000,0.093641
187.080000,0.149024
187.096000,0.129449
187.112000,0.149024
187.124000,0.108878
187.140000,0.103463
187.156000,0.152867
187.172000,0.133602
187.184000,0.132470
187.200000,0.115159
187.216000,0.118260
187.232000,0.152565
187.244000,0.146118
187.260000,0.120377
187.276000,0.112891
187.292000,0.116023
187.304000,0.104033
187.320000,0.141148
187.336000,0.127604
187.352000,0.124731
187.364000,0.105129
187.380000,0.108848
187.396000,0.159426
187.412000,0.137634
187.424000,0.134667
187.440000,0.134667
187.456000,0.134667
187.472000,0.149927
187.484000,0.149927
187.500000,0.149927
187.516000,0.110308
187.532000,0.110308
187.544000,0.110308
187.560000,0.139181
187.576000,0.124619
187.592000,0.124619
187.604000,0.124619
187.620000,0.100682
187.636000,0.158653
187.652000,0.158653
187.664000,0.117117
187.680000,0.099821
187.696000,0.099821
187.712000,0.143081
187.724000,0.140027
187.740000,0.140027
187.756000,0.114542
187.772000,0.099853
187.784000,0.099853
187.800000,0.162265
187.816000,0.128006
187.832000,0.132772
187.844000,0.132772
187.860000,0.081840
187.876000,0.123689
187.892000,0.123689
187.904000,0.123689
187.920000,0.101791
187.936000,0.101791
187.952000,0.160678
187.964000,0.127474
187.980000,0.119851
187.996000,0.119851
188.012000,0.090110
188.024000,0.087152
188.040000,0.145268
188.056000,0.145268
188.072000,0.084347
188.084000,0.084347
188.100000,0.084347
188.116000,0.121581
188.132000,0.121581
188.144000,0.121581
188.160000,0.088118
188.176000,0.073551
188.192000,0.133070
188.204000,0.133070
188.220000,0.103387
188.236000,0.103387
188.252000,0.103387
188.264000,0.046107
188.280000,0.098588
188.296000,0.098588
188.312000,0.080214
188.324000,0.077372
188.340000,0.077372
188.356000,0.138239
188.372000,0.090504
188.384000,0.090504
188.400000,0.090504
188.416000,0.069138
188.432000,0.126468
188.444000,0.126468
188.460000,0.126468
188.476000,0.067686
188.492000,0.067686
188.504000,0.067686
188.520000,0.098581
188.536000,0.098581
188.552000,0.098581
188.564000,0.061100
188.580000,0.061100
188.596000,0.118211
188.612000,0.118211
188.624000,0.082964
188.640000,0.082964
188.656000,0.082964
188.672000,0.088155
188.684000,0.088155
188.700000,0.088155
188.716000,0.075837
188.732000,0.062914
188.744000,0.062914
188.760000,0.118730
188.776000,0.083015
188.792000,0.083015
188.804000,0.083015
188.820000,0.058617
188.836000,0.110864
188.852000,0.110864
188.864000,0.073924
188.880000,0.067548
188.896000,0.067548
188.912000,0.107499
188.924000,0.104868
188.940000,0.104868
188.956000,0.104868
188.972000,0.068131
188.984000,0.068131
189.000000,0.119451
189.016000,0.119451
189.032000,0.089043
189.044000,0.089043
189.060000,0.089043
189.076000,0.100965
189.092000,0.110971
189.104000,0.110971
189.120000,0.084915
189.136000,0.075440
189.152000,0.124014
189.164000,0.124014
189.180000,0.096411
189.196000,0.096411
189.212000,0.096411
189.224000,0.075011
189.240000,0.125162
189.256000,0.125162
189.272000,0.111310
189.284000,0.111310
189.300000,0.111310
189.316000,0.169849
189.332000,0.115768
189.344000,0.115768
189.360000,0.115768
189.376000,0.103826
189.392000,0.158872
189.404000,0.158872
189.420000,0.102204
189.436000,0.096636
189.452000,0.091421
189.464000,0.091421
189.480000,0.145824
189.496000,0.109381
189.512000,0.109381
189.524000,0.109381
189.540000,0.081795
189.556000,0.127766
189.572000,0.127766
189.584000,0.107622
189.600000,0.102312
189.616000,0.102312
189.632000,0.142609
189.644000,0.121661
189.660000,0.121661
189.676000,0.121661
189.692000,0.090770
189.704000,0.090770
189.720000,0.140837
189.736000,0.107818
189.752000,0.111172
189.764000,0.111172
189.780000,0.111172
189.796000,0.123688
189.812000,0.123688
189.824000,0.123688
189.840000,0.098074
189.856000,0.098074
189.872000,0.150458
189.884000,0.126302
189.900000,0.113720
189.916000,0.113720
189.932000,0.085506
189.944000,0.085506
189.960000,0.131544
189.976000,0.131544
189.992000,0.106703
190.004000,0.106703
190.020000,0.106703
190.036000,0.128318
190.052000,0.128318
190.064000,0.128318
190.080000,0.101430
190.096000,0.096232
190.112000,0.148836
190.124000,0.148836
190.140000,0.114933
190.156000,0.114933
190.172000,0.095723
190.184000,0.098826
190.200000,0.145890
190.216000,0.145890
190.232000,0.105404
190.244000,0.105404
190.260000,0.105404
190.276000,0.162268
190.292000,0.117631
190.304000,0.117631
190.320000,0.117631
190.336000,0.102093
190.352000,0.154653
190.364000,0.154653
190.380000,0.154653
190.396000,0.113162
190.412000,0.113162
190.424000,0.113162
190.440000,0.134658
190.456000,0.134658
190.472000,0.134658
190.484000,0.110943
190.500000,0.095782
190.516000,0.149658
190.532000,0.149658
190.544000,0.128532
190.560000,0.128532
190.576000,0.128532
190.592000,0.138986
190.604000,0.138986
190.620000,0.138986
190.636000,0.102143
190.652000,0.102143
190.664000,0.102143
190.680000,0.140349
190.696000,0.134851
190.712000,0.134851
190.724000,0.134851
190.740000,0.089980
190.756000,0.143684
190.772000,0.143684
190.784000,0.118000
190.800000,0.104017
190.816000,0.104017
190.832000,0.122184
190.844000,0.122184
190.860000,0.122184
190.876000,0.122184
190.892000,0.083215
190.904000,0.083215
190.920000,0.138466
190.936000,0.111985
190.952000,0.111985
190.964000,0.111985
190.980000,0.080279
190.996000,0.131558
191.012000,0.131558
191.024000,0.131558
191.040000,0.085383
191.056000,0.085383
191.072000,0.143575
191.084000,0.108847
191.100000,0.108847
191.116000,0.108847
191.132000,0.067883
191.144000,0.067883
191.160000,0.117384
191.176000,0.100874
191.192000,0.094423
191.204000,0.094423
191.220000,0.094423
191.236000,0.109612
191.252000,0.109612
191.264000,0.109612
191.280000,0.080303
191.296000,0.080303
191.312000,0.134449
191.324000,0.108141
191.340000,0.103127
191.356000,0.103127
191.372000,0.103127
191.384000,0.065512
191.400000,0.113982
191.416000,0.113982
191.432000,0.080303
191.444000,0.080303
191.460000,0.080303
191.476000,0.134305
191.492000,0.096823
191.504000,0.096823
191.520000,0.096823
191.536000,0.068955
191.552000,0.115888
191.564000,0.115888
191.580000,0.094444
191.596000,0.094444
191.612000,0.094444
191.624000,0.094444
191.640000,0.104367
191.656000,0.095227
191.672000,0.095227
191.684000,0.095227
191.700000,0.065766
191.716000,0.109773
191.732000,0.109773
191.744000,0.089309
191.760000,0.087188
191.776000,0.087188
191.792000,0.104911
191.804000,0.098899
191.820000,0.098899
191.836000,0.098899
191.852000,0.074742
191.864000,0.074742
191.880000,0.121183
191.896000,0.099450
191.912000,0.088925
191.924000,0.088925
191.940000,0.088925
191.956000,0.113432
191.972000,0.101873
191.984000,0.101873
192.000000,0.100102
192.016000,0.083577
192.032000,0.132121
192.044000,0.132121
192.060000,0.099881
192.076000,0.087686
192.092000,0.087686
192.104000,0.087686
192.120000,0.112983
192.136000,0.112983
192.152000,0.112983
192.164000,0.082170
192.180000,0.082170
192.196000,0.127582
192.212000,0.107951
192.224000,0.111360
192.240000,0.111360
192.256000,0.111360
192.272000,0.109465
192.284000,0.109465
192.300000,0.109465
192.316000,0.095534
192.332000,0.095534
192.344000,0.095534
192.360000,0.124207
192.376000,0.112617
192.392000,0.112617
192.404000,0.112617
192.420000,0.087858
192.436000,0.136117
192.452000,0.136117
192.464000,0.098315
192.480000,0.098315
192.496000,0.098315
192.512000,0.130272
192.524000,0.127876
192.540000,0.127876
192.556000,0.127876
192.572000,0.087871
192.584000,0.084773
192.600000,0.135210
192.616000,0.107629
192.632000,0.096185
192.644000,0.096185
192.660000,0.096185
192.676000,0.128375
192.692000,0.132526
192.704000,0.132526
192.720000,0.132526
192.736000,0.088100
192.752000,0.139110
192.764000,0.139110
192.780000,0.109645
192.796000,0.097431
192.812000,0.097431
192.824000,0.097431
192.840000,0.129644
192.856000,0.129644
192.872000,0.101169
192.884000,0.127200
192.900000,0.127200
192.916000,0.190420
192.932000,0.135684
192.944000,0.121933
192.960000,0.121933
192.976000,0.091929
192.992000,0.140751
193.004000,0.140751
193.020000,0.140751
193.036000,0.097184
193.052000,0.097184
193.064000,0.097184
193.080000,0.159094
193.096000,0.120560
193.112000,0.120560
193.124000,0.120560
193.140000,0.084925
193.156000,0.140851
193.172000,0.140851
193.184000,0.109676
193.200000,0.103043
193.216000,0.103043
193.232000,0.123722
193.244000,0.152035
193.260000,0.152035
193.276000,0.152035
193.292000,0.092055
193.304000,0.092055
193.320000,0.149518
193.336000,0.111753
193.352000,0.111753
193.364000,0.111753
193.380000,0.111753
193.396000,0.131429
193.412000,0.131429
193.424000,0.131429
193.440000,0.095111
193.456000,0.095111
193.472000,0.152730
193.484000,0.133080
193.500000,0.119037
193.516000,0.119037
193.532000,0.119037
193.544000,0.084074
193.560000,0.139493
193.576000,0.139493
193.592000,0.104930
193.604000,0.098988
193.620000,0.098988
193.636000,0.126402
193.652000,0.130435
193.664000,0.130435
193.680000,0.130435
193.696000,0.091384
193.716000,0.146160
193.724000,0.146160
193.740000,0.117411
193.756000,0.117411
193.772000,0.117411
193.784000,0.117411
193.800000,0.131290
193.816000,0.131290
193.832000,0.109925
193.844000,0.104063
193.860000,0.104063
193.876000,0.136953
193.892000,0.120728
193.904000,0.120728
193.920000,0.120728
193.936000,0.102470
193.952000,0.159786
193.964000,0.159786
193.980000,0.129104
193.996000,0.122684
194.012000,0.122684
194.024000,0.122684
194.040000,0.135206
194.056000,0.135206
194.072000,0.135206
194.084000,0.111317
194.100000,0.111317
194.116000,0.166196
194.132000,0.111721
194.144000,0.111721
194.160000,0.111721
194.176000,0.111721
194.192000,0.146952
194.204000,0.146952
194.220000,0.146952
194.236000,0.105738
194.252000,0.105738
194.264000,0.105738
194.280000,0.140363
194.296000,0.140363
194.312000,0.140363
194.324000,0.099710
194.340000,0.094276
194.356000,0.146376
194.372000,0.111536
194.384000,0.111536
194.400000,0.111536
194.416000,0.095061
194.432000,0.135055
194.444000,0.135055
194.460000,0.135055
194.476000,0.106606
194.492000,0.106606
194.504000,0.106606
194.520000,0.134391
194.536000,0.127564
194.552000,0.127564
194.564000,0.091439
194.580000,0.085528
194.596000,0.132582
194.612000,0.132582
194.624000,0.114209
194.640000,0.114209
194.656000,0.114209
194.672000,0.124635
194.684000,0.124635
194.700000,0.124635
194.716000,0.106954
194.732000,0.146927
194.744000,0.146927
194.760000,0.146927
194.776000,0.093429
194.792000,0.102380
194.804000,0.102380
194.820000,0.117791
194.836000,0.104837
194.852000,0.104837
194.864000,0.104837
194.880000,0.083641
194.896000,0.131930
194.912000,0.131930
194.924000,0.131930
194.940000,0.090979
194.956000,0.090979
194.972000,0.141811
194.984000,0.103841
195.000000,0.097695
195.016000,0.097695
195.032000,0.097695
195.044000,0.075288
195.060000,0.128830
195.076000,0.128830
195.092000,0.088150
195.104000,0.082911
195.120000,0.082911
195.136000,0.131797
195.152000,0.100617
195.164000,0.100617
195.180000,0.100617
195.196000,0.073799
195.212000,0.114628
195.224000,0.114628
195.240000,0.095409
195.256000,0.093335
195.272000,0.093335
195.284000,0.093335
195.300000,0.111349
195.316000,0.105639
195.332000,0.105639
195.344000,0.105639
195.360000,0.077986
195.376000,0.124619
195.392000,0.124619
195.404000,0.096799
195.420000,0.096799
195.436000,0.096799
195.452000,0.128590
195.464000,0.116237
195.480000,0.116237
195.496000,0.116237
195.512000,0.090604
195.524000,0.090604
195.540000,0.139191
195.556000,0.105654
195.572000,0.098897
195.584000,0.098897
195.600000,0.078062
195.616000,0.118555
195.632000,0.118555
195.644000,0.118555
195.660000,0.096981
195.676000,0.096981
195.692000,0.147963
195.704000,0.107443
195.720000,0.107443
195.736000,0.107443
195.752000,0.087872
195.764000,0.077224
195.780000,0.121048
195.796000,0.121048
195.812000,0.092177
195.824000,0.092177
195.840000,0.092177
195.856000,0.118547
195.872000,0.112140
195.884000,0.112140
195.900000,0.112140
195.916000,0.084411
195.932000,0.135546
195.944000,0.135546
195.960000,0.080279
195.976000,0.080279
195.992000,0.080279
196.004000,0.072361
196.020000,0.117646
196.036000,0.117646
196.052000,0.095206
196.064000,0.084916
196.080000,0.084916
196.096000,0.136226
196.112000,0.133747
196.124000,0.133747
196.140000,0.133747
196.156000,0.122092
196.172000,0.114065
196.184000,0.114065
196.200000,0.090934
196.216000,0.102408
196.232000,0.159185
196.244000,0.159185
196.260000,0.106882
196.276000,0.106882
196.292000,0.106882
196.304000,0.076901
196.320000,0.129541
196.336000,0.129541
196.352000,0.129541
196.364000,0.080490
196.380000,0.074637
196.396000,0.122346
196.412000,0.107132
196.424000,0.104615
196.440000,0.104615
196.456000,0.154395
196.472000,0.110334
196.484000,0.110334
196.500000,0.110334
196.516000,0.114419
196.532000,0.133308
196.544000,0.133308
196.560000,0.093098
196.576000,0.085595
196.592000,0.085595
196.604000,0.085595
196.620000,0.117865
196.636000,0.117865
196.652000,0.117865
196.664000,0.076545
196.680000,0.076545
196.696000,0.127784
196.712000,0.103846
196.724000,0.101206
196.740000,0.101206
196.756000,0.101206
196.772000,0.100729
196.784000,0.100729
196.800000,0.100729
196.816000,0.086524
196.832000,0.086524
196.844000,0.086524
196.860000,0.105223
196.876000,0.099172
196.892000,0.099172
196.904000,0.099172
196.920000,0.077900
196.936000,0.129128
196.952000,0.129128
196.964000,0.079106
196.980000,0.079106
196.996000,0.079106
197.012000,0.113900
197.024000,0.111325
197.040000,0.111325
197.056000,0.111325
197.072000,0.074328
197.084000,0.074328
197.100000,0.124820
197.116000,0.099805
197.132000,0.087601
197.144000,0.087601
197.160000,0.087601
197.176000,0.135885
197.192000,0.108161
197.204000,0.108161
197.220000,0.108161
197.236000,0.074781
197.252000,0.125715
197.264000,0.104436
197.280000,0.129611
197.296000,0.129611
197.312000,0.129611
197.324000,0.088309
197.340000,0.129465
197.356000,0.129465
197.372000,0.114836
197.384000,0.114836
197.400000,0.114836
197.416000,0.172270
197.432000,0.105301
197.444000,0.105301
197.460000,0.105301
197.476000,0.079746
197.492000,0.128429
197.504000,0.128429
197.520000,0.128429
197.536000,0.086763
197.552000,0.086763
197.564000,0.086763
197.580000,0.139897
197.596000,0.101079
197.612000,0.101079
197.624000,0.101079
197.640000,0.078565
197.656000,0.131927
197.672000,0.131927
197.684000,0.131927
197.700000,0.092831
197.716000,0.092831
197.732000,0.117610
197.744000,0.117610
197.760000,0.117610
197.776000,0.117610
197.792000,0.083461
197.804000,0.083461
197.820000,0.138917
197.836000,0.102773
197.852000,0.102773
197.864000,0.102773
197.880000,0.079872
197.896000,0.133032
197.912000,0.133032
197.924000,0.096146
197.940000,0.089830
197.956000,0.089830
197.972000,0.144827
197.984000,0.116123
198.000000,0.109903
198.016000,0.109903
198.032000,0.079213
198.044000,0.079213
198.060000,0.131944
198.076000,0.135876
198.092000,0.100551
198.104000,0.100551
198.120000,0.100551
198.188000,0.095830
198.204000,0.089527
198.220000,0.144940
198.236000,0.144940
198.248000,0.104082
198.264000,0.104082
198.280000,0.104082
198.296000,0.107918
198.308000,0.107918
198.324000,0.107918
198.340000,0.107918
198.356000,0.077069
198.368000,0.131858
198.384000,0.131858
198.400000,0.092855
198.416000,0.096405
198.428000,0.096405
198.444000,0.096405
198.460000,0.124702
198.476000,0.124702
198.488000,0.124702
198.504000,0.082710
198.520000,0.108439
198.536000,0.172568
198.548000,0.117632
198.564000,0.108828
198.580000,0.108828
198.596000,0.074944
198.608000,0.069179
198.624000,0.122150
198.640000,0.122150
198.656000,0.088250
198.668000,0.088250
198.684000,0.088250
198.700000,0.112916
198.716000,0.105610
198.728000,0.105610
198.744000,0.105610
198.760000,0.059466
198.776000,0.111070
198.788000,0.111070
198.804000,0.094869
198.820000,0.108133
198.836000,0.108133
198.848000,0.108133
198.864000,0.098518
198.880000,0.098518
198.896000,0.098518
198.908000,0.076800
198.924000,0.074294
198.940000,0.129644
198.956000,0.129644
198.968000,0.074083
198.984000,0.074083
199.000000,0.074083
199.016000,0.101482
199.028000,0.101482
199.044000,0.101482
199.060000,0.072870
199.076000,0.067327
199.088000,0.120483
199.104000,0.120483
199.120000,0.093492
199.136000,0.093492
199.148000,0.093492
199.164000,0.056540
199.180000,0.102448
199.196000,0.102448
199.208000,0.081976
199.224000,0.085320
199.240000,0.085320
199.256000,0.108411
199.268000,0.101879
199.284000,0.095531
199.300000,0.095531
199.316000,0.073061
199.328000,0.119579
199.344000,0.119579
199.360000,0.119579
199.376000,0.074016
199.388000,0.074016
199.404000,0.074016
199.420000,0.108110
199.436000,0.101337
199.448000,0.101337
199.464000,0.101337
199.480000,0.072034
199.496000,0.124967
199.508000,0.124967
199.524000,0.088106
199.540000,0.081917
199.556000,0.081917
199.568000,0.096595
199.584000,0.096595
199.600000,0.096595
199.616000,0.083035
199.628000,0.073452
199.644000,0.073452
199.660000,0.124431
199.676000,0.095672
199.688000,0.095672
199.704000,0.095672
199.720000,0.065945
199.736000,0.104401
199.748000,0.104401
199.764000,0.095983
199.780000,0.085051
199.796000,0.085051
199.808000,0.085051
199.824000,0.109186
199.840000,0.109186
199.856000,0.109186
199.868000,0.078970
199.884000,0.078970
199.900000,0.128994
199.916000,0.090474
199.928000,0.090474
199.944000,0.090474
199.960000,0.076672
199.976000,0.112868
199.988000,0.112868
200.004000,0.112868
200.020000,0.091764
200.036000,0.091764
200.048000,0.146133
200.064000,0.111197
200.080000,0.105111
200.096000,0.105111
200.108000,0.105111
200.124000,0.083289
200.140000,0.136134
200.156000,0.098746
200.168000,0.091331
200.184000,0.091331
200.200000,0.091331
200.216000,0.126514
200.228000,0.126514
200.244000,0.126514
200.260000,0.091085
200.276000,0.085134
200.288000,0.085134
200.304000,0.139377
200.320000,0.106081
200.336000,0.106081
200.348000,0.106081
200.364000,0.066480
200.380000,0.115556
200.396000,0.115556
200.408000,0.093771
200.424000,0.097371
200.440000,0.097371
200.456000,0.117642
200.468000,0.110913
200.484000,0.110913
200.500000,0.110913
200.516000,0.080176
200.528000,0.080176
200.544000,0.139252
200.560000,0.090756
200.576000,0.082809
200.588000,0.082809
200.604000,0.082809
200.620000,0.119132
200.636000,0.119132
200.648000,0.119132
200.664000,0.081616
200.680000,0.075251
200.696000,0.131724
200.708000,0.131724
200.724000,0.096760
200.740000,0.096760
200.756000,0.096760
200.768000,0.105892
200.784000,0.105892
200.800000,0.105892
200.816000,0.084659
200.828000,0.078978
200.844000,0.078978
200.860000,0.135177
200.876000,0.105597
200.888000,0.105597
200.904000,0.105597
200.920000,0.081915
200.936000,0.131001
200.948000,0.131001
200.964000,0.083948
200.980000,0.083948
200.996000,0.083948
201.008000,0.139435
201.024000,0.112905
201.040000,0.112905
201.056000,0.112905
201.068000,0.079313
201.084000,0.079313
201.100000,0.133281
201.116000,0.100493
201.128000,0.088065
201.144000,0.088065
201.160000,0.088065
201.176000,0.110657
201.188000,0.110657
201.204000,0.110657
201.220000,0.091698
201.236000,0.081996
201.248000,0.134051
201.264000,0.134051
201.280000,0.112876
201.296000,0.112876
201.308000,0.112876
201.324000,0.085919
201.340000,0.132219
201.356000,0.132219
201.368000,0.094502
201.384000,0.094502
201.400000,0.094502
201.416000,0.122940
201.428000,0.110328
201.444000,0.110328
201.460000,0.110328
201.476000,0.090489
201.488000,0.090489
201.504000,0.143655
201.520000,0.111626
201.536000,0.105375
201.548000,0.105375
201.564000,0.105375
201.616000,0.101046
201.632000,0.101046
201.648000,0.159397
201.664000,0.124592
201.676000,0.124592
201.692000,0.124592
201.708000,0.124592
201.724000,0.096491
201.736000,0.141855
201.752000,0.141855
201.768000,0.141855
201.784000,0.112033
201.796000,0.112033
201.812000,0.167627
201.828000,0.123767
201.844000,0.117391
201.856000,0.117391
201.872000,0.096940
201.888000,0.146799
201.904000,0.146799
201.916000,0.146799
201.932000,0.110290
201.948000,0.110290
201.964000,0.110290
201.976000,0.124108
201.992000,0.135966
202.008000,0.135966
202.024000,0.102507
202.036000,0.091646
202.052000,0.143710
202.068000,0.143710
202.084000,0.120972
202.096000,0.120972
202.112000,0.120972
202.128000,0.085998
202.144000,0.137373
202.156000,0.137373
202.172000,0.096102
202.188000,0.105883
202.204000,0.105883
202.216000,0.162606
202.232000,0.116336
202.248000,0.116336
202.264000,0.116336
202.276000,0.087535
202.292000,0.142197
202.308000,0.142197
202.324000,0.100353
202.336000,0.100353
202.352000,0.100353
202.368000,0.116656
202.384000,0.116656
202.396000,0.116656
202.412000,0.108038
202.428000,0.101794
202.444000,0.101794
202.456000,0.124028
202.472000,0.117372
202.488000,0.117372
202.504000,0.117372
202.516000,0.098859
202.532000,0.156114
202.548000,0.156114
202.564000,0.091939
202.576000,0.091939
202.592000,0.091939
202.608000,0.130286
202.624000,0.134779
202.636000,0.134779
202.652000,0.134779
202.668000,0.083237
202.684000,0.083237
202.696000,0.139049
202.712000,0.136114
202.728000,0.136114
202.744000,0.136114
202.756000,0.074258
202.772000,0.119765
202.788000,0.119765
202.804000,0.098043
202.816000,0.098043
202.832000,0.098043
202.848000,0.126418
202.864000,0.117730
202.876000,0.117730
202.892000,0.117730
202.908000,0.111533
202.924000,0.111533
202.936000,0.173401
202.952000,0.109473
202.968000,0.102446
202.984000,0.102446
202.996000,0.102446
203.012000,0.158399
203.028000,0.158399
203.044000,0.158399
203.056000,0.076161
203.072000,0.076161
203.088000,0.133636
203.104000,0.106251
203.116000,0.106251
203.132000,0.106251
203.148000,0.080055
203.164000,0.080055
203.176000,0.141850
203.192000,0.111792
203.208000,0.098151
203.224000,0.098151
203.236000,0.098151
203.252000,0.133157
203.268000,0.133157
203.284000,0.133157
203.296000,0.091674
203.312000,0.091674
203.328000,0.091674
203.344000,0.120328
203.356000,0.120328
203.372000,0.120328
203.388000,0.086562
203.404000,0.086562
203.416000,0.148156
203.432000,0.099637
203.448000,0.099637
203.464000,0.099637
203.476000,0.075184
203.492000,0.121878
203.508000,0.121878
203.524000,0.121878
203.536000,0.081317
203.552000,0.081317
203.568000,0.139924
203.584000,0.107472
203.596000,0.100321
203.612000,0.100321
203.628000,0.063960
203.644000,0.063960
203.656000,0.121747
203.672000,0.121747
203.688000,0.094018
203.704000,0.094018
203.716000,0.094018
203.732000,0.105089
203.748000,0.105089
203.764000,0.105089
203.776000,0.105089
203.792000,0.072196
203.808000,0.130370
203.824000,0.130370
203.836000,0.082942
203.852000,0.082942
203.868000,0.082942
203.884000,0.058779
203.896000,0.113324
203.912000,0.113324
203.928000,0.068367
203.944000,0.067833
203.956000,0.067833
203.972000,0.123827
203.988000,0.087218
204.004000,0.080926
204.016000,0.080926
204.032000,0.080926
204.048000,0.107939
204.064000,0.105264
204.076000,0.105264
204.092000,0.071339
204.108000,0.066163
204.124000,0.066163
204.136000,0.120032
204.152000,0.095444
204.168000,0.087415
204.184000,0.087415
204.196000,0.087415
204.212000,0.103540
204.228000,0.103540
204.244000,0.103540
204.256000,0.080158
204.272000,0.080158
204.288000,0.135332
204.304000,0.092458
204.316000,0.092458
204.332000,0.092458
204.348000,0.092458
204.364000,0.064919
204.376000,0.107906
204.392000,0.107906
204.408000,0.083113
204.428000,0.085634
204.436000,0.085634
204.452000,0.141107
204.468000,0.102272
204.484000,0.102272
204.496000,0.102272
204.512000,0.081754
204.528000,0.128834
204.544000,0.128834
204.556000,0.094481
204.572000,0.094481
204.588000,0.094481
204.604000,0.077433
204.616000,0.115661
204.632000,0.115661
204.648000,0.091498
204.664000,0.087683
204.676000,0.087683
204.692000,0.134667
204.708000,0.109271
204.724000,0.112443
204.736000,0.112443
204.752000,0.112443
204.768000,0.118247
204.784000,0.118247
204.796000,0.118247
204.812000,0.121217
204.828000,0.098067
204.844000,0.098067
204.856000,0.142385
204.872000,0.114715
204.888000,0.114715
204.904000,0.114715
204.916000,0.102859
204.932000,0.142190
204.948000,0.142190
204.964000,0.107969
204.976000,0.103647
204.992000,0.103647
205.008000,0.133733
205.024000,0.131363
205.036000,0.131363
205.052000,0.131363
205.068000,0.102686
205.084000,0.102686
205.096000,0.143077
205.112000,0.127223
205.128000,0.117033
205.144000,0.117033
205.156000,0.117033
205.172000,0.126327
205.188000,0.126327
205.204000,0.126327
205.216000,0.116948
205.232000,0.114774
205.248000,0.160722
205.264000,0.160722
205.276000,0.146828
205.292000,0.146828
205.308000,0.146828
205.324000,0.098434
205.336000,0.135847
205.352000,0.135847
205.368000,0.120939
205.384000,0.114955
205.396000,0.114955
205.412000,0.162144
205.428000,0.119969
205.444000,0.119969
205.456000,0.119969
205.472000,0.103240
205.488000,0.145265
205.504000,0.145265
205.516000,0.145265
205.532000,0.112863
205.548000,0.107647
205.564000,0.107647
205.576000,0.157237
205.592000,0.125335
205.608000,0.125335
205.624000,0.125335
205.636000,0.097565
205.652000,0.145283
205.668000,0.145283
205.684000,0.145283
205.696000,0.109798
205.712000,0.109798
205.728000,0.109798
205.744000,0.132686
205.756000,0.132686
205.772000,0.132686
205.792000,0.097172
205.804000,0.086321
205.816000,0.136462
205.832000,0.136462
205.848000,0.110386
205.864000,0.110386
205.876000,0.110386
205.892000,0.133459
205.908000,0.126208
205.924000,0.126208
205.936000,0.126208
205.952000,0.087732
205.972000,0.142166
205.984000,0.142166
205.996000,0.103084
206.012000,0.103084
206.028000,0.103084
206.044000,0.082248
206.056000,0.140887
206.072000,0.140887
206.088000,0.103542
206.104000,0.090379
206.116000,0.090379
206.132000,0.147406
206.148000,0.120827
206.164000,0.120827
206.176000,0.120827
206.192000,0.082745
206.208000,0.137339
206.224000,0.137339
206.236000,0.137339
206.252000,0.134456
206.268000,0.134456
206.284000,0.134456
206.296000,0.119397
206.312000,0.119397
206.328000,0.119397
206.344000,0.086040
206.356000,0.086040
206.372000,0.146406
206.388000,0.115012
206.404000,0.115012
206.416000,0.115012
206.432000,0.070963
206.448000,0.070963
206.464000,0.128941
206.476000,0.128941
206.492000,0.093653
206.508000,0.093653
206.524000,0.093653
206.536000,0.113674
206.552000,0.111892
206.568000,0.111892
206.584000,0.079140
206.596000,0.065046
206.612000,0.128408
206.628000,0.128408
206.644000,0.094484
206.656000,0.094484
206.672000,0.094484
206.688000,0.117387
206.704000,0.109487
206.716000,0.109487
206.732000,0.109487
206.748000,0.075818
206.764000,0.075818
206.776000,0.134814
206.792000,0.103771
206.808000,0.089970
206.824000,0.089970
206.836000,0.061493
206.852000,0.119452
206.868000,0.119452
206.884000,0.119452
206.896000,0.078593
206.912000,0.078593
206.928000,0.137809
206.944000,0.105493
206.956000,0.105493
206.972000,0.105493
206.988000,0.073271
207.004000,0.061001
207.016000,0.116412
207.032000,0.116412
207.048000,0.084934
207.064000,0.084934
207.076000,0.084934
207.092000,0.108057
207.108000,0.108057
207.124000,0.108057
207.136000,0.071104
207.152000,0.071104
207.168000,0.127718
207.184000,0.099268
207.196000,0.099268
207.212000,0.099268
207.228000,0.063612
207.244000,0.063612
207.256000,0.119836
207.272000,0.119836
207.288000,0.088848
207.304000,0.088848
207.316000,0.088848
207.332000,0.108606
207.348000,0.108606
207.364000,0.108606
207.420000,0.108679
207.436000,0.095862
207.452000,0.095862
207.468000,0.095862
207.480000,0.079403
207.496000,0.125292
207.512000,0.125292
207.528000,0.125292
207.540000,0.084320
207.556000,0.084320
207.572000,0.139581
207.588000,0.106165
207.600000,0.106165
207.616000,0.106165
207.632000,0.106165
207.648000,0.129897
207.660000,0.129897
207.676000,0.129897
207.692000,0.099881
207.708000,0.099881
207.720000,0.099881
207.736000,0.154701
207.752000,0.117113
207.768000,0.117113
207.780000,0.117113
207.796000,0.084803
207.812000,0.141933
207.828000,0.141933
207.840000,0.105995
207.856000,0.105995
207.872000,0.105995
207.888000,0.127199
207.900000,0.120380
207.916000,0.120380
207.932000,0.120380
207.948000,0.092222
207.960000,0.085451
207.976000,0.138608
207.992000,0.114133
208.008000,0.114133
208.020000,0.114133
208.036000,0.084605
208.052000,0.139835
208.068000,0.139835
208.080000,0.139835
208.096000,0.094333
208.112000,0.094333
208.128000,0.150917
208.140000,0.128026
208.156000,0.126300
208.172000,0.126300
208.188000,0.126300
208.200000,0.086900
208.216000,0.141678
208.232000,0.141678
208.248000,0.115815
208.260000,0.115815
208.276000,0.115815
208.292000,0.143607
208.308000,0.129393
208.320000,0.129393
208.336000,0.129393
208.352000,0.092391
208.368000,0.137383
208.380000,0.137383
208.396000,0.114754
208.412000,0.108985
208.428000,0.108985
208.440000,0.108985
208.456000,0.138197
208.472000,0.138197
208.488000,0.138197
208.500000,0.104383
208.516000,0.122710
208.532000,0.179980
208.548000,0.127559
208.560000,0.111531
208.576000,0.111531
208.592000,0.111531
208.608000,0.161087
208.620000,0.161087
208.636000,0.161087
208.700000,0.141675
208.716000,0.115645
208.732000,0.115645
208.748000,0.115645
208.760000,0.083998
208.776000,0.116245
208.792000,0.116245
208.808000,0.116245
208.820000,0.096424
208.836000,0.091402
208.852000,0.141876
208.868000,0.113934
208.880000,0.113934
208.896000,0.113934
208.912000,0.113934
208.928000,0.136264
208.940000,0.136264
208.956000,0.136264
208.972000,0.092554
208.988000,0.092554
209.000000,0.092554
209.016000,0.118687
209.032000,0.112357
209.048000,0.112357
209.060000,0.092570
209.076000,0.087597
209.092000,0.140249
209.108000,0.140249
209.120000,0.108323
209.136000,0.102265
209.152000,0.102265
209.168000,0.075176
209.180000,0.116339
209.196000,0.116339
209.212000,0.116339
209.228000,0.099218
209.240000,0.099218
209.260000,0.152846
209.272000,0.119396
209.288000,0.119396
209.300000,0.119396
209.316000,0.093418
209.332000,0.129386
209.348000,0.129386
209.360000,0.129386
209.376000,0.127734
209.392000,0.127734
209.408000,0.183419
209.420000,0.124045
209.436000,0.111945
209.452000,0.111945
209.468000,0.111945
209.480000,0.096279
209.496000,0.146541
209.512000,0.146541
209.528000,0.099943
209.540000,0.099943
209.556000,0.099943
209.572000,0.117987
209.588000,0.128975
209.600000,0.128975
209.616000,0.128975
209.632000,0.089500
209.648000,0.137362
209.660000,0.137362
209.676000,0.116253
209.692000,0.116253
209.708000,0.116253
209.720000,0.090410
209.736000,0.139889
209.752000,0.139889
209.768000,0.101520
209.780000,0.101520
209.796000,0.101520
209.812000,0.151360
209.828000,0.119061
209.840000,0.119061
209.856000,0.119061
209.872000,0.093334
209.888000,0.142949
209.900000,0.142949
209.916000,0.117197
209.972000,0.115789
209.992000,0.115789
210.004000,0.115789
210.020000,0.097312
210.032000,0.092399
210.048000,0.141288
210.064000,0.113633
210.080000,0.113633
210.092000,0.113633
210.108000,0.113633
210.124000,0.087358
210.140000,0.135175
210.152000,0.135175
210.168000,0.091514
210.184000,0.091514
210.200000,0.091514
210.212000,0.141240
210.228000,0.103334
210.244000,0.103334
210.260000,0.103334
210.272000,0.084726
210.288000,0.134098
210.304000,0.138412
210.320000,0.138412
210.332000,0.138412
210.348000,0.090889
210.364000,0.090889
210.380000,0.142496
210.392000,0.106270
210.408000,0.106270
210.424000,0.106270
210.440000,0.076318
210.452000,0.125291
210.468000,0.125291
210.484000,0.100209
210.500000,0.093956
210.512000,0.093956
210.528000,0.149070
210.544000,0.109757
210.560000,0.109757
210.572000,0.109757
210.588000,0.076489
210.604000,0.071133
210.620000,0.121856
210.632000,0.121856
210.648000,0.096105
210.664000,0.096105
210.680000,0.096105
210.692000,0.114657
210.708000,0.114657
210.724000,0.114657
210.740000,0.077695
210.752000,0.077695
210.768000,0.134228
210.784000,0.096069
210.800000,0.100450
210.812000,0.100450
210.828000,0.100450
210.844000,0.061713
210.860000,0.110029
210.872000,0.110029
210.888000,0.110029
210.904000,0.064799
210.920000,0.064799
210.932000,0.121993
210.948000,0.086248
210.964000,0.086248
210.980000,0.086248
210.992000,0.060219
211.008000,0.104209
211.024000,0.104209
211.040000,0.104209
211.052000,0.077936
211.068000,0.064963
211.084000,0.064963
211.100000,0.122534
211.112000,0.119824
211.128000,0.088122
211.144000,0.088122
211.160000,0.046461
211.172000,0.088356
211.188000,0.088356
211.204000,0.088356
211.220000,0.063229
211.232000,0.063229
211.248000,0.063229
211.264000,0.077575
211.280000,0.069476
211.292000,0.069476
211.308000,0.065994
211.324000,0.080736
211.340000,0.140309
211.352000,0.076915
211.368000,0.064711
211.388000,0.064711
211.400000,0.050867
211.412000,0.099599
211.428000,0.099599
211.444000,0.099599
211.460000,0.075863
211.472000,0.070119
211.488000,0.126268
211.504000,0.079190
211.520000,0.111121
211.532000,0.111121
211.548000,0.111121
211.564000,0.055516
211.580000,0.103849
211.592000,0.103849
211.608000,0.080317
211.624000,0.074585
211.640000,0.074585
211.652000,0.130408
211.668000,0.077750
211.684000,0.077750
211.700000,0.077750
211.712000,0.068436
211.728000,0.113874
211.744000,0.113874
211.760000,0.087094
211.772000,0.076463
211.788000,0.076463
211.804000,0.065814
211.820000,0.115336
211.832000,0.115336
211.848000,0.094739
211.864000,0.082513
211.880000,0.082513
211.892000,0.136129
211.908000,0.130590
211.924000,0.130590
211.940000,0.130590
211.952000,0.091981
211.968000,0.132247
211.984000,0.132247
212.000000,0.132247
212.012000,0.098639
212.028000,0.098639
212.044000,0.098639
212.060000,0.124659
212.072000,0.118657
212.088000,0.118657
212.104000,0.086086
212.120000,0.093507
212.132000,0.145308
212.148000,0.145308
212.164000,0.096077
212.180000,0.096077
212.192000,0.096077
212.208000,0.136075
212.224000,0.133487
212.240000,0.133487
212.252000,0.133487
212.268000,0.098746
212.284000,0.098746
212.300000,0.151368
212.312000,0.127710
212.328000,0.116021
212.344000,0.116021
212.360000,0.116021
212.372000,0.130591
212.388000,0.130591
212.404000,0.130591
212.420000,0.113143
212.432000,0.107345
212.448000,0.162132
212.464000,0.162132
212.480000,0.152688
212.492000,0.152688
212.508000,0.152688
212.524000,0.091451
212.540000,0.142204
212.552000,0.142204
212.568000,0.104643
212.584000,0.115419
212.600000,0.115419
212.612000,0.171146
212.628000,0.130421
212.644000,0.130421
212.660000,0.130421
212.672000,0.104480
212.688000,0.158113
212.704000,0.158113
212.720000,0.126196
212.732000,0.119891
212.748000,0.119891
212.764000,0.090705
212.780000,0.133832
212.792000,0.133832
212.808000,0.133832
212.824000,0.102125
212.840000,0.096183
212.852000,0.151289
212.868000,0.151289
212.884000,0.131273
212.900000,0.131273
212.916000,0.131273
212.928000,0.131765
212.944000,0.122798
212.960000,0.122798
212.972000,0.122798
212.988000,0.107552
213.004000,0.107552
213.020000,0.167491
213.032000,0.124145
213.048000,0.124145
213.064000,0.124145
213.080000,0.100422
213.092000,0.150195
213.108000,0.150195
213.124000,0.112598
213.140000,0.106032
213.152000,0.106032
213.168000,0.162221
213.184000,0.127110
213.200000,0.127110
213.212000,0.127110
213.228000,0.090247
213.244000,0.090247
213.260000,0.144655
213.272000,0.144655
213.288000,0.116572
213.304000,0.109337
213.320000,0.109337
213.332000,0.167403
213.348000,0.112214
213.364000,0.112214
213.380000,0.112214
213.392000,0.089809
213.408000,0.146067
213.424000,0.146067
213.440000,0.108455
213.452000,0.108455
213.468000,0.108455
213.484000,0.078597
213.500000,0.125591
213.512000,0.125591
213.528000,0.125591
213.544000,0.088318
213.560000,0.088318
213.572000,0.144619
213.588000,0.109229
213.604000,0.095176
213.620000,0.095176
213.632000,0.095176
213.648000,0.064827
213.664000,0.116494
213.680000,0.116494
213.692000,0.090816
213.708000,0.085665
213.724000,0.085665
213.740000,0.110698
213.752000,0.101394
213.768000,0.101394
213.784000,0.101394
213.800000,0.076600
213.812000,0.131679
213.828000,0.131679
213.844000,0.098938
213.860000,0.098938
213.872000,0.098938
213.888000,0.110169
213.904000,0.093880
213.920000,0.093880
213.932000,0.093880
213.948000,0.079310
213.964000,0.079310
213.980000,0.133475
213.992000,0.100153
214.008000,0.093675
214.024000,0.093675
214.040000,0.069205
214.052000,0.147359
214.068000,0.147359
214.084000,0.147359
214.100000,0.071052
214.112000,0.071052
214.128000,0.071052
214.144000,0.126152
214.160000,0.126152
214.172000,0.126152
214.188000,0.074148
214.204000,0.067147
214.220000,0.111455
214.232000,0.111455
214.248000,0.091255
214.264000,0.091255
214.280000,0.091255
214.292000,0.101742
214.308000,0.101742
214.324000,0.101742
214.340000,0.078639
214.352000,0.078639
214.368000,0.078639
214.384000,0.097524
214.400000,0.097524
214.412000,0.097524
214.428000,0.072279
214.444000,0.072279
214.460000,0.117539
214.472000,0.117539
214.488000,0.079912
214.504000,0.075838
214.520000,0.075838
214.532000,0.106395
214.548000,0.100364
214.564000,0.100364
214.584000,0.079629
214.592000,0.076283
214.608000,0.076283
214.624000,0.121552
214.640000,0.097199
214.652000,0.095661
214.668000,0.095661
214.684000,0.095661
214.700000,0.102455
214.712000,0.102455
214.728000,0.102455
214.744000,0.094050
214.760000,0.094050
214.772000,0.146188
214.788000,0.099125
214.804000,0.093772
214.820000,0.093772
214.832000,0.093772
214.848000,0.093772
214.864000,0.109515
214.880000,0.109515
214.892000,0.109515
214.908000,0.084709
214.928000,0.082524
214.940000,0.132234
214.952000,0.132234
214.968000,0.083292
214.984000,0.083292
215.000000,0.083292
215.012000,0.117919
215.028000,0.111646
215.044000,0.111646
215.060000,0.085704
215.072000,0.080499
215.088000,0.132382
215.104000,0.132382
215.120000,0.107157
215.132000,0.107157
215.148000,0.107157
215.164000,0.062062
215.180000,0.107716
215.192000,0.107716
215.208000,0.091711
215.224000,0.095643
215.240000,0.089119
215.252000,0.146344
215.268000,0.146344
215.284000,0.097850
215.300000,0.097850
215.312000,0.097850
215.328000,0.058626
215.344000,0.113064
215.360000,0.113064
215.372000,0.079502
215.388000,0.079502
215.404000,0.079502
215.420000,0.122229
215.432000,0.122229
215.448000,0.122229
215.464000,0.086341
215.480000,0.086341
215.492000,0.144485
215.508000,0.120415
215.524000,0.117677
215.540000,0.117677
215.552000,0.117677
215.568000,0.110733
215.584000,0.110733
215.600000,0.110733
215.612000,0.097811
215.628000,0.090669
215.644000,0.090669
215.660000,0.112785
215.672000,0.105379
215.688000,0.105379
215.704000,0.105379
215.720000,0.071014
215.732000,0.129227
215.748000,0.129227
215.764000,0.085882
215.780000,0.085882
215.792000,0.085882
215.808000,0.124684
215.824000,0.117367
215.840000,0.117367
215.852000,0.117367
215.868000,0.072835
215.884000,0.072835
215.900000,0.130967
215.912000,0.103186
215.928000,0.088868
215.944000,0.088868
215.960000,0.056703
215.972000,0.112864
215.988000,0.112864
216.004000,0.086418
216.020000,0.090853
216.032000,0.090853
216.048000,0.149652
216.064000,0.101260
216.080000,0.101260
216.092000,0.101260
216.108000,0.070519
216.124000,0.074638
216.140000,0.133047
216.152000,0.093255
216.168000,0.076441
216.184000,0.076441
216.200000,0.076441
216.212000,0.114640
216.228000,0.107676
216.244000,0.107676
216.260000,0.067563
216.272000,0.067563
216.288000,0.125097
216.304000,0.101604
216.320000,0.105781
216.332000,0.105781
216.348000,0.105781
216.364000,0.059305
216.380000,0.101939
216.392000,0.101939
216.408000,0.101939
216.424000,0.077882
216.440000,0.072297
216.452000,0.127321
216.468000,0.097148
216.484000,0.101277
216.500000,0.101277
216.512000,0.101277
216.528000,0.115218
216.544000,0.108349
216.560000,0.108349
216.572000,0.108349
216.588000,0.082786
216.604000,0.082786
216.620000,0.139683
216.632000,0.099794
216.648000,0.099794
216.664000,0.099794
216.680000,0.084831
216.692000,0.137431
216.708000,0.137431
216.724000,0.098232
216.740000,0.098232
216.752000,0.098232
216.768000,0.116000
216.784000,0.116000
216.800000,0.116000
216.812000,0.116000
216.828000,0.085083
216.844000,0.085083
216.860000,0.131631
216.872000,0.110640
216.888000,0.110640
216.904000,0.110640
216.920000,0.090079
216.932000,0.129014
216.948000,0.129014
216.964000,0.129014
216.980000,0.104239
216.992000,0.099586
217.008000,0.149747
217.024000,0.113541
217.040000,0.113541
217.052000,0.113541
217.068000,0.113541
217.084000,0.116394
217.100000,0.144625
217.112000,0.144625
217.132000,0.113522
217.144000,0.108446
217.160000,0.108446
217.172000,0.161332
217.188000,0.138227
217.204000,0.138227
217.220000,0.138227
217.232000,0.097347
217.248000,0.147495
217.264000,0.147495
217.280000,0.147495
217.292000,0.117556
217.308000,0.117556
217.324000,0.117556
217.340000,0.136596
217.352000,0.136596
217.368000,0.136596
217.384000,0.106879
217.400000,0.106879
217.412000,0.158899
217.428000,0.158899
217.444000,0.124853
217.460000,0.124853
217.472000,0.124853
217.488000,0.146235
217.504000,0.146235
217.520000,0.146235
217.536000,0.113430
217.548000,0.113430
217.564000,0.113430
217.580000,0.169378
217.592000,0.137949
217.608000,0.137949
217.624000,0.137949
217.640000,0.099174
217.652000,0.152179
217.668000,0.152179
217.684000,0.152179
217.700000,0.103423
217.712000,0.103423
217.728000,0.157613
217.744000,0.133331
217.760000,0.133331
217.772000,0.133331
217.788000,0.105543
217.804000,0.105543
217.820000,0.158790
217.832000,0.158790
217.848000,0.142370
217.864000,0.142370
217.880000,0.142370
217.892000,0.129931
217.908000,0.129931
217.924000,0.129931
217.940000,0.100458
217.952000,0.100458
217.968000,0.155250
217.984000,0.155250
218.000000,0.107186
218.012000,0.107186
218.028000,0.107186
218.044000,0.078579
218.060000,0.130336
218.072000,0.130336
218.088000,0.095263
218.104000,0.081629
218.120000,0.081629
218.132000,0.136651
218.148000,0.109531
218.164000,0.109531
218.180000,0.109531
218.192000,0.073105
218.212000,0.067320
218.224000,0.126542
218.240000,0.126542
218.252000,0.091289
218.268000,0.091289
218.284000,0.091289
218.300000,0.097088
218.312000,0.097088
218.328000,0.097088
218.344000,0.101733
218.360000,0.056020
218.372000,0.109188
218.388000,0.109188
218.404000,0.072741
218.420000,0.072741
218.432000,0.072741
218.448000,0.130048
218.464000,0.084842
218.480000,0.084842
218.492000,0.084842
218.508000,0.053979
218.524000,0.053979
218.540000,0.109214
218.552000,0.072344
218.568000,0.054978
218.584000,0.054978
218.600000,0.054978
218.612000,0.086461
218.628000,0.090922
218.644000,0.090922
218.660000,0.049362
218.672000,0.044727
218.688000,0.095702
218.704000,0.095702
218.720000,0.069062
218.732000,0.069062
218.748000,0.069062
218.764000,0.037556
218.780000,0.077312
218.792000,0.077312
218.808000,0.051440
218.824000,0.051440
218.840000,0.051440
218.852000,0.082885
218.868000,0.075747
218.884000,0.075747
218.900000,0.041284
218.912000,0.038126
218.928000,0.082772
218.944000,0.082772
218.960000,0.056915
218.972000,0.056915
218.988000,0.056915
219.004000,0.043097
219.020000,0.083433
219.032000,0.083433
219.048000,0.062094
219.064000,0.062094
219.080000,0.062094
219.092000,0.082193
219.108000,0.076469
219.124000,0.076469
219.140000,0.059564
219.152000,0.079911
219.168000,0.137091
219.184000,0.137091
219.200000,0.065518
219.212000,0.065518
219.228000,0.065518
219.244000,0.052637
219.260000,0.087993
219.272000,0.087993
219.288000,0.070478
219.304000,0.061494
219.320000,0.061494
219.332000,0.085124
219.348000,0.090218
219.364000,0.090218
219.380000,0.090218
219.392000,0.063135
219.408000,0.104199
219.424000,0.104199
219.440000,0.104199
219.452000,0.078566
219.468000,0.068617
219.484000,0.068617
219.500000,0.116517
219.512000,0.098672
219.528000,0.093124
219.544000,0.093124
219.560000,0.093124
219.572000,0.108333
219.588000,0.108333
219.604000,0.108333
219.620000,0.091936
219.632000,0.086419
219.648000,0.140448
219.664000,0.140448
219.680000,0.099734
219.692000,0.099734
219.708000,0.099734
219.724000,0.068620
219.740000,0.118453
219.752000,0.118453
219.768000,0.088682
219.784000,0.088682
219.800000,0.088682
219.812000,0.128040
219.828000,0.125275
219.844000,0.125275
219.860000,0.125275
219.872000,0.081267
219.888000,0.081267
219.904000,0.133305
219.920000,0.142748
219.932000,0.142748
219.948000,0.142748
219.964000,0.089499
219.980000,0.143899
219.992000,0.143899
220.008000,0.112388
220.024000,0.105973
220.044000,0.105973
220.052000,0.166159
220.068000,0.109192
220.084000,0.109192
220.100000,0.109192
220.112000,0.092947
220.128000,0.145414
220.144000,0.145414
220.160000,0.129734
220.172000,0.116313
220.188000,0.116313
220.204000,0.116313
220.220000,0.140161
220.232000,0.140161
220.248000,0.140161
220.264000,0.094695
220.280000,0.094695
220.292000,0.151928
220.308000,0.126101
220.324000,0.123048
220.340000,0.123048
220.352000,0.123048
220.368000,0.166229
220.384000,0.151351
220.400000,0.151351
220.412000,0.151351
220.428000,0.101458
220.444000,0.101458
220.460000,0.123687
220.472000,0.123687
220.488000,0.117529
220.504000,0.117529
220.520000,0.073208
220.532000,0.112227
220.548000,0.112227
220.564000,0.112227
220.580000,0.105937
220.592000,0.105937
220.608000,0.105937
220.624000,0.122408
220.640000,0.115881
220.652000,0.115881
220.668000,0.115881
220.684000,0.085137
220.700000,0.142312
220.716000,0.142312
220.728000,0.104265
220.744000,0.097561
220.760000,0.097561
220.772000,0.156840
220.788000,0.135820
220.804000,0.135820
220.820000,0.135820
220.832000,0.082570
220.848000,0.140718
220.864000,0.140718
220.880000,0.100880
220.892000,0.100880
220.908000,0.100880
220.924000,0.073276
220.940000,0.122203
220.952000,0.122203
220.968000,0.093423
220.984000,0.099598
221.000000,0.099598
221.012000,0.160741
221.028000,0.110048
221.044000,0.110048
221.060000,0.110048
221.072000,0.076907
221.088000,0.135152
221.104000,0.135152
221.120000,0.114544
221.132000,0.114544
221.148000,0.114544
221.164000,0.078236
221.180000,0.125774
221.192000,0.125774
221.208000,0.105166
221.224000,0.097961
221.240000,0.097961
221.252000,0.159562
221.268000,0.096878
221.284000,0.096878
221.300000,0.096878
221.312000,0.083701
221.328000,0.142485
221.344000,0.142485
221.360000,0.101976
221.372000,0.101976
221.388000,0.101976
221.404000,0.072976
221.420000,0.128570
221.432000,0.128570
221.448000,0.095603
221.464000,0.080768
221.480000,0.080768
221.492000,0.135760
221.508000,0.110075
221.524000,0.114002
221.540000,0.114002
221.552000,0.114002
221.568000,0.068220
221.584000,0.118237
221.600000,0.094471
221.612000,0.098414
221.628000,0.098414
221.644000,0.098414
221.660000,0.108785
221.672000,0.108785
221.688000,0.108785
221.704000,0.075439
221.720000,0.072819
221.732000,0.125876
221.748000,0.125876
221.764000,0.096760
221.780000,0.096760
221.792000,0.096760
221.808000,0.072925
221.824000,0.126195
221.840000,0.126195
221.852000,0.092718
221.868000,0.087279
221.884000,0.087279
221.900000,0.113043
221.912000,0.113043
221.928000,0.113043
221.944000,0.091996
221.960000,0.083320
221.972000,0.138827
221.988000,0.138827
222.004000,0.097527
222.020000,0.097527
222.032000,0.097527
222.048000,0.123262
222.064000,0.109414
222.080000,0.109414
222.092000,0.109414
222.108000,0.081867
222.124000,0.081867
222.140000,0.137038
222.152000,0.097322
222.168000,0.083631
222.184000,0.083631
222.200000,0.083631
222.212000,0.148071
222.228000,0.114704
222.244000,0.114704
222.260000,0.114704
222.272000,0.095447
222.288000,0.095447
222.304000,0.149969
222.320000,0.106338
222.332000,0.106338
222.348000,0.106338
222.364000,0.076119
222.380000,0.120375
222.392000,0.120375
222.408000,0.097401
222.424000,0.094770
222.440000,0.094770
222.452000,0.146814
222.468000,0.102999
222.484000,0.129863
222.500000,0.129863
222.512000,0.129863
222.528000,0.071080
222.544000,0.107914
222.560000,0.107914
222.572000,0.107914
222.588000,0.086509
222.604000,0.086509
222.620000,0.141969
222.632000,0.103960
222.648000,0.103960
222.664000,0.103960
222.680000,0.083253
222.692000,0.120198
222.708000,0.120198
222.724000,0.120198
222.740000,0.093440
222.752000,0.093440
222.768000,0.093440
222.784000,0.111809
222.800000,0.105308
222.812000,0.105308
222.828000,0.105308
222.844000,0.078840
222.860000,0.128273
222.872000,0.128273
222.888000,0.094986
222.904000,0.088552
222.920000,0.088552
222.932000,0.111108
222.948000,0.111108
222.964000,0.111108
222.980000,0.095804
222.992000,0.082746
223.008000,0.129887
223.024000,0.129887
223.040000,0.102877
223.052000,0.106011
223.068000,0.106011
223.084000,0.106011
223.100000,0.114682
223.112000,0.114682
223.128000,0.114682
223.144000,0.114682
223.160000,0.083604
223.172000,0.138241
223.188000,0.138241
223.204000,0.095979
223.220000,0.095979
223.232000,0.095979
223.248000,0.078082
223.264000,0.118170
223.280000,0.118170
223.292000,0.118170
223.308000,0.080840
223.324000,0.080840
223.340000,0.137021
223.352000,0.111866
223.368000,0.103265
223.384000,0.103265
223.400000,0.069799
223.412000,0.123158
223.428000,0.123158
223.444000,0.123158
223.460000,0.097916
223.472000,0.097916
223.488000,0.156633
223.504000,0.112026
223.520000,0.112026
223.532000,0.112026
223.548000,0.087140
223.564000,0.071546
223.580000,0.127129
223.592000,0.127129
223.608000,0.092086
223.624000,0.092086
223.640000,0.069633
223.652000,0.123821
223.668000,0.123821
223.684000,0.123821
223.700000,0.077259
223.712000,0.077259
223.728000,0.134827
223.744000,0.108540
223.760000,0.099557
223.772000,0.099557
223.788000,0.099557
223.804000,0.063303
223.820000,0.119345
223.832000,0.119345
223.848000,0.095918
223.864000,0.099787
223.880000,0.099787
223.892000,0.158326
223.908000,0.104693
223.924000,0.104693
223.940000,0.104693
223.952000,0.071356
223.968000,0.128501
223.984000,0.128501
224.000000,0.090720
224.012000,0.090720
224.028000,0.090720
224.044000,0.061918
224.060000,0.123201
224.072000,0.123201
224.088000,0.083104
224.104000,0.069597
224.120000,0.069597
224.132000,0.126361
224.148000,0.123363
224.164000,0.123363
224.180000,0.075393
224.192000,0.065514
224.208000,0.121328
224.224000,0.121328
224.240000,0.093478
224.252000,0.093478
224.268000,0.093478
224.284000,0.093478
224.300000,0.113910
224.312000,0.113910
224.328000,0.113910
224.344000,0.086224
224.360000,0.077499
224.372000,0.133800
224.388000,0.133800
224.404000,0.092894
224.420000,0.092894
224.432000,0.092894
224.448000,0.158016
224.464000,0.119447
224.480000,0.119447
224.492000,0.119447
224.508000,0.084534
224.524000,0.084534
224.540000,0.139060
224.552000,0.114900
224.568000,0.099127
224.584000,0.099127
224.600000,0.077018
224.612000,0.128102
224.628000,0.128102
224.644000,0.128102
224.660000,0.101588
224.672000,0.101588
224.688000,0.157658
224.704000,0.116113
224.720000,0.116113
224.732000,0.116113
224.748000,0.088228
224.764000,0.088228
224.780000,0.139633
224.792000,0.106625
224.808000,0.100896
224.824000,0.100896
224.840000,0.083396
224.852000,0.128843
224.868000,0.128843
224.884000,0.128843
224.900000,0.095210
224.912000,0.089951
224.928000,0.140522
224.944000,0.144798
224.960000,0.102816
224.972000,0.102816
224.988000,0.102816
225.004000,0.083564
225.020000,0.127934
225.032000,0.127934
225.048000,0.111444
225.064000,0.100942
225.080000,0.100942
225.092000,0.152610
225.108000,0.119022
225.124000,0.119022
225.140000,0.119022
225.152000,0.098393
225.168000,0.152977
225.184000,0.152977
225.200000,0.111898
225.212000,0.106169
225.228000,0.106169
225.244000,0.106169
225.260000,0.132356
225.272000,0.125708
225.288000,0.125708
225.304000,0.110324
225.320000,0.096123
225.332000,0.150286
225.348000,0.115157
225.364000,0.100826
225.380000,0.100826
225.392000,0.100826
225.408000,0.134809
225.424000,0.134809
225.440000,0.134809
225.452000,0.104039
225.468000,0.099004
225.484000,0.099004
225.500000,0.150474
225.512000,0.147741
225.528000,0.147741
225.544000,0.147741
225.560000,0.082562
225.572000,0.129108
225.588000,0.129108
225.604000,0.105783
225.620000,0.109271
225.632000,0.109271
225.648000,0.164718
225.664000,0.119788
225.680000,0.119788
225.692000,0.119788
225.708000,0.088926
225.724000,0.088926
225.740000,0.145430
225.752000,0.115353
225.768000,0.107244
225.784000,0.107244
225.800000,0.082655
225.812000,0.136243
225.828000,0.136243
225.844000,0.136243
225.860000,0.101783
225.872000,0.095901
225.888000,0.150982
225.904000,0.150982
225.920000,0.117747
225.932000,0.117747
225.948000,0.117747
225.964000,0.074814
225.980000,0.128139
225.992000,0.128139
226.008000,0.109197
226.024000,0.099497
226.040000,0.099497
226.052000,0.156603
226.068000,0.108730
226.084000,0.108730
226.100000,0.108730
226.112000,0.084725
226.128000,0.140859
226.144000,0.140859
226.160000,0.088319
226.172000,0.088319
226.188000,0.088319
226.204000,0.069384
226.220000,0.119448
226.232000,0.119448
226.248000,0.119448
226.264000,0.076839
226.280000,0.076839
226.292000,0.132687
226.308000,0.107987
226.324000,0.112279
226.340000,0.112279
226.352000,0.112279
226.368000,0.112561
226.400000,0.112561
226.416000,0.090188
226.432000,0.090188
226.448000,0.063012
226.460000,0.121970
226.476000,0.121970
226.492000,0.121970
226.508000,0.103622
226.520000,0.071118
226.536000,0.120402
226.552000,0.120402
226.568000,0.077667
226.580000,0.077667
226.596000,0.075836
226.612000,0.136002
226.628000,0.098106
226.640000,0.098106
226.656000,0.098106
226.672000,0.075952
226.688000,0.062199
226.700000,0.100382
226.716000,0.100382
226.732000,0.100382
226.748000,0.077860
226.760000,0.077860
226.776000,0.133105
226.792000,0.099489
226.808000,0.085846
226.820000,0.085846
226.836000,0.085846
226.852000,0.063088
226.868000,0.119037
226.880000,0.119037
226.896000,0.069017
226.912000,0.069017
226.928000,0.069017
226.940000,0.095239
226.956000,0.116902
226.972000,0.116902
226.988000,0.116902
227.000000,0.058314
227.016000,0.107769
227.032000,0.107769
227.048000,0.107769
227.060000,0.070364
227.076000,0.070364
227.092000,0.120617
227.108000,0.117997
227.120000,0.089510
227.136000,0.089510
227.152000,0.095706
227.168000,0.115053
227.180000,0.106674
227.196000,0.106674
227.212000,0.106674
227.228000,0.062567
227.240000,0.062567
227.256000,0.105855
227.272000,0.084548
227.288000,0.088095
227.300000,0.088095
227.316000,0.088095
227.332000,0.098602
227.348000,0.098602
227.360000,0.098602
227.376000,0.067807
227.392000,0.071668
227.408000,0.120211
227.420000,0.120211
227.436000,0.084327
227.452000,0.084327
227.468000,0.084327
227.480000,0.073750
227.496000,0.142631
227.512000,0.142631
227.528000,0.142631
227.540000,0.079618
227.556000,0.079618
227.572000,0.127974
227.588000,0.131909
227.600000,0.131909
227.616000,0.131909
227.632000,0.069264
227.648000,0.115244
227.660000,0.115244
227.676000,0.115244
227.692000,0.083316
227.708000,0.083316
227.720000,0.083316
227.736000,0.098775
227.752000,0.098775
227.768000,0.098775
227.780000,0.083731
227.796000,0.075262
227.812000,0.121373
227.828000,0.121373
227.840000,0.095531
227.856000,0.098012
227.872000,0.098012
227.888000,0.118273
227.900000,0.112636
227.916000,0.112636
227.932000,0.090001
227.948000,0.087857
227.960000,0.087857
227.976000,0.136783
227.992000,0.096132
228.008000,0.090183
228.020000,0.090183
228.036000,0.090183
228.052000,0.121662
228.068000,0.121662
228.080000,0.121662
228.096000,0.090529
228.112000,0.085706
228.128000,0.135168
228.140000,0.135168
228.156000,0.100156
228.172000,0.100156
228.188000,0.100156
228.200000,0.082274
228.220000,0.122563
228.232000,0.122563
228.248000,0.106481
228.260000,0.106481
228.276000,0.106481
228.292000,0.127785
228.308000,0.127785
228.320000,0.127785
228.336000,0.127785
228.352000,0.095324
228.368000,0.146174
228.380000,0.146174
228.396000,0.108911
228.412000,0.102002
228.428000,0.102002
228.440000,0.102002
228.456000,0.129098
228.472000,0.122586
228.488000,0.122586
228.500000,0.095496
228.516000,0.119964
228.532000,0.176565
228.548000,0.176565
228.560000,0.103781
228.576000,0.103781
228.592000,0.103781
228.608000,0.160109
228.620000,0.160109
228.636000,0.160109
228.652000,0.100765
228.668000,0.095695
228.680000,0.095695
228.696000,0.148265
228.712000,0.126076
228.728000,0.126076
228.740000,0.126076
228.756000,0.096865
228.772000,0.135700
228.788000,0.135700
228.800000,0.135700
228.816000,0.104993
228.832000,0.104993
228.848000,0.161745
228.860000,0.130196
228.876000,0.116444
228.892000,0.116444
228.908000,0.094207
228.920000,0.091560
228.936000,0.149683
228.952000,0.149683
228.968000,0.112301
228.980000,0.112301
228.996000,0.112301
229.012000,0.167536
229.028000,0.167536
229.040000,0.167536
229.056000,0.105395
229.072000,0.105395
229.088000,0.161005
229.100000,0.131324
229.116000,0.131324
229.132000,0.131324
229.148000,0.100688
229.160000,0.095005
229.176000,0.147526
229.192000,0.147526
229.208000,0.105494
229.220000,0.105494
229.236000,0.105494
229.384000,0.089626
229.400000,0.083094
229.416000,0.134642
229.432000,0.134642
229.444000,0.110111
229.460000,0.113882
229.476000,0.107303
229.492000,0.167229
229.504000,0.109120
229.520000,0.119972
229.536000,0.119972
229.552000,0.119972
229.564000,0.073136
229.580000,0.124092
229.596000,0.124092
229.612000,0.104617
229.624000,0.104617
229.640000,0.104617
229.656000,0.116275
229.672000,0.109073
229.684000,0.109073
229.700000,0.085519
229.716000,0.082874
229.732000,0.138567
229.744000,0.138567
229.760000,0.092649
229.776000,0.092649
229.792000,0.092649
229.804000,0.065105
229.820000,0.152737
229.836000,0.152737
229.852000,0.105379
229.864000,0.091944
229.880000,0.091944
229.896000,0.151004
229.912000,0.116428
229.924000,0.109248
229.940000,0.109248
229.956000,0.079110
229.972000,0.123635
229.984000,0.123635
230.000000,0.123635
230.016000,0.089983
230.032000,0.089983
230.044000,0.089983
230.060000,0.132103
230.076000,0.116803
230.092000,0.116803
230.104000,0.077235
230.120000,0.074516
230.136000,0.132804
230.152000,0.107234
230.164000,0.099715
230.180000,0.099715
230.196000,0.099715
230.212000,0.143659
230.224000,0.143659
230.240000,0.143659
230.256000,0.080279
230.272000,0.073674
230.284000,0.073674
230.300000,0.098781
230.316000,0.095992
230.332000,0.095992
230.344000,0.095992
230.360000,0.054816
230.376000,0.108060
230.392000,0.108060
230.404000,0.071290
230.420000,0.082106
230.436000,0.082106
230.452000,0.100395
230.464000,0.085896
230.480000,0.085896
230.496000,0.085896
230.512000,0.067136
230.524000,0.060863
230.540000,0.117487
230.556000,0.079018
230.572000,0.072441
230.584000,0.072441
230.600000,0.050742
230.616000,0.097341
230.632000,0.097341
230.644000,0.097341
230.660000,0.068087
230.676000,0.063194
230.692000,0.114581
230.704000,0.114581
230.720000,0.083203
230.736000,0.083203
230.752000,0.083203
230.764000,0.057000
230.780000,0.102150
230.796000,0.102150
230.812000,0.073860
230.824000,0.073860
230.840000,0.073860
230.856000,0.091028
230.872000,0.084936
230.884000,0.084936
230.900000,0.084936
230.916000,0.069468
230.932000,0.121821
230.944000,0.121821
230.960000,0.076646
230.976000,0.076646
230.992000,0.076646
231.004000,0.064180
231.020000,0.111109
231.036000,0.111109
231.052000,0.083281
231.064000,0.079220
231.080000,0.079220
231.096000,0.128548
231.112000,0.100983
231.124000,0.100983
231.140000,0.100983
231.156000,0.080443
231.172000,0.116776
231.184000,0.116776
231.200000,0.116776
231.216000,0.091642
231.232000,0.091642
231.244000,0.091642
231.260000,0.105031
231.276000,0.105031
231.292000,0.105031
231.304000,0.105031
231.320000,0.085509
231.336000,0.136190
231.352000,0.104342
231.364000,0.099038
231.380000,0.099038
231.396000,0.099038
231.412000,0.125127
231.424000,0.133879
231.440000,0.133879
231.456000,0.122312
231.472000,0.094495
231.484000,0.094495
231.500000,0.144575
231.516000,0.121308
231.532000,0.121308
231.544000,0.121308
231.560000,0.087811
231.576000,0.135608
231.592000,0.135608
231.604000,0.103968
231.620000,0.106977
231.636000,0.106977
231.652000,0.125387
231.664000,0.118999
231.680000,0.118999
231.696000,0.118999
231.712000,0.095458
231.724000,0.095458
231.740000,0.149580
231.756000,0.107280
231.772000,0.107280
231.784000,0.107280
231.800000,0.107280
231.816000,0.131272
231.832000,0.131272
231.844000,0.131272
231.860000,0.095468
231.876000,0.095468
231.892000,0.149361
231.904000,0.126279
231.920000,0.130215
231.936000,0.130215
231.952000,0.089438
231.964000,0.083896
231.980000,0.137509
231.996000,0.137509
232.012000,0.101651
232.024000,0.101651
232.040000,0.089786
232.056000,0.141571
232.072000,0.141571
232.084000,0.116843
232.100000,0.102613
232.116000,0.102613
232.132000,0.161199
232.144000,0.133124
232.160000,0.133124
232.176000,0.133124
232.192000,0.088277
232.204000,0.088277
232.220000,0.145946
232.236000,0.111264
232.252000,0.111264
232.264000,0.111264
232.280000,0.092118
232.296000,0.142773
232.312000,0.142773
232.324000,0.142773
232.340000,0.096408
232.356000,0.096408
232.372000,0.155910
232.384000,0.128498
232.400000,0.119024
232.416000,0.119024
232.432000,0.119024
232.444000,0.071857
232.460000,0.128984
232.476000,0.128984
232.492000,0.102991
232.504000,0.087900
232.520000,0.087900
232.536000,0.148037
232.552000,0.103687
232.564000,0.103687
232.580000,0.103687
232.596000,0.066147
232.612000,0.113258
232.624000,0.113258
232.640000,0.100444
232.656000,0.086685
232.672000,0.086685
232.684000,0.086685
232.700000,0.107494
232.716000,0.107494
232.732000,0.107494
232.744000,0.083859
232.760000,0.087963
232.780000,0.148209
232.792000,0.098331
232.804000,0.089543
232.820000,0.089543
232.836000,0.065584
232.852000,0.118046
232.864000,0.118046
232.880000,0.118046
232.896000,0.072475
232.912000,0.072475
232.924000,0.072475
232.940000,0.129900
232.956000,0.095319
232.972000,0.095319
232.984000,0.095319
233.000000,0.057589
233.016000,0.107414
233.036000,0.107414
233.044000,0.091702
233.060000,0.091702
233.076000,0.091702
233.092000,0.117303
233.104000,0.117303
233.120000,0.117303
233.136000,0.082525
233.152000,0.080053
233.164000,0.080053
233.180000,0.136413
233.196000,0.089156
233.212000,0.081662
233.224000,0.081662
233.240000,0.081662
233.256000,0.111493
233.272000,0.111493
233.284000,0.111493
233.300000,0.076611
233.316000,0.076611
233.332000,0.131331
233.344000,0.107269
233.360000,0.105484
233.376000,0.105484
233.392000,0.098846
233.404000,0.067302
233.420000,0.115197
233.436000,0.100718
233.452000,0.098164
233.464000,0.098164
233.480000,0.098164
233.496000,0.125774
233.512000,0.125774
233.524000,0.125774
233.540000,0.093828
233.556000,0.093828
233.572000,0.151051
233.584000,0.118735
233.600000,0.103573
233.616000,0.103573
233.632000,0.088668
233.644000,0.083814
233.660000,0.140519
233.676000,0.140519
233.692000,0.102675
233.704000,0.102675
233.720000,0.102675
233.736000,0.129342
233.752000,0.129342
233.764000,0.129342
233.780000,0.108208
233.796000,0.108208
233.812000,0.167315
233.824000,0.125388
233.840000,0.119431
233.856000,0.119431
233.872000,0.100291
233.884000,0.097846
233.900000,0.148750
233.916000,0.148750
233.932000,0.114315
233.944000,0.114315
233.960000,0.114315
233.976000,0.144166
233.992000,0.127488
234.004000,0.127488
234.020000,0.127488
234.036000,0.091300
234.052000,0.139554
234.064000,0.139554
234.080000,0.120561
234.096000,0.113973
234.112000,0.113973
234.124000,0.113973
234.140000,0.123577
234.156000,0.123577
234.172000,0.123577
234.184000,0.097960
234.200000,0.097960
234.216000,0.149216
234.232000,0.111424
234.244000,0.111424
234.260000,0.111424
234.276000,0.093134
234.292000,0.141902
234.304000,0.141902
234.320000,0.141902
234.336000,0.102006
234.352000,0.126270
234.364000,0.126270
234.380000,0.184079
234.396000,0.106404
234.412000,0.106404
234.424000,0.106404
234.440000,0.108464
234.456000,0.133748
234.472000,0.133748
234.484000,0.133748
234.500000,0.103663
234.516000,0.103663
234.532000,0.122539
234.544000,0.127602
234.560000,0.127602
234.576000,0.127602
234.592000,0.087030
234.604000,0.087030
234.620000,0.139212
234.636000,0.106978
234.652000,0.110597
234.664000,0.110597
234.680000,0.110597
234.696000,0.123347
234.712000,0.123347
234.724000,0.123347
234.740000,0.094589
234.756000,0.098216
234.772000,0.156779
234.784000,0.126002
234.800000,0.108440
234.816000,0.108440
234.832000,0.077218
234.844000,0.080600
234.860000,0.133059
234.876000,0.133059
234.892000,0.087562
234.904000,0.087562
234.920000,0.087562
234.936000,0.109928
234.952000,0.107609
234.964000,0.107609
234.980000,0.107609
234.996000,0.064728
235.012000,0.117515
235.024000,0.117515
235.040000,0.091868
235.056000,0.096028
235.072000,0.096028
235.084000,0.096028
235.100000,0.098648
235.116000,0.098648
235.132000,0.098648
235.144000,0.072675
235.160000,0.072675
235.176000,0.128610
235.192000,0.085947
235.204000,0.068818
235.220000,0.068818
235.236000,0.068818
235.252000,0.095755
235.264000,0.080963
235.280000,0.080963
235.296000,0.080963
235.312000,0.055329
235.324000,0.055329
235.340000,0.114819
235.356000,0.075192
235.372000,0.075192
235.384000,0.075192
235.400000,0.049822
235.416000,0.092288
235.432000,0.092288
235.444000,0.092288
235.460000,0.073841
235.476000,0.073841
235.492000,0.103813
235.504000,0.090097
235.520000,0.090097
235.536000,0.090097
235.552000,0.055631
235.564000,0.051416
235.580000,0.099911
235.596000,0.099911
235.612000,0.098423
235.624000,0.098423
235.640000,0.098423
235.656000,0.084777
235.672000,0.084777
235.684000,0.084777
235.700000,0.084777
235.716000,0.061826
235.732000,0.121818
235.744000,0.121818
235.760000,0.091827
235.776000,0.091827
235.792000,0.063073
235.804000,0.059567
235.820000,0.105393
235.836000,0.105393
235.852000,0.078339
235.864000,0.078339
235.880000,0.078339
235.896000,0.107969
235.912000,0.102044
235.924000,0.102044
235.940000,0.081331
235.956000,0.072802
235.972000,0.123973
235.984000,0.123973
236.000000,0.087814
236.016000,0.087814
