39.880000,0.683700
39.900000,0.683700
39.912000,0.683700
39.928000,0.680861
39.940000,0.680861
39.956000,0.671960
39.972000,0.652987
39.988000,0.652987
40.000000,0.652987
40.016000,0.640983
40.032000,0.628265
40.052000,0.628265
40.060000,0.628265
40.076000,0.616596
40.092000,0.616596
40.108000,0.607863
40.120000,0.589055
40.136000,0.589055
40.152000,0.589055
40.168000,0.583906
40.180000,0.582329
40.196000,0.571341
40.212000,0.561041
40.228000,0.559136
40.240000,0.559136
40.256000,0.559136
40.272000,0.538685
40.288000,0.538685
40.300000,0.538685
40.316000,0.527406
40.332000,0.525905
40.348000,0.514332
40.360000,0.508956
40.376000,0.508066
40.392000,0.508066
40.408000,0.508066
40.420000,0.500150
40.436000,0.486593
40.452000,0.486593
40.468000,0.480717
40.480000,0.480717
40.496000,0.480717
40.512000,0.460150
40.528000,0.459267
40.540000,0.459267
40.556000,0.459267
40.572000,0.455709
40.588000,0.438203
40.600000,0.438203
40.616000,0.434984
40.632000,0.434628
40.648000,0.434628
40.660000,0.434628
40.676000,0.417069
40.692000,0.417069
40.708000,0.418349
40.720000,0.420079
40.736000,0.420079
40.752000,0.398422
40.768000,0.398721
40.780000,0.398721
40.796000,0.398721
40.812000,0.406043
40.828000,0.384493
40.840000,0.384493
40.856000,0.384493
40.872000,0.389198
40.888000,0.389198
40.900000,0.389198
40.916000,0.377310
40.932000,0.380387
40.948000,0.380387
40.960000,0.380387
40.976000,0.389738
40.992000,0.362565
41.008000,0.362565
41.020000,0.362565
41.036000,0.373948
41.052000,0.373948
41.068000,0.346547
41.080000,0.362004
41.096000,0.365534
41.112000,0.365534
41.128000,0.362743
41.140000,0.379172
41.156000,0.344949
41.172000,0.359294
41.188000,0.367607
41.200000,0.367607
41.216000,0.367607
41.232000,0.343857
41.248000,0.343857
41.260000,0.343857
41.276000,0.369652
41.292000,0.374500
41.308000,0.336024
41.320000,0.336024
41.336000,0.349506
41.352000,0.349506
41.368000,0.349506
41.380000,0.376094
41.396000,0.339612
41.412000,0.339612
41.428000,0.363319
41.440000,0.339291
41.456000,0.339291
41.472000,0.340833
41.488000,0.345442
41.500000,0.345442
41.516000,0.345442
41.532000,0.360978
41.548000,0.322210
41.560000,0.322210
41.576000,0.339288
41.592000,0.343787
41.608000,0.343787
41.620000,0.343787
41.636000,0.312091
41.652000,0.315647
41.668000,0.315647
41.680000,0.335995
41.696000,0.340323
41.712000,0.298345
41.728000,0.308758
41.740000,0.309676
41.756000,0.309676
41.772000,0.309676
41.788000,0.292999
41.800000,0.292999
41.816000,0.292999
41.832000,0.292475
41.848000,0.308031
41.860000,0.308031
41.876000,0.269090
41.892000,0.288397
41.908000,0.288397
41.920000,0.288397
41.936000,0.300159
41.952000,0.264914
41.968000,0.264914
41.980000,0.264914
41.996000,0.277876
42.012000,0.281800
42.028000,0.241441
42.040000,0.241441
42.056000,0.256808
42.072000,0.256808
42.088000,0.256808
42.100000,0.263949
42.116000,0.223454
42.132000,0.223454
42.148000,0.238711
42.160000,0.238711
42.176000,0.238711
42.192000,0.212378
42.208000,0.210142
42.220000,0.210142
42.236000,0.210142
42.252000,0.228684
42.268000,0.189875
42.280000,0.189875
42.296000,0.200158
42.312000,0.200158
42.328000,0.200158
42.340000,0.213261
42.356000,0.175035
42.372000,0.175035
42.388000,0.184947
42.400000,0.184947
42.416000,0.184947
42.432000,0.151628
42.448000,0.158375
42.460000,0.158375
42.476000,0.158375
42.492000,0.172164
42.508000,0.135075
42.520000,0.135075
42.536000,0.140651
42.552000,0.142935
42.568000,0.142935
42.580000,0.157280
42.596000,0.121192
42.612000,0.121192
42.628000,0.128053
42.640000,0.128667
42.656000,0.128667
42.672000,0.104339
42.688000,0.107998
42.700000,0.107998
42.716000,0.107998
42.732000,0.122203
42.748000,0.090245
42.760000,0.090245
42.776000,0.090245
42.792000,0.098176
42.808000,0.098176
42.820000,0.098176
42.836000,0.078113
42.852000,0.077796
42.868000,0.077796
42.880000,0.077796
42.896000,0.095345
42.912000,0.067528
42.928000,0.067517
42.940000,0.066920
42.956000,0.066920
42.972000,0.066920
42.988000,0.056539
43.000000,0.056539
43.016000,0.056539
43.032000,0.061843
43.048000,0.061843
43.060000,0.061843
43.076000,0.046816
43.092000,0.047438
43.108000,0.047438
43.120000,0.047438
43.136000,0.056722
43.152000,0.050720
43.168000,0.050720
43.180000,0.040817
43.196000,0.043201
43.212000,0.043201
43.228000,0.035339
43.240000,0.036674
43.256000,0.036674
43.272000,0.036674
43.288000,0.048253
43.300000,0.048253
43.316000,0.043030
43.332000,0.031371
43.348000,0.030673
43.360000,0.030673
43.376000,0.030673
43.392000,0.031028
43.408000,0.031028
43.420000,0.031028
43.436000,0.029918
43.452000,0.039671
43.468000,0.042452
43.480000,0.042452
43.496000,0.029063
43.512000,0.025113
43.528000,0.025113
43.540000,0.043252
43.556000,0.028834
43.572000,0.028834
43.588000,0.028834
43.600000,0.028958
43.616000,0.033553
43.632000,0.048457
43.648000,0.026772
43.660000,0.028196
43.676000,0.028196
43.692000,0.043698
43.708000,0.037445
43.720000,0.037445
43.736000,0.037445
43.752000,0.038740
43.768000,0.038740
43.780000,0.038740
43.796000,0.034011
43.812000,0.030726
43.828000,0.030726
43.840000,0.030726
43.856000,0.054183
43.872000,0.039876
43.888000,0.039876
43.900000,0.043040
43.916000,0.043040
43.932000,0.043040
43.948000,0.043110
43.960000,0.039805
43.976000,0.038899
43.996000,0.038899
44.008000,0.047773
44.020000,0.061750
44.036000,0.044309
44.052000,0.044309
44.068000,0.045228
44.080000,0.045228
44.096000,0.045228
44.112000,0.052564
44.128000,0.049811
44.140000,0.048091
44.156000,0.048091
44.172000,0.048091
44.188000,0.052777
44.200000,0.052777
44.216000,0.052777
44.232000,0.052777
44.248000,0.072954
44.260000,0.072954
44.276000,0.058747
44.292000,0.058950
44.308000,0.057567
44.320000,0.057567
44.336000,0.057567
44.352000,0.062982
44.368000,0.062982
44.380000,0.062982
44.396000,0.068056
44.412000,0.068056
44.428000,0.079035
44.440000,0.069064
44.456000,0.070540
44.472000,0.070540
44.488000,0.070540
44.500000,0.079599
44.516000,0.078146
44.532000,0.078146
44.548000,0.075448
44.560000,0.075448
44.576000,0.075448
44.592000,0.079116
44.608000,0.078485
44.620000,0.078485
44.636000,0.078485
44.652000,0.087643
44.668000,0.084649
44.680000,0.084649
44.696000,0.080601
44.712000,0.080495
44.728000,0.080495
44.740000,0.080495
44.756000,0.085410
44.772000,0.085410
44.788000,0.085410
44.800000,0.083017
44.816000,0.083017
44.832000,0.103065
44.848000,0.085915
44.860000,0.085915
44.876000,0.085915
44.892000,0.085945
44.908000,0.101419
44.920000,0.101419
44.936000,0.086973
44.952000,0.085476
44.968000,0.085476
44.980000,0.085476
44.996000,0.097174
45.012000,0.097174
45.028000,0.097174
45.040000,0.086699
45.056000,0.086699
45.072000,0.115166
45.088000,0.097135
45.100000,0.097135
45.116000,0.097135
45.132000,0.092803
45.148000,0.132312
45.160000,0.132312
45.176000,0.090473
45.192000,0.088200
45.208000,0.088200
45.220000,0.088200
45.236000,0.107822
45.252000,0.105980
45.268000,0.105980
45.280000,0.105980
45.296000,0.083587
45.312000,0.110911
45.328000,0.110911
45.340000,0.110911
45.356000,0.085301
45.372000,0.085301
45.388000,0.125257
45.404000,0.121674
45.416000,0.121674
45.432000,0.121674
45.448000,0.080569
45.460000,0.078126
45.476000,0.113521
45.492000,0.113521
45.508000,0.088244
45.520000,0.088244
45.536000,0.088244
45.552000,0.098713
45.568000,0.098713
45.580000,0.098713
45.596000,0.082039
45.612000,0.082039
45.628000,0.129573
45.640000,0.129573
45.656000,0.089232
45.672000,0.089232
45.688000,0.089232
45.700000,0.067924
45.716000,0.095923
45.732000,0.095923
45.748000,0.095923
45.760000,0.073404
45.780000,0.073404
45.792000,0.123179
45.808000,0.100570
45.820000,0.100570
45.836000,0.100570
45.852000,0.100570
45.868000,0.116784
45.880000,0.116784
45.896000,0.116784
45.912000,0.067211
45.928000,0.061392
45.940000,0.061392
45.956000,0.110306
45.972000,0.091955
45.988000,0.091955
46.000000,0.091955
46.016000,0.060253
46.032000,0.114070
46.048000,0.114070
46.060000,0.084313
46.076000,0.081983
46.092000,0.081983
46.108000,0.140845
46.124000,0.083034
46.136000,0.083034
46.152000,0.083034
46.168000,0.062595
46.180000,0.056353
46.196000,0.112480
46.212000,0.072272
46.228000,0.072272
46.240000,0.072272
46.256000,0.072272
46.272000,0.104094
46.288000,0.104094
46.300000,0.104094
46.316000,0.046961
46.332000,0.046961
46.348000,0.102498
46.360000,0.084913
46.376000,0.089897
46.392000,0.089897
46.408000,0.058752
46.420000,0.046274
46.436000,0.100869
46.452000,0.100869
46.468000,0.073631
46.480000,0.073631
46.496000,0.073631
46.512000,0.094119
46.528000,0.094119
46.540000,0.094119
46.556000,0.050746
46.572000,0.050746
46.588000,0.110510
46.600000,0.110510
46.616000,0.073500
46.632000,0.073500
46.648000,0.045547
46.660000,0.040939
46.676000,0.093095
46.692000,0.093095
46.708000,0.045822
46.720000,0.040985
46.736000,0.040985
46.752000,0.095119
46.768000,0.078611
46.780000,0.078611
46.796000,0.078611
46.812000,0.050186
46.828000,0.094026
46.840000,0.094026
46.856000,0.094026
46.872000,0.063406
46.888000,0.063406
46.900000,0.063406
46.916000,0.065480
46.932000,0.065480
46.948000,0.065480
46.960000,0.053397
46.976000,0.051776
46.992000,0.100082
47.008000,0.100082
47.020000,0.055333
47.036000,0.055333
47.056000,0.055333
47.068000,0.112077
47.080000,0.076767
47.096000,0.076767
47.112000,0.076767
47.128000,0.055707
47.140000,0.055707
47.156000,0.091111
47.172000,0.067517
47.188000,0.067517
47.200000,0.067517
47.216000,0.058270
47.232000,0.081336
47.248000,0.081336
47.260000,0.081336
47.276000,0.068755
47.292000,0.068755
47.308000,0.115243
47.320000,0.076648
47.336000,0.076648
47.352000,0.076648
47.368000,0.066381
47.380000,0.063439
47.396000,0.095745
47.412000,0.095745
47.428000,0.077305
47.440000,0.077305
47.456000,0.077305
47.472000,0.088631
47.488000,0.083926
47.500000,0.083926
47.516000,0.083926
47.532000,0.067547
47.548000,0.103870
47.560000,0.103870
47.576000,0.084294
47.592000,0.079929
47.608000,0.079929
47.620000,0.079929
47.636000,0.105646
47.652000,0.105646
47.668000,0.078296
47.680000,0.074390
47.696000,0.071041
47.712000,0.116741
47.728000,0.095857
47.740000,0.085374
47.756000,0.085374
47.772000,0.085374
47.788000,0.104072
47.800000,0.104072
47.816000,0.104072
47.832000,0.089079
47.848000,0.079682
47.860000,0.079682
47.876000,0.130976
47.892000,0.098565
47.908000,0.098565
47.920000,0.098565
47.936000,0.075750
47.952000,0.116426
47.968000,0.116426
47.980000,0.085610
47.996000,0.085610
48.012000,0.085610
48.028000,0.137388
48.040000,0.113359
48.056000,0.107145
48.072000,0.107145
48.088000,0.076910
48.100000,0.075675
48.116000,0.127038
48.132000,0.127038
48.148000,0.092854
48.160000,0.092854
48.176000,0.092854
48.192000,0.114532
48.208000,0.114532
48.220000,0.114532
48.236000,0.090943
48.252000,0.079567
48.268000,0.132414
48.280000,0.132414
48.296000,0.103269
48.312000,0.103269
48.328000,0.103269
48.340000,0.070467
48.356000,0.115485
48.372000,0.115485
48.388000,0.087141
48.400000,0.084801
48.416000,0.084801
48.432000,0.141942
48.448000,0.104723
48.460000,0.104723
48.476000,0.104723
48.492000,0.076681
48.508000,0.164300
48.520000,0.164300
48.536000,0.164300
48.552000,0.094633
48.568000,0.094633
48.580000,0.094633
48.596000,0.109235
48.612000,0.109235
48.628000,0.109235
48.640000,0.075020
48.656000,0.062182
48.672000,0.117347
48.688000,0.117347
48.700000,0.081776
48.716000,0.081776
48.732000,0.081776
48.748000,0.101673
48.760000,0.101673
48.776000,0.101673
48.792000,0.070392
48.808000,0.074857
48.820000,0.074857
48.836000,0.104445
48.852000,0.089541
48.868000,0.089541
48.880000,0.089541
48.896000,0.059590
48.912000,0.115275
48.928000,0.115275
48.940000,0.115275
48.956000,0.068614
48.972000,0.068614
48.988000,0.127667
49.000000,0.098232
49.016000,0.090759
49.032000,0.090759
49.048000,0.055908
49.060000,0.051193
49.076000,0.103067
49.092000,0.103067
49.108000,0.062799
49.120000,0.062799
49.136000,0.062799
49.152000,0.083032
49.168000,0.111074
49.180000,0.111074
49.196000,0.111074
49.212000,0.056236
49.228000,0.107257
49.240000,0.107257
49.256000,0.072262
49.272000,0.072262
49.288000,0.072262
49.300000,0.072262
49.316000,0.086765
49.332000,0.086765
49.348000,0.086765
49.360000,0.060245
49.376000,0.060245
49.392000,0.112207
49.408000,0.087346
49.420000,0.087346
49.436000,0.087346
49.452000,0.061648
49.468000,0.106449
49.480000,0.106449
49.496000,0.080756
49.512000,0.080756
49.532000,0.061772
49.540000,0.062463
49.556000,0.105603
49.572000,0.105603
49.588000,0.072358
49.600000,0.072358
49.616000,0.072358
49.632000,0.120682
49.648000,0.087183
49.660000,0.087183
49.676000,0.087183
49.692000,0.068955
49.708000,0.110884
49.720000,0.110884
49.740000,0.086288
49.752000,0.077170
49.768000,0.077170
49.780000,0.077170
49.796000,0.122913
49.812000,0.122913
49.828000,0.122913
49.840000,0.080171
49.856000,0.076409
49.872000,0.122946
49.888000,0.092266
49.900000,0.092266
49.916000,0.092266
49.932000,0.076730
49.952000,0.112319
49.960000,0.112319
49.976000,0.112319
49.992000,0.084377
50.008000,0.104435
50.020000,0.104435
50.036000,0.157781
50.052000,0.097581
50.068000,0.097581
50.080000,0.097581
50.096000,0.077362
50.112000,0.122405
50.128000,0.122405
50.140000,0.095545
50.156000,0.090324
50.172000,0.090324
50.188000,0.108184
50.200000,0.108184
50.216000,0.108184
50.232000,0.093070
50.248000,0.088162
50.260000,0.088162
50.276000,0.139151
50.292000,0.100399
50.308000,0.100399
50.320000,0.100399
50.336000,0.078254
50.352000,0.111943
50.368000,0.111943
50.380000,0.111943
50.396000,0.109715
50.412000,0.085716
50.428000,0.135509
50.440000,0.107788
50.456000,0.096142
50.472000,0.096142
50.488000,0.096142
50.500000,0.077526
50.516000,0.126309
50.532000,0.126309
50.548000,0.086938
50.560000,0.081677
50.576000,0.081677
50.592000,0.110504
50.608000,0.114796
50.620000,0.114796
50.636000,0.114796
50.652000,0.076930
50.668000,0.127201
50.680000,0.127201
50.696000,0.098259
50.712000,0.124772
50.728000,0.124772
50.740000,0.072683
50.756000,0.108297
50.772000,0.108297
50.788000,0.081331
50.800000,0.084879
50.816000,0.084879
50.832000,0.139031
50.848000,0.089211
50.860000,0.089211
50.876000,0.089211
50.892000,0.070060
50.908000,0.119674
50.920000,0.119674
50.936000,0.119674
50.952000,0.077783
50.968000,0.077783
50.980000,0.077783
50.996000,0.100654
51.012000,0.105109
51.028000,0.105109
51.040000,0.066261
51.056000,0.061868
51.072000,0.109702
51.088000,0.109702
51.100000,0.085878
51.116000,0.085878
51.132000,0.085878
51.148000,0.097547
51.160000,0.097547
51.176000,0.097547
51.192000,0.070426
51.208000,0.073987
51.220000,0.073987
51.236000,0.129373
51.252000,0.098609
51.268000,0.098609
51.280000,0.098609
51.296000,0.083066
51.312000,0.140860
51.328000,0.140860
51.340000,0.093410
51.356000,0.093410
51.372000,0.093410
51.388000,0.093192
51.400000,0.093192
51.416000,0.093192
51.432000,0.075791
51.448000,0.069937
51.460000,0.069937
51.476000,0.124100
51.492000,0.080661
51.508000,0.080661
51.520000,0.080661
51.536000,0.056825
51.552000,0.105307
51.568000,0.105307
51.580000,0.065942
51.596000,0.065942
51.612000,0.065942
51.628000,0.095591
51.640000,0.099949
51.656000,0.099949
51.672000,0.099949
51.688000,0.057542
51.700000,0.057542
51.716000,0.107512
51.732000,0.097839
51.748000,0.097839
51.760000,0.097839
51.776000,0.059077
51.792000,0.089443
51.808000,0.093882
51.820000,0.093882
51.836000,0.067128
51.852000,0.057870
51.868000,0.106900
51.880000,0.106900
51.896000,0.078561
51.912000,0.078561
51.928000,0.078561
51.940000,0.059862
51.956000,0.097110
51.972000,0.097110
51.988000,0.097110
52.000000,0.068557
52.016000,0.068557
52.032000,0.123504
52.048000,0.075524
52.060000,0.075524
52.076000,0.075524
52.092000,0.058442
52.108000,0.108803
52.120000,0.108803
52.136000,0.074246
52.152000,0.063497
52.168000,0.063497
52.180000,0.063497
52.196000,0.091933
52.212000,0.089644
52.228000,0.089644
52.240000,0.089644
52.256000,0.056474
52.272000,0.104150
52.288000,0.082523
52.300000,0.082523
52.316000,0.082523
52.332000,0.082523
52.348000,0.100566
52.360000,0.100566
52.376000,0.100566
52.392000,0.068640
52.408000,0.068640
52.420000,0.068640
52.436000,0.120696
52.452000,0.083301
52.468000,0.083301
52.480000,0.083301
52.496000,0.060450
52.512000,0.108742
52.528000,0.108742
52.540000,0.079424
52.556000,0.073640
52.572000,0.073640
52.588000,0.090488
52.600000,0.090488
52.616000,0.090488
52.632000,0.090488
52.648000,0.064535
52.660000,0.064535
52.676000,0.115837
52.692000,0.081444
52.708000,0.081444
52.720000,0.081444
52.736000,0.059955
52.752000,0.091799
52.768000,0.091799
52.780000,0.091799
52.796000,0.068119
52.812000,0.068119
52.828000,0.117969
52.840000,0.087684
52.856000,0.087684
52.872000,0.087684
52.888000,0.061173
52.900000,0.061173
52.916000,0.107141
52.932000,0.078925
52.948000,0.068546
52.960000,0.068546
52.976000,0.068546
52.992000,0.089690
53.008000,0.089690
53.020000,0.089690
53.036000,0.064960
53.052000,0.061462
53.068000,0.105707
53.080000,0.105707
53.096000,0.103439
53.112000,0.103439
53.128000,0.103439
53.140000,0.057302
53.156000,0.083653
53.172000,0.083653
53.188000,0.083653
53.200000,0.069298
53.216000,0.069298
53.232000,0.120417
53.248000,0.080294
53.260000,0.080294
53.276000,0.080294
53.292000,0.060104
53.308000,0.133005
53.320000,0.133005
53.336000,0.133005
53.352000,0.063095
53.368000,0.063095
53.380000,0.063095
53.396000,0.116874
53.412000,0.116874
53.428000,0.116874
53.440000,0.069365
53.456000,0.060459
53.472000,0.109264
53.488000,0.081679
53.500000,0.081679
53.516000,0.081679
53.532000,0.062599
53.548000,0.100949
53.560000,0.100949
53.576000,0.100949
53.592000,0.068508
53.608000,0.068508
53.620000,0.068508
53.636000,0.093024
53.652000,0.086609
53.668000,0.086609
53.680000,0.086609
53.696000,0.061125
53.712000,0.116222
53.728000,0.116222
53.740000,0.079191
53.756000,0.073022
53.772000,0.073022
53.788000,0.101929
53.800000,0.101929
53.816000,0.101929
53.832000,0.099549
53.848000,0.066429
53.860000,0.066429
53.876000,0.120015
53.892000,0.090569
53.908000,0.090569
53.920000,0.090569
53.936000,0.068892
53.952000,0.109164
53.968000,0.109164
53.980000,0.109164
53.996000,0.074625
54.012000,0.074625
54.028000,0.130324
54.040000,0.097852
54.056000,0.097852
54.072000,0.097852
54.088000,0.064821
54.100000,0.064821
54.116000,0.121990
54.132000,0.097366
54.148000,0.097366
54.160000,0.097366
54.176000,0.059859
54.192000,0.102922
54.208000,0.102922
54.220000,0.102922
54.236000,0.079131
54.252000,0.079131
54.268000,0.135537
54.280000,0.098613
54.296000,0.092251
54.312000,0.092251
54.328000,0.064339
54.340000,0.066677
54.356000,0.117424
54.372000,0.083227
54.388000,0.077686
54.400000,0.077686
54.416000,0.077686
54.432000,0.106506
54.448000,0.106506
54.460000,0.106506
54.476000,0.085565
54.492000,0.074595
54.512000,0.127561
54.520000,0.127561
54.536000,0.097030
54.552000,0.097030
54.568000,0.097030
54.580000,0.062861
54.596000,0.101068
54.612000,0.101068
54.628000,0.080441
54.640000,0.078356
54.656000,0.078356
54.672000,0.131976
54.688000,0.101706
54.700000,0.101706
54.716000,0.069038
54.732000,0.087954
54.748000,0.143233
54.760000,0.143233
54.776000,0.079564
54.792000,0.074623
54.808000,0.074623
54.820000,0.074623
54.836000,0.106020
54.852000,0.106020
54.868000,0.106020
54.880000,0.066296
54.896000,0.066296
54.912000,0.111997
54.928000,0.111997
54.940000,0.078190
54.956000,0.073306
54.972000,0.073306
54.988000,0.094276
55.000000,0.094276
55.016000,0.094276
55.032000,0.094276
55.048000,0.068088
55.060000,0.068088
55.076000,0.109993
55.092000,0.084781
55.108000,0.083581
55.120000,0.083581
55.136000,0.083581
55.152000,0.094543
55.168000,0.094543
55.180000,0.094543
55.196000,0.073874
55.212000,0.073874
55.228000,0.121288
55.240000,0.098223
55.256000,0.098223
55.272000,0.098223
55.288000,0.069020
55.300000,0.069020
55.316000,0.113757
55.332000,0.083835
55.348000,0.092176
55.360000,0.092176
55.376000,0.092176
55.392000,0.095818
55.408000,0.095818
55.420000,0.095818
55.436000,0.080896
55.452000,0.076230
55.468000,0.123982
55.480000,0.096094
55.496000,0.084902
55.512000,0.084902
55.528000,0.064373
55.540000,0.068497
55.556000,0.112833
55.572000,0.112833
55.588000,0.071095
55.600000,0.071095
55.616000,0.071095
55.632000,0.097213
55.648000,0.094938
55.660000,0.094938
55.676000,0.065894
55.692000,0.061957
55.708000,0.108905
55.720000,0.108905
55.736000,0.079917
55.752000,0.068968
55.768000,0.068968
55.780000,0.068968
55.796000,0.090771
55.812000,0.090771
55.828000,0.074913
55.840000,0.065492
55.856000,0.065492
55.872000,0.114065
55.888000,0.080078
55.900000,0.080078
55.916000,0.080078
55.932000,0.062788
55.948000,0.096344
55.960000,0.096344
55.976000,0.096344
55.992000,0.066348
56.008000,0.066348
56.020000,0.066348
56.036000,0.097727
56.052000,0.085114
56.068000,0.085114
56.080000,0.085114
56.096000,0.057871
56.116000,0.103745
56.128000,0.103745
56.140000,0.069446
56.156000,0.069446
56.172000,0.069446
56.188000,0.087076
56.200000,0.087076
56.216000,0.087076
56.232000,0.065829
56.248000,0.057162
56.260000,0.057162
56.276000,0.104391
56.292000,0.076847
56.308000,0.075620
56.320000,0.075620
56.336000,0.075620
56.352000,0.082263
56.368000,0.082263
56.380000,0.082263
56.396000,0.062965
56.412000,0.066268
56.428000,0.121117
56.440000,0.121117
56.456000,0.072678
56.472000,0.072678
56.488000,0.054220
56.500000,0.076590
56.516000,0.136972
56.532000,0.136972
56.548000,0.060405
56.560000,0.060405
56.576000,0.060405
56.592000,0.092432
56.608000,0.096836
56.620000,0.096836
56.636000,0.063256
56.652000,0.058082
56.668000,0.114171
56.680000,0.114171
56.696000,0.084798
56.712000,0.084798
56.728000,0.084798
56.740000,0.057770
56.756000,0.105796
56.772000,0.105796
56.788000,0.089882
56.800000,0.076928
56.816000,0.076928
56.832000,0.134955
56.848000,0.102004
56.860000,0.102004
56.876000,0.102004
56.892000,0.060922
56.908000,0.118335
56.920000,0.118335
56.936000,0.093521
56.952000,0.086663
56.968000,0.086663
56.980000,0.048946
56.996000,0.100659
57.012000,0.100659
57.028000,0.100659
57.040000,0.063863
57.056000,0.063863
57.072000,0.123099
57.088000,0.085435
57.100000,0.085435
57.116000,0.085435
57.132000,0.085435
57.148000,0.108517
57.160000,0.108517
57.176000,0.108517
57.192000,0.071617
57.208000,0.070246
57.220000,0.070246
57.236000,0.106760
57.252000,0.096028
57.268000,0.096028
57.280000,0.096028
57.296000,0.050423
57.312000,0.118517
57.328000,0.118517
57.340000,0.087081
57.356000,0.073264
57.372000,0.073264
57.388000,0.101425
57.400000,0.101425
57.416000,0.101425
57.432000,0.101425
57.448000,0.070507
57.460000,0.070507
57.476000,0.130830
57.492000,0.093598
57.508000,0.121125
57.520000,0.121125
57.536000,0.121125
57.552000,0.106236
57.568000,0.106236
57.580000,0.106236
57.596000,0.082259
57.612000,0.082259
57.628000,0.139948
57.640000,0.116435
57.656000,0.109618
57.672000,0.109618
57.688000,0.070782
57.700000,0.069454
57.716000,0.122141
57.732000,0.122141
57.748000,0.080825
57.760000,0.075341
57.776000,0.075341
57.792000,0.129480
57.808000,0.103282
57.820000,0.103282
57.836000,0.103282
57.852000,0.070066
57.868000,0.120061
57.880000,0.120061
57.896000,0.104694
57.912000,0.098674
57.928000,0.098674
57.940000,0.098674
57.956000,0.102446
57.972000,0.102446
57.988000,0.102446
58.000000,0.083906
58.016000,0.081813
58.032000,0.131345
58.048000,0.103092
58.060000,0.103092
58.076000,0.089422
58.092000,0.089422
58.108000,0.114384
58.120000,0.106461
58.136000,0.098915
58.152000,0.098915
58.168000,0.119201
58.180000,0.119201
58.196000,0.119201
58.212000,0.089789
58.228000,0.085638
58.240000,0.085638
58.256000,0.134593
58.272000,0.111221
58.288000,0.111221
58.300000,0.111221
58.316000,0.078947
58.332000,0.111557
58.348000,0.111557
58.360000,0.098053
58.376000,0.095775
58.392000,0.095775
58.408000,0.146306
58.420000,0.111550
58.436000,0.111550
58.452000,0.111550
58.468000,0.085163
58.480000,0.085163
58.496000,0.135828
58.512000,0.135828
58.528000,0.085311
58.540000,0.085311
58.556000,0.085311
58.572000,0.108914
58.588000,0.108914
58.600000,0.108914
58.616000,0.095135
58.632000,0.090039
58.648000,0.142372
58.660000,0.142372
58.676000,0.093625
58.692000,0.093625
58.708000,0.093625
58.720000,0.073987
58.736000,0.102218
58.752000,0.102218
58.768000,0.086809
58.780000,0.082164
58.796000,0.082164
58.812000,0.129207
58.828000,0.094999
58.840000,0.094999
58.856000,0.094999
58.872000,0.071963
58.888000,0.108160
58.900000,0.108160
58.916000,0.073111
58.932000,0.100328
58.948000,0.100328
58.960000,0.100328
58.976000,0.089447
58.992000,0.084529
59.008000,0.084529
59.020000,0.084529
59.036000,0.072748
59.052000,0.114336
59.068000,0.114336
59.080000,0.078746
59.096000,0.074978
59.112000,0.074978
59.128000,0.090258
59.140000,0.090258
59.156000,0.090258
59.172000,0.070303
59.188000,0.065663
59.200000,0.065663
59.216000,0.098907
59.232000,0.082851
59.248000,0.082851
59.260000,0.082851
59.276000,0.060817
59.292000,0.085853
59.308000,0.085853
59.320000,0.061564
59.336000,0.061564
59.352000,0.061564
59.368000,0.105020
59.380000,0.080713
59.396000,0.080713
59.412000,0.080713
59.428000,0.067262
59.440000,0.067262
59.456000,0.102883
59.472000,0.078694
59.488000,0.072117
59.500000,0.072117
59.516000,0.072117
59.532000,0.093238
59.548000,0.093238
59.560000,0.093238
59.576000,0.068150
59.592000,0.066725
59.608000,0.099997
59.620000,0.099997
59.636000,0.080004
59.652000,0.080004
59.668000,0.080004
59.680000,0.063516
59.696000,0.088911
59.712000,0.088911
59.728000,0.065561
59.740000,0.071236
59.756000,0.071236
59.772000,0.086965
59.788000,0.077197
59.800000,0.077197
59.820000,0.077197
59.832000,0.065862
59.848000,0.110013
59.860000,0.110013
59.876000,0.073699
59.892000,0.069333
59.908000,0.069333
59.920000,0.069333
59.936000,0.082476
59.952000,0.082476
59.968000,0.082476
59.980000,0.074728
59.996000,0.064732
60.012000,0.115149
60.028000,0.115149
60.040000,0.066196
60.056000,0.061031
60.072000,0.061031
60.088000,0.088293
60.100000,0.088293
60.116000,0.088293
60.132000,0.088293
60.148000,0.054692
60.160000,0.054692
60.176000,0.107330
60.192000,0.074288
60.208000,0.074288
60.220000,0.074288
60.236000,0.053451
60.252000,0.093471
60.268000,0.093471
60.280000,0.093471
60.296000,0.065546
60.312000,0.064020
60.328000,0.121518
60.340000,0.121518
60.356000,0.070824
60.372000,0.070824
60.388000,0.070824
60.400000,0.053291
60.416000,0.105614
60.432000,0.105614
60.448000,0.067570
60.460000,0.060779
60.476000,0.060779
60.492000,0.121099
60.508000,0.094817
60.520000,0.094817
60.536000,0.094817
60.552000,0.042720
60.568000,0.100646
60.580000,0.100646
60.596000,0.076321
60.612000,0.073620
60.628000,0.073620
60.640000,0.073620
60.656000,0.087109
60.672000,0.087109
60.688000,0.087109
60.700000,0.052555
60.716000,0.052555
60.732000,0.113089
60.748000,0.074766
60.760000,0.067490
60.776000,0.067490
60.792000,0.067490
60.808000,0.093529
60.820000,0.085966
60.836000,0.085966
60.852000,0.085966
60.868000,0.051311
60.880000,0.051311
60.896000,0.111514
60.912000,0.058937
60.928000,0.058937
60.940000,0.058937
60.956000,0.035786
60.972000,0.091612
60.988000,0.091612
61.000000,0.091612
61.016000,0.050305
61.032000,0.050305
61.048000,0.106771
61.060000,0.083217
61.076000,0.087464
61.092000,0.087464
61.108000,0.053681
61.120000,0.043997
61.136000,0.091692
61.152000,0.091692
61.168000,0.094201
61.180000,0.094201
61.196000,0.094201
61.212000,0.100491
61.228000,0.093720
61.240000,0.093720
61.256000,0.093720
61.272000,0.059444
61.288000,0.113710
61.300000,0.113710
61.316000,0.062790
61.332000,0.062790
61.348000,0.062790
61.360000,0.057995
61.376000,0.095825
61.392000,0.095825
61.408000,0.095825
61.420000,0.069661
61.436000,0.069661
61.452000,0.118455
61.468000,0.095898
61.480000,0.095898
61.496000,0.095898
61.512000,0.067039
61.528000,0.100645
61.540000,0.100645
61.556000,0.087783
61.572000,0.085568
61.588000,0.085568
61.600000,0.085568
61.616000,0.105492
61.632000,0.105492
61.648000,0.105492
61.660000,0.084946
61.676000,0.084946
61.692000,0.136264
61.708000,0.094528
61.720000,0.081931
61.736000,0.081931
61.752000,0.081931
61.768000,0.117130
61.780000,0.107013
61.796000,0.107013
61.812000,0.107013
61.828000,0.090933
61.840000,0.090933
61.856000,0.141613
61.872000,0.108176
61.888000,0.103080
61.900000,0.103080
61.916000,0.103080
61.932000,0.120215
61.948000,0.120215
61.960000,0.120215
61.976000,0.098398
61.992000,0.098398
62.008000,0.153265
62.020000,0.118553
62.036000,0.118553
62.052000,0.118553
62.068000,0.101540
62.080000,0.095845
62.096000,0.146307
62.112000,0.146307
62.128000,0.093067
62.140000,0.093067
62.156000,0.093067
62.172000,0.135830
62.188000,0.135830
62.200000,0.135830
62.216000,0.097657
62.232000,0.097657
62.248000,0.151889
62.260000,0.126558
62.276000,0.120029
62.292000,0.120029
62.308000,0.085337
62.320000,0.079034
62.336000,0.129431
62.352000,0.129431
62.368000,0.101878
62.380000,0.101878
62.396000,0.101878
62.412000,0.117631
62.428000,0.110601
62.440000,0.110601
62.456000,0.110601
62.472000,0.084589
62.488000,0.140203
62.500000,0.140203
62.516000,0.079937
62.532000,0.079937
62.548000,0.079937
62.560000,0.071160
62.576000,0.118357
62.592000,0.118357
62.608000,0.118357
62.620000,0.075656
62.636000,0.075656
62.652000,0.131690
62.668000,0.103930
62.680000,0.103930
62.696000,0.103930
62.712000,0.058416
62.728000,0.101847
62.740000,0.101847
62.756000,0.084313
62.772000,0.081484
62.788000,0.081484
62.800000,0.081484
62.816000,0.100694
62.832000,0.100694
62.848000,0.100694
62.860000,0.068424
62.876000,0.065723
62.892000,0.123581
62.908000,0.123581
62.920000,0.069606
62.936000,0.069606
62.952000,0.069606
62.968000,0.101364
62.980000,0.101364
62.996000,0.101364
63.012000,0.065943
63.028000,0.060585
63.040000,0.060585
63.056000,0.091110
63.072000,0.088359
63.088000,0.088359
63.100000,0.088359
63.116000,0.051339
63.132000,0.087709
63.148000,0.087709
63.160000,0.087709
63.176000,0.070014
63.192000,0.070014
63.208000,0.093306
63.220000,0.086605
63.236000,0.080210
63.252000,0.080210
63.268000,0.059287
63.280000,0.052490
63.296000,0.096924
63.312000,0.096924
63.328000,0.060187
63.340000,0.068687
63.356000,0.068687
63.372000,0.089721
63.388000,0.079937
63.400000,0.079937
63.416000,0.079937
63.432000,0.068141
63.448000,0.108723
63.460000,0.108723
63.476000,0.108723
63.492000,0.076522
63.508000,0.076522
63.520000,0.076522
63.536000,0.116009
63.552000,0.116009
63.568000,0.116009
63.584000,0.071549
63.596000,0.071549
63.612000,0.111616
63.628000,0.092721
63.640000,0.090445
63.656000,0.090445
63.672000,0.090445
63.688000,0.103824
63.700000,0.103824
63.716000,0.103824
63.732000,0.080868
63.748000,0.080868
63.760000,0.080868
63.776000,0.104198
63.792000,0.099388
63.808000,0.099388
63.820000,0.081683
63.836000,0.081683
63.852000,0.129513
63.868000,0.107567
63.880000,0.102352
63.896000,0.102352
63.912000,0.102352
63.928000,0.109386
63.940000,0.109386
63.956000,0.109386
63.972000,0.089177
63.988000,0.084889
64.000000,0.084889
64.016000,0.109307
64.032000,0.103557
64.052000,0.103557
64.060000,0.103557
64.076000,0.075252
64.092000,0.117392
64.108000,0.117392
64.120000,0.081115
64.136000,0.081115
64.152000,0.081115
64.168000,0.120878
64.180000,0.109699
64.196000,0.109699
64.212000,0.109699
64.228000,0.084331
64.240000,0.084331
64.256000,0.131703
64.272000,0.114545
64.288000,0.114545
64.300000,0.114545
64.316000,0.077187
64.332000,0.118158
64.348000,0.118158
64.360000,0.120091
64.376000,0.094506
64.392000,0.094506
64.408000,0.116462
64.420000,0.110205
64.436000,0.110205
64.452000,0.085193
64.468000,0.085193
64.480000,0.085193
64.496000,0.134680
64.512000,0.087125
64.528000,0.087125
64.540000,0.087125
64.556000,0.070427
64.572000,0.115461
64.588000,0.115461
64.600000,0.115461
64.616000,0.083641
64.632000,0.083641
64.648000,0.134345
64.660000,0.105312
64.676000,0.102561
64.692000,0.102561
64.708000,0.069699
64.720000,0.060215
64.736000,0.102503
64.752000,0.102503
64.768000,0.084001
64.780000,0.084001
64.796000,0.084001
64.812000,0.109303
64.828000,0.095238
64.840000,0.095238
64.856000,0.095238
64.872000,0.064346
64.888000,0.111217
64.900000,0.111217
64.916000,0.111217
64.932000,0.067315
64.948000,0.067315
64.960000,0.067315
64.976000,0.100343
64.992000,0.100343
65.008000,0.100343
65.020000,0.067356
65.036000,0.067356
65.052000,0.122178
65.068000,0.095944
65.080000,0.089277
65.096000,0.089277
65.112000,0.089277
65.128000,0.096628
65.140000,0.107737
65.156000,0.107737
65.172000,0.107737
65.188000,0.059770
65.200000,0.059770
65.216000,0.114890
65.232000,0.094888
65.248000,0.087794
65.260000,0.087794
65.276000,0.087794
65.292000,0.102823
65.308000,0.102823
65.320000,0.102823
65.336000,0.102823
65.352000,0.059177
65.368000,0.113094
65.380000,0.113094
65.396000,0.087026
65.412000,0.087026
65.428000,0.087026
65.440000,0.064576
65.456000,0.112252
65.472000,0.112252
65.488000,0.077317
65.500000,0.075702
65.516000,0.075702
65.532000,0.135291
65.548000,0.091012
65.560000,0.084552
65.576000,0.084552
65.592000,0.084552
65.608000,0.115341
65.620000,0.108236
65.636000,0.108236
65.652000,0.108236
65.668000,0.069833
65.680000,0.069833
65.696000,0.125650
65.712000,0.069025
65.728000,0.069025
65.740000,0.069025
65.756000,0.057372
65.772000,0.108670
65.788000,0.108670
65.800000,0.108670
65.816000,0.076451
65.832000,0.076451
65.848000,0.132833
65.860000,0.103864
65.876000,0.103864
65.892000,0.103864
65.908000,0.068922
65.920000,0.063863
65.936000,0.114648
65.952000,0.114648
65.968000,0.094891
65.980000,0.094891
65.996000,0.143554
66.012000,0.099924
66.028000,0.099924
66.040000,0.099924
66.056000,0.074230
66.072000,0.125727
66.088000,0.125727
66.100000,0.102573
66.116000,0.092821
66.132000,0.092821
66.148000,0.147482
66.160000,0.105109
66.180000,0.110659
66.192000,0.110659
66.208000,0.079795
66.220000,0.075187
66.236000,0.125281
66.252000,0.125281
66.268000,0.094820
66.280000,0.094820
66.296000,0.094820
66.312000,0.105066
66.328000,0.097454
66.340000,0.097454
66.356000,0.097454
66.372000,0.075950
66.388000,0.125387
66.400000,0.125387
66.416000,0.109042
66.432000,0.115831
66.448000,0.115831
66.460000,0.115831
66.476000,0.124072
66.492000,0.116971
66.508000,0.116971
66.520000,0.116971
66.536000,0.068118
66.552000,0.118823
66.568000,0.118823
66.580000,0.118823
66.596000,0.082657
66.612000,0.082657
66.628000,0.137118
66.640000,0.102146
66.656000,0.102146
66.672000,0.102146
66.688000,0.074706
66.700000,0.074706
66.716000,0.120897
66.732000,0.120897
66.748000,0.086460
66.760000,0.086460
66.776000,0.086460
66.792000,0.103023
66.808000,0.103023
66.820000,0.103023
66.836000,0.103023
66.852000,0.072777
66.868000,0.117670
66.880000,0.117670
66.896000,0.089982
66.912000,0.088488
66.928000,0.088488
66.940000,0.088488
66.956000,0.092515
66.976000,0.092515
66.988000,0.092515
67.000000,0.081632
67.016000,0.077823
67.032000,0.122745
67.048000,0.097141
67.060000,0.092099
67.076000,0.092099
67.092000,0.092099
67.108000,0.105553
67.120000,0.105553
67.136000,0.105553
67.152000,0.077117
67.168000,0.078745
67.180000,0.078745
67.196000,0.122402
67.212000,0.086282
67.228000,0.086282
67.240000,0.086282
67.256000,0.073936
67.272000,0.110778
67.288000,0.110778
67.300000,0.088429
67.316000,0.081449
67.332000,0.081449
67.348000,0.098322
67.360000,0.093006
67.376000,0.093006
67.392000,0.080691
67.408000,0.121068
67.420000,0.121068
67.436000,0.091578
67.452000,0.087177
67.468000,0.087177
67.480000,0.078163
67.496000,0.110617
67.512000,0.110617
67.528000,0.110617
67.540000,0.082199
67.556000,0.082199
67.572000,0.128612
67.588000,0.096440
67.600000,0.099595
67.616000,0.099595
67.632000,0.082631
67.648000,0.117209
67.660000,0.117209
67.676000,0.117209
67.692000,0.086247
67.708000,0.086247
67.720000,0.086247
67.736000,0.133650
67.752000,0.092460
67.768000,0.092460
67.780000,0.092460
67.796000,0.091773
67.812000,0.142909
67.828000,0.142909
67.840000,0.090110
67.856000,0.080718
67.872000,0.080718
67.888000,0.128626
67.900000,0.105517
67.916000,0.105517
67.932000,0.086140
67.948000,0.076482
67.960000,0.076482
67.976000,0.127983
67.992000,0.093503
68.008000,0.093503
68.020000,0.093503
68.036000,0.093503
68.052000,0.106012
68.068000,0.106012
68.080000,0.106012
68.096000,0.079303
68.112000,0.079303
68.128000,0.131790
68.140000,0.093818
68.156000,0.093818
68.172000,0.093818
68.188000,0.066613
68.200000,0.066613
68.216000,0.112667
68.232000,0.112667
68.248000,0.082451
68.260000,0.082451
68.276000,0.082451
68.292000,0.102963
68.308000,0.102963
68.320000,0.102963
68.336000,0.073863
68.352000,0.073863
68.368000,0.127259
68.380000,0.083354
68.396000,0.083354
68.412000,0.083354
68.428000,0.083354
68.440000,0.056947
68.456000,0.108134
68.472000,0.108134
68.488000,0.071844
68.500000,0.071844
68.516000,0.071844
68.532000,0.100418
68.548000,0.086399
68.560000,0.086399
68.576000,0.061013
68.592000,0.056472
68.608000,0.108559
68.620000,0.108559
68.636000,0.085367
68.652000,0.082794
68.668000,0.082794
68.680000,0.057622
68.696000,0.092815
68.712000,0.092815
68.728000,0.082857
68.740000,0.082857
68.756000,0.082857
68.772000,0.129281
68.788000,0.090398
68.800000,0.090398
68.816000,0.090398
68.832000,0.063015
68.848000,0.113737
68.860000,0.113737
68.876000,0.073991
68.892000,0.067953
68.908000,0.067953
68.920000,0.067953
68.936000,0.077757
68.952000,0.077757
68.968000,0.062230
68.980000,0.053312
68.996000,0.053312
69.012000,0.102003
69.028000,0.073225
69.040000,0.073225
69.056000,0.073225
69.072000,0.050474
69.088000,0.089785
69.100000,0.089785
69.116000,0.089785
69.132000,0.054766
69.148000,0.054766
69.160000,0.054766
69.176000,0.081440
69.192000,0.081440
69.208000,0.081440
69.220000,0.053251
69.236000,0.053251
69.252000,0.097622
69.268000,0.073286
69.280000,0.062223
69.296000,0.062223
69.312000,0.062223
69.328000,0.074412
69.340000,0.074412
69.356000,0.074412
69.372000,0.057522
69.388000,0.054376
69.400000,0.054376
69.416000,0.097413
69.432000,0.071756
69.448000,0.071756
69.460000,0.071756
69.476000,0.053548
69.492000,0.096033
69.508000,0.096033
69.520000,0.059259
69.536000,0.059259
69.552000,0.059259
69.568000,0.080305
69.580000,0.074902
69.596000,0.074902
69.612000,0.067990
69.628000,0.067990
69.640000,0.067990
69.656000,0.081368
69.672000,0.079183
69.688000,0.079183
69.700000,0.079183
69.716000,0.056246
69.732000,0.098126
69.748000,0.098126
69.760000,0.093170
69.776000,0.093170
69.792000,0.093170
69.808000,0.094681
69.820000,0.094681
69.836000,0.094681
69.852000,0.069184
69.868000,0.067521
69.880000,0.067521
69.896000,0.114712
69.912000,0.076815
69.928000,0.071857
69.940000,0.071857
69.956000,0.071857
69.972000,0.101354
69.988000,0.101354
70.000000,0.101354
70.016000,0.073816
70.032000,0.073816
70.048000,0.096492
70.060000,0.099972
70.076000,0.099972
70.092000,0.099972
70.108000,0.067637
70.120000,0.067637
70.136000,0.112415
70.152000,0.085194
70.168000,0.107431
70.180000,0.107431
70.196000,0.107431
70.212000,0.107717
70.228000,0.107717
70.240000,0.107717
70.256000,0.085284
70.272000,0.083254
70.288000,0.133100
70.300000,0.133100
70.316000,0.093046
70.332000,0.093046
70.348000,0.093046
70.360000,0.094654
70.376000,0.121837
70.392000,0.121837
70.408000,0.096320
70.420000,0.091147
70.436000,0.091147
70.452000,0.117610
70.468000,0.143252
70.480000,0.143252
70.496000,0.143252
70.512000,0.083320
70.528000,0.118204
70.540000,0.118204
70.556000,0.118204
70.572000,0.109052
70.588000,0.103584
70.600000,0.103584
70.616000,0.159968
70.632000,0.117430
70.648000,0.117430
70.660000,0.117430
70.676000,0.089022
70.692000,0.131874
70.708000,0.131874
70.720000,0.131874
70.736000,0.109581
70.752000,0.109581
70.768000,0.135925
70.780000,0.135925
70.796000,0.129419
70.812000,0.129419
70.828000,0.097256
70.840000,0.094915
70.856000,0.147766
70.872000,0.147766
70.888000,0.106136
70.900000,0.106136
70.916000,0.106136
70.932000,0.133405
70.948000,0.120220
70.960000,0.120220
70.976000,0.120220
70.992000,0.092787
71.008000,0.140351
71.020000,0.140351
71.036000,0.116623
71.052000,0.110873
71.068000,0.110873
71.080000,0.085217
71.096000,0.128934
71.112000,0.128934
71.128000,0.128934
71.140000,0.101362
71.156000,0.101362
71.172000,0.153412
71.188000,0.111904
71.200000,0.111904
71.216000,0.111904
71.232000,0.093338
71.248000,0.137638
71.260000,0.137638
71.276000,0.137638
71.292000,0.097892
71.308000,0.097892
71.320000,0.097892
71.336000,0.149551
71.352000,0.105989
71.368000,0.105989
71.380000,0.105989
71.396000,0.085323
71.412000,0.130839
71.428000,0.130839
71.440000,0.101152
71.456000,0.101152
71.472000,0.101152
71.488000,0.120150
71.500000,0.120150
71.516000,0.120150
71.532000,0.097383
71.548000,0.086412
71.560000,0.086412
71.576000,0.134969
71.592000,0.099089
71.608000,0.099089
71.620000,0.099089
71.636000,0.077883
71.652000,0.118477
71.668000,0.118477
71.680000,0.118477
71.696000,0.083712
71.712000,0.083712
71.728000,0.134124
71.740000,0.101514
71.756000,0.101514
71.772000,0.076334
71.788000,0.071796
71.800000,0.071796
71.816000,0.122739
71.832000,0.093391
71.848000,0.093391
71.860000,0.093391
71.876000,0.067991
71.892000,0.114718
71.908000,0.114718
71.920000,0.070850
71.936000,0.070850
71.952000,0.070850
71.968000,0.099130
71.980000,0.099130
71.996000,0.099130
72.012000,0.072460
72.028000,0.067602
72.040000,0.067602
72.056000,0.117544
72.072000,0.084973
72.088000,0.084973
72.100000,0.084973
72.116000,0.053958
72.132000,0.117037
72.148000,0.117037
72.160000,0.117037
72.176000,0.062847
72.192000,0.059280
72.208000,0.102779
72.220000,0.074848
72.236000,0.074848
72.252000,0.074848
72.268000,0.074848
72.280000,0.055410
72.296000,0.092771
72.312000,0.092771
72.328000,0.056378
72.340000,0.057540
72.356000,0.057540
72.372000,0.101732
72.388000,0.063217
72.400000,0.063217
72.416000,0.063217
72.432000,0.051977
72.448000,0.085658
72.460000,0.085658
72.476000,0.056839
72.492000,0.053781
72.508000,0.053781
72.520000,0.053781
72.536000,0.063053
72.552000,0.063053
72.568000,0.063053
72.580000,0.051998
72.596000,0.052206
72.612000,0.082156
72.628000,0.064561
72.640000,0.067211
72.656000,0.067211
72.672000,0.067211
72.688000,0.072669
72.700000,0.072669
72.716000,0.072669
72.732000,0.057015
72.748000,0.054395
72.760000,0.054395
72.776000,0.070798
72.792000,0.061602
72.808000,0.061602
72.820000,0.061602
72.836000,0.051487
72.852000,0.079800
72.868000,0.079800
72.880000,0.079800
72.896000,0.072045
72.912000,0.072045
72.928000,0.125253
72.940000,0.065744
72.956000,0.057249
72.972000,0.057249
72.988000,0.057249
73.000000,0.052990
73.016000,0.087235
73.032000,0.087235
73.048000,0.057553
73.060000,0.057553
73.076000,0.057553
73.092000,0.082138
73.108000,0.105510
73.120000,0.105510
73.136000,0.060590
73.152000,0.055261
73.168000,0.094017
73.180000,0.094017
73.196000,0.069961
73.212000,0.069961
73.228000,0.069961
73.240000,0.052945
73.256000,0.088276
73.272000,0.088276
73.288000,0.064356
73.300000,0.064356
73.316000,0.064356
73.336000,0.086303
73.348000,0.080378
73.360000,0.080378
73.376000,0.064871
73.392000,0.108629
73.408000,0.108629
73.420000,0.077619
73.436000,0.077619
73.452000,0.077619
73.468000,0.131019
73.480000,0.094490
73.496000,0.088580
73.512000,0.088580
73.528000,0.061175
73.540000,0.063380
73.556000,0.114208
73.572000,0.114208
73.588000,0.074460
73.600000,0.074460
73.616000,0.074460
73.632000,0.110306
73.648000,0.103535
73.660000,0.103535
73.676000,0.103535
73.692000,0.063397
73.708000,0.118606
73.720000,0.118606
73.736000,0.074453
73.752000,0.068355
73.768000,0.068355
73.780000,0.068355
73.796000,0.105855
73.812000,0.105855
73.828000,0.105855
73.840000,0.081773
73.856000,0.081773
73.872000,0.140149
73.888000,0.097059
73.900000,0.097059
73.916000,0.097059
73.932000,0.073777
73.948000,0.126481
73.960000,0.126481
73.976000,0.089237
73.992000,0.082652
74.008000,0.082652
74.020000,0.082652
74.036000,0.114436
74.052000,0.114436
74.068000,0.114436
74.080000,0.070152
74.096000,0.070152
74.112000,0.127362
74.128000,0.089154
74.140000,0.094230
74.156000,0.094230
74.172000,0.094230
74.188000,0.117834
74.200000,0.117834
74.216000,0.117834
74.232000,0.088649
74.248000,0.088649
74.260000,0.088649
74.276000,0.114797
74.292000,0.114797
74.308000,0.114797
74.320000,0.068113
74.336000,0.068113
74.352000,0.125763
74.368000,0.105694
74.380000,0.091887
74.396000,0.091887
74.412000,0.091887
74.428000,0.118063
74.440000,0.118063
74.456000,0.118063
74.472000,0.077482
74.488000,0.071160
74.500000,0.071160
74.516000,0.127246
74.532000,0.089060
74.548000,0.089060
74.560000,0.089060
74.576000,0.069461
74.592000,0.117713
74.608000,0.117713
74.620000,0.089644
74.636000,0.089644
74.652000,0.089644
74.668000,0.148262
74.680000,0.114822
74.696000,0.114822
74.712000,0.114822
74.728000,0.072758
74.740000,0.079991
74.756000,0.134748
74.772000,0.098174
74.788000,0.092041
74.800000,0.092041
74.816000,0.092041
74.832000,0.121195
74.848000,0.114216
74.860000,0.114216
74.876000,0.080354
74.892000,0.075283
74.908000,0.127250
74.920000,0.091754
74.936000,0.096525
74.952000,0.096525
74.968000,0.096525
74.980000,0.074754
74.996000,0.121563
75.012000,0.121563
75.028000,0.097286
75.040000,0.099818
75.056000,0.099818
75.072000,0.123917
75.088000,0.112214
75.104000,0.112214
75.116000,0.112214
75.132000,0.083312
75.148000,0.127819
75.164000,0.116220
75.176000,0.104710
75.192000,0.104710
75.208000,0.104710
75.220000,0.080845
75.236000,0.121004
75.252000,0.121004
75.268000,0.103933
75.280000,0.098364
75.296000,0.098364
75.312000,0.112348
75.328000,0.097751
75.344000,0.097751
75.356000,0.097751
75.372000,0.089447
75.388000,0.135415
75.400000,0.135415
75.416000,0.106858
75.432000,0.102534
75.448000,0.102534
75.460000,0.089570
75.476000,0.131344
75.492000,0.131344
75.508000,0.131344
75.520000,0.091471
75.536000,0.096601
75.552000,0.141783
75.568000,0.141783
75.580000,0.104481
75.596000,0.104481
75.612000,0.104481
75.628000,0.125772
75.640000,0.129375
75.656000,0.129375
75.672000,0.102829
75.688000,0.092608
75.700000,0.092608
75.716000,0.138604
75.732000,0.108856
75.748000,0.103041
75.760000,0.103041
75.776000,0.083678
75.792000,0.119298
75.808000,0.119298
75.820000,0.119298
75.836000,0.098897
75.852000,0.098897
75.868000,0.147941
75.880000,0.114583
75.896000,0.109093
75.912000,0.109093
75.928000,0.084824
75.940000,0.086068
75.956000,0.128620
75.972000,0.128620
75.988000,0.091282
76.000000,0.091282
76.016000,0.091282
76.032000,0.121122
76.048000,0.121122
76.060000,0.121122
76.076000,0.121122
76.092000,0.078298
76.108000,0.121846
76.120000,0.121846
76.136000,0.091962
76.152000,0.091962
76.168000,0.091962
76.180000,0.072208
76.196000,0.107538
76.212000,0.107538
76.228000,0.107538
76.240000,0.086417
76.256000,0.086417
76.272000,0.135848
76.288000,0.095555
76.300000,0.095555
76.316000,0.095555
76.332000,0.071386
76.348000,0.117404
76.360000,0.117404
76.376000,0.083840
76.392000,0.083840
76.408000,0.083840
76.420000,0.064969
76.436000,0.108344
76.452000,0.108344
76.468000,0.089785
76.480000,0.083566
76.496000,0.083566
76.512000,0.135655
76.528000,0.078012
76.540000,0.078012
76.556000,0.078012
76.572000,0.070809
76.588000,0.105732
76.600000,0.105732
76.616000,0.105732
76.632000,0.073738
76.648000,0.073738
76.660000,0.073738
76.676000,0.086514
76.692000,0.086514
76.708000,0.086514
76.720000,0.056443
76.736000,0.056443
76.752000,0.097410
76.768000,0.078718
76.780000,0.067005
76.796000,0.067005
76.812000,0.067005
76.828000,0.086369
76.840000,0.090606
76.856000,0.090606
76.872000,0.052788
76.888000,0.052788
76.900000,0.052788
76.916000,0.057777
76.932000,0.057777
76.948000,0.057777
76.960000,0.057777
76.976000,0.048152
76.992000,0.082972
77.008000,0.082972
77.020000,0.060183
77.036000,0.060183
77.052000,0.060183
77.068000,0.086240
77.080000,0.074526
77.096000,0.074526
77.112000,0.074526
77.128000,0.050992
77.140000,0.050992
77.156000,0.088016
77.172000,0.065901
77.188000,0.061182
77.208000,0.061182
77.216000,0.061182
77.232000,0.082324
77.248000,0.082324
77.260000,0.082324
77.276000,0.053316
77.292000,0.053316
77.308000,0.100339
77.320000,0.062344
77.336000,0.062344
77.352000,0.062344
77.368000,0.054960
77.380000,0.053009
77.396000,0.095549
77.412000,0.095549
77.428000,0.067700
77.440000,0.067700
77.456000,0.067700
77.472000,0.095371
77.488000,0.089543
77.500000,0.089543
77.516000,0.057645
77.532000,0.057645
77.548000,0.101407
77.560000,0.101407
77.576000,0.084320
77.592000,0.084320
77.608000,0.084320
77.620000,0.056622
77.636000,0.123760
77.652000,0.123760
77.668000,0.080640
77.680000,0.069866
77.696000,0.069866
77.712000,0.121690
77.728000,0.075611
77.740000,0.075611
77.756000,0.075611
77.772000,0.065411
77.788000,0.108549
77.800000,0.108549
77.816000,0.083689
77.832000,0.078731
77.848000,0.078731
77.860000,0.078731
77.876000,0.103234
77.892000,0.103234
77.908000,0.103234
77.920000,0.065622
77.936000,0.065622
77.952000,0.115007
77.968000,0.103155
77.980000,0.103155
77.996000,0.103155
78.012000,0.109222
78.028000,0.109222
78.040000,0.109222
78.056000,0.109222
78.072000,0.085236
78.088000,0.139997
78.100000,0.139997
78.116000,0.078592
78.132000,0.078592
78.148000,0.078592
78.160000,0.078592
78.176000,0.109815
78.192000,0.109815
78.208000,0.109815
78.220000,0.079670
78.236000,0.082321
78.252000,0.135174
78.268000,0.135174
78.280000,0.089036
78.296000,0.089036
78.312000,0.089036
78.328000,0.144689
78.340000,0.113109
78.356000,0.113109
78.372000,0.113109
78.388000,0.075118
78.400000,0.075118
78.416000,0.131740
78.432000,0.131740
78.448000,0.092730
78.460000,0.092730
78.476000,0.092730
78.492000,0.114105
78.508000,0.114105
78.520000,0.114105
78.536000,0.114105
78.552000,0.069215
78.568000,0.118807
78.580000,0.118807
78.596000,0.100733
78.612000,0.104010
78.628000,0.104010
78.640000,0.104010
78.656000,0.111170
78.672000,0.111170
78.688000,0.111170
78.700000,0.081998
78.716000,0.075887
78.732000,0.124954
78.748000,0.099382
78.760000,0.093375
78.776000,0.093375
78.792000,0.075039
78.808000,0.127461
78.820000,0.127461
78.836000,0.127461
78.852000,0.086025
78.868000,0.086025
78.880000,0.086025
78.896000,0.118355
78.912000,0.099830
78.928000,0.099830
78.940000,0.099830
78.956000,0.073068
78.972000,0.123067
78.988000,0.123067
79.000000,0.103075
79.016000,0.100381
79.032000,0.100381
79.048000,0.156467
79.060000,0.116085
79.076000,0.116085
79.092000,0.116085
79.108000,0.081421
79.120000,0.074799
79.136000,0.123244
79.152000,0.123244
79.168000,0.087761
79.180000,0.081753
79.196000,0.081753
79.212000,0.133760
79.228000,0.095744
79.240000,0.095744
79.256000,0.095744
79.272000,0.067653
79.288000,0.115103
79.300000,0.115103
79.316000,0.082793
79.332000,0.075428
79.348000,0.075428
79.360000,0.061148
79.376000,0.102653
79.392000,0.102653
79.408000,0.102653
79.420000,0.064158
79.436000,0.064158
79.452000,0.112348
79.468000,0.086221
79.480000,0.079764
79.496000,0.079764
79.512000,0.055194
79.528000,0.086707
79.540000,0.086707
79.556000,0.086707
79.572000,0.069083
79.588000,0.069083
79.600000,0.069083
79.616000,0.114341
79.632000,0.076702
79.648000,0.076702
79.660000,0.060764
79.676000,0.056132
79.692000,0.103729
79.708000,0.103729
79.720000,0.059451
79.736000,0.059451
79.752000,0.059451
79.768000,0.082540
79.780000,0.076251
79.796000,0.076251
79.812000,0.076251
79.828000,0.068132
79.840000,0.049482
79.856000,0.091523
79.872000,0.091523
79.888000,0.059418
79.900000,0.059418
79.916000,0.059418
79.932000,0.074572
79.948000,0.074572
79.960000,0.074572
79.976000,0.056796
79.992000,0.048925
80.008000,0.085435
80.020000,0.085435
80.036000,0.063483
80.052000,0.063483
80.068000,0.063483
80.080000,0.049908
80.096000,0.079132
80.112000,0.079132
80.128000,0.052942
80.140000,0.053853
80.156000,0.053853
80.172000,0.096567
80.188000,0.062776
80.200000,0.062776
80.216000,0.062776
80.232000,0.054321
80.248000,0.090369
80.260000,0.090369
80.276000,0.090369
80.292000,0.059878
80.308000,0.059878
80.320000,0.059878
80.336000,0.077837
80.352000,0.077837
80.368000,0.077837
80.380000,0.066783
80.396000,0.060168
80.412000,0.102700
80.428000,0.073217
80.440000,0.071414
80.456000,0.071414
80.472000,0.071414
80.488000,0.085812
80.500000,0.085812
80.516000,0.085812
80.532000,0.069494
80.548000,0.066208
80.560000,0.066208
80.576000,0.082934
80.592000,0.078803
80.608000,0.078803
80.620000,0.078803
80.636000,0.066564
80.652000,0.106306
80.668000,0.106306
80.680000,0.076294
80.696000,0.076294
80.712000,0.076294
80.728000,0.094981
80.740000,0.097780
80.756000,0.097780
80.772000,0.097780
80.788000,0.071662
80.800000,0.071662
80.816000,0.115331
80.832000,0.099687
80.848000,0.099687
80.860000,0.099687
80.876000,0.075622
80.892000,0.119842
80.908000,0.119842
80.920000,0.082171
80.936000,0.082171
80.952000,0.082171
80.968000,0.121532
80.980000,0.116129
80.996000,0.116129
81.012000,0.116129
81.028000,0.085967
81.040000,0.085967
81.056000,0.135253
81.072000,0.113514
81.088000,0.108157
81.100000,0.108157
81.116000,0.081098
81.132000,0.119064
81.148000,0.119064
81.160000,0.105417
81.176000,0.103098
81.192000,0.103098
81.208000,0.156343
81.220000,0.116497
81.236000,0.116497
81.252000,0.116497
81.268000,0.095012
81.280000,0.089979
81.296000,0.140383
81.312000,0.140383
81.328000,0.096219
81.340000,0.096219
81.356000,0.096219
81.372000,0.132047
81.388000,0.132047
81.400000,0.132047
81.416000,0.094058
81.432000,0.094058
81.448000,0.147419
81.460000,0.128801
81.476000,0.128801
81.492000,0.128801
81.508000,0.094304
81.520000,0.094304
81.536000,0.148925
81.552000,0.107214
81.568000,0.107214
81.580000,0.107214
81.596000,0.086090
81.612000,0.139249
81.628000,0.139249
81.640000,0.139249
81.656000,0.095074
81.672000,0.095074
81.688000,0.152839
81.700000,0.152839
81.716000,0.099464
81.732000,0.099464
81.748000,0.099464
81.760000,0.076552
81.776000,0.128321
81.792000,0.128321
81.808000,0.128321
81.820000,0.091208
81.836000,0.131962
81.852000,0.131962
81.868000,0.104776
81.880000,0.097840
81.896000,0.097840
81.912000,0.156039
81.928000,0.114081
81.940000,0.114081
81.956000,0.114081
81.972000,0.083423
81.988000,0.123547
82.000000,0.123547
82.016000,0.123547
82.032000,0.091701
82.048000,0.096020
82.060000,0.096020
82.076000,0.153456
82.092000,0.097325
82.108000,0.097325
82.120000,0.097325
82.136000,0.073197
82.152000,0.135483
82.168000,0.135483
82.180000,0.089507
82.196000,0.082900
82.212000,0.082900
82.228000,0.137939
82.240000,0.109873
82.256000,0.109873
82.272000,0.109873
82.288000,0.067262
82.300000,0.067262
82.316000,0.119511
82.332000,0.082352
82.348000,0.086396
82.360000,0.086396
82.376000,0.071098
82.392000,0.110278
82.408000,0.110278
82.420000,0.110278
82.436000,0.071004
82.452000,0.071004
82.468000,0.124708
82.480000,0.085823
82.496000,0.079280
82.512000,0.079280
82.528000,0.053595
82.540000,0.059480
82.556000,0.110327
82.572000,0.110327
82.588000,0.065505
82.600000,0.065505
82.616000,0.065505
82.632000,0.094076
82.648000,0.094076
82.660000,0.094076
82.676000,0.094076
82.692000,0.061393
82.708000,0.105683
82.720000,0.105683
82.736000,0.072766
82.752000,0.072766
82.768000,0.072766
82.780000,0.059073
82.796000,0.088193
82.812000,0.088193
82.828000,0.088193
82.840000,0.063295
82.856000,0.061613
82.872000,0.097175
82.888000,0.078649
82.900000,0.078649
82.916000,0.078649
82.932000,0.065272
82.948000,0.093363
82.960000,0.093363
82.976000,0.093363
82.992000,0.070777
83.008000,0.070777
83.020000,0.070777
83.036000,0.088547
83.052000,0.088547
83.068000,0.088547
83.080000,0.070196
83.096000,0.070196
83.116000,0.107916
83.128000,0.088657
83.140000,0.080214
83.156000,0.080214
83.172000,0.080214
83.188000,0.095456
83.200000,0.095456
83.216000,0.095456
83.232000,0.079989
83.248000,0.079989
83.260000,0.079989
83.276000,0.097842
83.292000,0.092889
83.308000,0.092889
83.320000,0.073298
83.336000,0.073717
83.352000,0.109551
83.368000,0.109551
83.380000,0.081614
83.396000,0.081614
83.412000,0.081614
83.428000,0.108104
83.440000,0.102819
83.456000,0.102819
83.472000,0.091391
83.488000,0.083497
83.500000,0.083497
83.516000,0.128161
83.532000,0.096919
83.548000,0.096919
83.560000,0.096919
83.576000,0.074516
83.592000,0.109656
83.608000,0.109656
83.620000,0.087621
83.636000,0.090133
83.652000,0.090133
83.668000,0.138176
83.680000,0.099850
83.696000,0.094676
83.712000,0.094676
83.728000,0.073888
83.740000,0.078546
83.756000,0.122425
83.772000,0.122425
83.788000,0.083182
83.800000,0.083182
83.816000,0.083182
83.832000,0.109042
83.848000,0.103199
83.860000,0.103199
83.876000,0.103199
83.892000,0.075921
83.908000,0.122473
83.920000,0.122473
83.936000,0.088504
83.952000,0.088504
83.968000,0.088504
83.980000,0.064451
83.996000,0.106103
84.012000,0.106103
84.028000,0.106103
84.040000,0.077777
84.056000,0.077777
84.072000,0.129695
84.088000,0.093869
84.100000,0.093869
84.116000,0.093869
84.132000,0.092444
84.148000,0.151195
84.160000,0.151195
84.176000,0.092675
84.192000,0.086692
84.208000,0.086692
84.220000,0.086692
84.236000,0.116560
84.252000,0.116560
84.268000,0.116560
84.280000,0.076222
84.296000,0.076222
84.312000,0.131045
84.328000,0.089196
84.340000,0.089196
84.356000,0.089196
84.372000,0.066818
84.388000,0.119918
84.400000,0.119918
84.416000,0.083555
84.432000,0.083555
84.448000,0.083555
84.460000,0.083555
84.476000,0.107483
84.492000,0.107483
84.508000,0.107483
84.520000,0.061786
84.536000,0.070546
84.552000,0.126327
84.568000,0.094581
84.580000,0.080970
84.596000,0.080970
84.612000,0.080970
84.628000,0.130437
84.640000,0.130437
84.656000,0.130437
84.672000,0.075546
84.688000,0.069374
84.700000,0.069374
84.716000,0.080805
84.732000,0.116085
84.748000,0.116085
84.760000,0.116085
84.776000,0.054005
84.792000,0.103411
84.808000,0.103411
84.820000,0.073743
84.836000,0.077756
84.852000,0.077756
84.868000,0.135577
84.880000,0.089210
84.896000,0.089210
84.912000,0.089210
84.928000,0.060931
84.940000,0.060931
84.956000,0.113612
84.972000,0.076005
84.988000,0.069897
85.000000,0.069897
85.016000,0.050774
85.032000,0.097725
85.048000,0.097725
85.060000,0.097725
85.076000,0.059368
85.092000,0.055496
85.108000,0.102187
85.120000,0.102187
85.140000,0.067266
85.152000,0.067266
85.168000,0.067266
85.180000,0.051653
85.196000,0.085876
85.212000,0.085876
85.228000,0.070064
85.240000,0.065124
85.256000,0.065124
85.272000,0.117146
85.288000,0.081992
85.300000,0.081992
85.316000,0.081992
85.332000,0.060291
85.348000,0.105748
85.360000,0.105748
85.376000,0.070195
85.392000,0.066613
85.408000,0.066613
85.420000,0.066613
85.436000,0.089774
85.452000,0.089774
85.468000,0.089774
85.480000,0.067183
85.496000,0.065297
85.512000,0.103096
85.528000,0.101847
85.540000,0.079256
85.556000,0.079256
85.572000,0.066909
85.588000,0.090955
85.600000,0.090955
85.616000,0.090955
85.632000,0.075007
85.648000,0.075007
85.660000,0.075007
85.676000,0.090542
85.692000,0.085975
85.708000,0.085975
85.720000,0.085975
85.736000,0.070959
85.752000,0.108930
85.768000,0.108930
85.780000,0.082574
85.796000,0.079398
85.812000,0.079398
85.828000,0.102423
85.840000,0.105702
85.856000,0.105702
85.872000,0.081597
85.888000,0.076838
85.900000,0.076838
85.916000,0.112369
85.932000,0.093568
85.948000,0.093568
85.960000,0.093568
85.976000,0.074687
85.992000,0.101389
86.008000,0.101389
86.020000,0.101389
86.036000,0.084292
86.056000,0.084292
86.068000,0.129757
86.080000,0.109544
86.096000,0.109544
86.112000,0.109544
86.128000,0.074890
86.140000,0.074890
86.156000,0.111192
86.172000,0.091003
86.188000,0.082593
86.200000,0.082593
86.216000,0.082593
86.232000,0.105149
86.248000,0.105149
86.260000,0.105149
86.276000,0.082738
86.292000,0.078746
86.308000,0.122764
86.320000,0.122764
86.336000,0.095021
86.352000,0.095021
86.368000,0.095021
86.380000,0.070393
86.396000,0.099526
86.412000,0.099526
86.428000,0.083683
86.440000,0.073740
86.456000,0.073740
86.472000,0.121638
86.488000,0.087300
86.500000,0.087300
86.516000,0.087300
86.532000,0.060391
86.548000,0.096950
86.560000,0.096950
86.576000,0.089205
86.592000,0.078100
86.608000,0.078100
86.620000,0.078100
86.636000,0.093440
86.652000,0.093440
86.668000,0.093440
86.680000,0.073262
86.696000,0.069598
86.712000,0.122624
86.728000,0.082483
86.740000,0.082483
86.756000,0.082483
86.772000,0.082483
86.788000,0.098156
86.800000,0.098156
86.816000,0.098156
86.832000,0.074615
86.848000,0.074615
86.860000,0.074615
86.876000,0.092255
86.892000,0.085698
86.908000,0.085698
86.920000,0.085698
86.936000,0.064199
86.952000,0.120030
86.968000,0.120030
86.980000,0.073077
86.996000,0.073077
87.012000,0.073077
87.028000,0.110053
87.040000,0.103295
87.056000,0.103295
87.072000,0.075403
87.088000,0.064262
87.100000,0.064262
87.116000,0.117832
87.132000,0.086903
87.148000,0.086903
87.160000,0.086903
87.176000,0.060635
87.192000,0.100684
87.208000,0.100684
87.220000,0.100684
87.236000,0.105028
87.252000,0.105028
87.268000,0.168653
87.280000,0.105417
87.296000,0.105417
87.312000,0.105417
87.328000,0.090020
87.340000,0.090020
87.356000,0.150144
87.372000,0.088260
87.388000,0.081655
87.400000,0.081655
87.416000,0.055371
87.432000,0.112428
87.448000,0.112428
87.460000,0.112428
87.476000,0.086286
87.492000,0.086286
87.508000,0.148137
87.520000,0.089011
87.536000,0.100355
87.552000,0.100355
87.568000,0.100355
87.580000,0.057829
87.596000,0.114513
87.612000,0.114513
87.628000,0.111877
87.640000,0.111877
87.656000,0.111877
87.672000,0.108334
87.688000,0.093684
87.700000,0.093684
87.716000,0.093684
87.732000,0.057698
87.748000,0.117201
87.760000,0.117201
87.776000,0.084192
87.792000,0.084192
87.808000,0.084192
87.820000,0.057199
87.836000,0.111541
87.852000,0.111541
87.868000,0.078515
87.880000,0.072143
87.896000,0.072143
87.912000,0.129521
87.928000,0.096477
87.940000,0.096477
87.956000,0.096477
87.972000,0.061975
87.988000,0.102497
88.000000,0.102497
88.016000,0.102497
88.032000,0.076904
88.048000,0.076904
88.060000,0.076904
88.076000,0.094435
88.092000,0.087601
88.108000,0.087601
88.120000,0.087601
88.136000,0.059979
88.152000,0.112617
88.168000,0.112617
88.180000,0.078921
88.196000,0.073485
88.212000,0.073485
88.228000,0.132089
88.240000,0.095929
88.256000,0.095929
88.272000,0.095929
88.288000,0.066187
88.300000,0.087348
88.316000,0.146920
88.332000,0.146920
88.352000,0.077465
88.360000,0.077465
88.376000,0.077465
88.392000,0.102763
88.408000,0.102763
88.420000,0.102763
88.436000,0.102763
88.452000,0.069251
88.468000,0.120038
88.480000,0.120038
88.496000,0.091056
88.512000,0.091056
88.528000,0.091056
88.540000,0.065898
88.556000,0.101174
88.572000,0.101174
88.588000,0.101174
88.600000,0.076327
88.616000,0.076327
88.632000,0.128528
88.648000,0.090642
88.660000,0.090642
88.676000,0.090642
88.692000,0.067849
88.708000,0.116150
88.720000,0.116150
88.736000,0.086305
88.752000,0.080528
88.768000,0.080528
88.780000,0.080528
88.796000,0.098222
88.812000,0.102286
88.828000,0.102286
88.840000,0.102286
88.856000,0.061522
88.872000,0.107509
88.888000,0.107509
88.900000,0.111854
88.916000,0.076210
88.932000,0.076210
88.948000,0.094129
88.960000,0.087737
88.976000,0.087737
88.992000,0.071939
89.008000,0.071939
89.020000,0.071939
89.036000,0.123468
89.052000,0.087062
89.068000,0.087062
89.080000,0.087062
89.096000,0.066911
89.112000,0.109478
89.128000,0.109478
89.140000,0.109478
89.156000,0.069367
89.172000,0.071480
89.188000,0.119198
89.200000,0.119198
89.216000,0.091141
89.232000,0.091141
89.248000,0.062792
89.260000,0.062792
89.276000,0.101876
89.292000,0.101876
89.308000,0.080236
89.320000,0.073809
89.336000,0.073809
89.352000,0.123843
89.368000,0.089044
89.380000,0.083535
89.396000,0.083535
89.412000,0.083535
89.432000,0.097048
89.440000,0.097048
89.456000,0.097048
89.472000,0.073612
89.488000,0.073612
89.500000,0.073612
89.516000,0.075905
89.532000,0.075905
89.548000,0.075905
89.560000,0.075905
89.576000,0.060492
89.592000,0.101112
89.608000,0.101112
89.620000,0.086245
89.636000,0.067967
89.652000,0.067967
89.668000,0.118222
89.680000,0.073631
89.696000,0.073631
89.712000,0.073631
89.728000,0.070056
89.740000,0.070056
89.756000,0.122525
89.772000,0.074806
89.788000,0.065695
89.800000,0.065695
89.816000,0.065695
89.832000,0.094111
89.848000,0.094111
89.860000,0.094111
89.876000,0.070056
89.892000,0.066563
89.908000,0.116865
89.920000,0.073956
89.936000,0.103854
89.952000,0.103854
89.968000,0.056752
89.980000,0.052324
89.996000,0.088732
90.012000,0.088732
90.028000,0.068930
90.040000,0.068930
90.056000,0.068930
90.072000,0.121980
90.088000,0.071958
90.100000,0.071958
90.116000,0.071958
90.132000,0.054604
90.148000,0.104151
90.160000,0.104151
90.176000,0.072074
90.192000,0.067400
90.208000,0.067400
90.220000,0.052487
90.236000,0.096823
90.252000,0.096823
90.268000,0.096823
90.280000,0.062722
90.296000,0.059103
90.312000,0.105935
90.328000,0.085053
90.340000,0.085053
90.356000,0.085053
90.372000,0.060570
90.388000,0.102817
90.400000,0.102817
90.416000,0.102817
90.432000,0.066454
90.448000,0.066454
90.460000,0.066454
90.476000,0.093753
90.492000,0.093753
90.508000,0.093753
90.520000,0.062254
90.536000,0.062254
90.552000,0.114581
90.568000,0.098467
90.580000,0.092474
90.596000,0.092474
90.612000,0.092474
90.628000,0.098788
90.640000,0.098788
90.656000,0.098788
90.672000,0.081683
90.688000,0.081683
90.700000,0.081683
90.716000,0.102457
90.732000,0.096118
90.748000,0.096118
90.760000,0.096118
90.776000,0.067754
90.792000,0.122047
90.808000,0.122047
90.820000,0.074910
90.836000,0.074910
90.852000,0.074910
90.868000,0.104015
90.880000,0.097140
90.896000,0.097140
90.912000,0.097140
90.928000,0.094553
90.940000,0.094553
90.956000,0.154344
90.972000,0.095591
90.988000,0.083686
91.000000,0.083686
91.016000,0.083686
91.032000,0.140016
91.048000,0.110529
91.060000,0.110529
91.076000,0.110529
91.092000,0.071028
91.108000,0.126689
91.120000,0.126689
91.136000,0.103566
91.152000,0.103566
91.168000,0.103566
91.180000,0.066950
91.196000,0.122427
91.212000,0.122427
91.228000,0.090216
91.240000,0.090216
91.256000,0.090216
91.272000,0.117695
91.288000,0.103204
91.300000,0.103204
91.316000,0.103204
91.332000,0.100456
91.348000,0.161275
91.360000,0.161275
91.376000,0.099365
91.392000,0.092844
91.408000,0.092844
91.420000,0.092844
91.436000,0.120906
91.452000,0.120906
91.468000,0.090515
91.480000,0.077555
91.496000,0.077555
91.512000,0.137253
91.528000,0.105547
91.540000,0.105547
91.556000,0.105547
91.572000,0.072917
91.588000,0.134328
91.600000,0.134328
91.616000,0.126857
91.632000,0.081928
91.648000,0.081928
91.660000,0.081928
91.676000,0.104160
91.692000,0.096790
91.708000,0.096790
91.720000,0.072649
91.736000,0.077647
91.752000,0.136758
91.768000,0.136758
91.780000,0.087538
91.796000,0.087538
91.812000,0.087538
91.828000,0.144255
91.840000,0.144255
91.856000,0.144255
91.872000,0.084455
91.888000,0.072961
91.900000,0.072961
91.916000,0.126877
91.932000,0.107186
91.948000,0.107186
91.960000,0.107186
91.976000,0.067489
91.992000,0.112513
92.008000,0.112513
92.020000,0.077906
92.036000,0.087622
92.052000,0.087622
92.068000,0.145073
92.080000,0.091557
92.096000,0.091557
92.112000,0.091557
92.128000,0.070193
92.140000,0.074429
92.156000,0.129060
92.172000,0.129060
92.188000,0.083699
92.200000,0.083699
92.216000,0.083699
92.232000,0.104516
92.248000,0.137100
92.260000,0.137100
92.276000,0.137100
92.292000,0.071518
92.308000,0.125508
92.320000,0.125508
92.336000,0.125508
92.352000,0.090162
92.368000,0.090162
92.380000,0.090162
92.396000,0.108358
92.412000,0.108358
92.428000,0.108358
92.440000,0.078600
92.456000,0.078600
92.472000,0.133206
92.492000,0.095040
92.500000,0.095040
92.516000,0.095040
92.532000,0.068007
92.548000,0.119918
92.560000,0.119918
92.576000,0.119918
92.592000,0.081944
92.608000,0.080163
92.620000,0.080163
92.636000,0.134687
92.652000,0.102666
92.668000,0.102666
92.680000,0.102666
92.696000,0.090236
92.712000,0.147115
92.728000,0.147115
92.740000,0.087442
92.756000,0.081530
92.772000,0.081530
92.788000,0.105519
92.800000,0.105519
92.816000,0.105519
92.832000,0.105519
92.848000,0.064207
92.860000,0.064207
92.876000,0.113768
92.892000,0.077935
92.908000,0.077935
92.920000,0.077935
92.936000,0.062734
92.952000,0.099866
92.968000,0.099866
92.980000,0.099866
92.996000,0.077386
93.012000,0.077386
93.028000,0.130313
93.040000,0.093502
93.056000,0.087676
93.072000,0.087676
93.088000,0.066102
93.100000,0.066102
93.116000,0.112935
93.132000,0.112935
93.148000,0.077210
93.160000,0.077210
93.176000,0.077210
93.192000,0.099254
93.208000,0.099254
93.220000,0.099254
93.236000,0.062269
93.252000,0.058973
93.268000,0.102036
93.280000,0.102036
93.296000,0.106228
93.312000,0.106228
93.328000,0.106228
93.340000,0.057827
93.356000,0.087919
93.372000,0.087919
93.388000,0.087919
93.400000,0.094463
93.416000,0.094463
93.432000,0.151077
93.448000,0.085673
93.460000,0.081085
93.476000,0.081085
93.492000,0.068697
93.508000,0.112792
93.520000,0.112792
93.536000,0.112792
93.552000,0.074107
93.568000,0.074107
93.580000,0.074107
93.596000,0.099066
93.612000,0.090218
93.628000,0.090218
93.640000,0.090218
93.656000,0.066018
93.672000,0.104362
93.688000,0.104362
93.700000,0.080636
93.716000,0.074704
93.732000,0.074704
93.748000,0.122164
93.760000,0.092755
93.776000,0.092755
93.792000,0.092755
93.808000,0.081567
93.820000,0.078788
93.836000,0.121269
93.852000,0.094394
93.868000,0.094394
93.880000,0.094394
93.896000,0.080614
93.912000,0.116852
93.928000,0.116852
93.940000,0.095461
93.956000,0.087484
93.972000,0.087484
93.988000,0.131866
94.000000,0.109037
94.016000,0.109037
94.032000,0.109037
94.048000,0.083395
94.060000,0.080210
94.076000,0.120071
94.092000,0.120071
94.108000,0.092213
94.120000,0.092213
94.136000,0.092213
94.152000,0.098412
94.168000,0.098412
94.180000,0.098412
94.196000,0.098412
94.212000,0.085458
94.228000,0.123470
94.240000,0.123470
94.256000,0.105623
94.272000,0.126149
94.288000,0.126149
94.300000,0.126149
94.316000,0.116488
94.332000,0.116488
94.348000,0.116488
94.360000,0.116488
94.376000,0.086883
94.392000,0.133855
94.408000,0.133855
94.420000,0.100717
94.436000,0.100717
94.452000,0.100717
94.468000,0.133490
94.480000,0.119845
94.496000,0.119845
94.512000,0.097623
94.528000,0.085765
94.540000,0.085495
94.556000,0.139264
94.572000,0.120244
94.588000,0.109609
94.600000,0.109609
94.616000,0.109609
94.632000,0.132581
94.648000,0.132581
94.660000,0.132581
94.676000,0.103576
94.692000,0.103576
94.708000,0.158655
94.720000,0.123258
94.736000,0.123258
94.752000,0.123258
94.768000,0.099737
94.780000,0.087968
94.796000,0.141597
94.812000,0.141597
94.828000,0.104453
94.840000,0.104453
94.856000,0.104453
94.872000,0.133617
94.888000,0.126219
94.900000,0.126219
94.916000,0.126219
94.932000,0.094419
94.948000,0.133516
94.960000,0.133516
94.976000,0.133516
94.992000,0.096686
95.008000,0.099637
95.020000,0.099637
95.036000,0.129767
95.052000,0.116455
95.068000,0.116455
95.080000,0.116455
95.096000,0.085821
95.112000,0.142604
95.128000,0.142604
95.140000,0.121390
95.156000,0.110622
95.172000,0.110622
95.188000,0.127014
95.200000,0.131373
95.216000,0.131373
95.232000,0.131373
95.248000,0.085747
95.260000,0.079508
95.276000,0.133841
95.292000,0.133841
95.308000,0.097335
95.320000,0.097335
95.336000,0.097335
95.352000,0.099713
95.368000,0.099713
95.380000,0.099713
95.396000,0.099713
95.412000,0.078476
95.428000,0.129700
95.440000,0.129700
95.484000,0.101181
95.500000,0.101181
95.516000,0.108970
95.532000,0.108970
95.544000,0.108970
95.560000,0.079042
95.576000,0.079042
95.592000,0.131649
95.604000,0.104889
95.620000,0.092423
95.636000,0.092423
95.652000,0.092423
95.664000,0.119193
95.680000,0.116278
95.696000,0.116278
95.712000,0.081564
95.724000,0.076472
95.740000,0.076472
95.756000,0.127159
95.772000,0.093208
95.784000,0.093208
95.800000,0.093208
95.816000,0.076853
95.832000,0.115773
95.844000,0.115773
95.860000,0.097530
95.876000,0.099930
95.892000,0.095069
95.904000,0.144132
95.920000,0.144132
95.936000,0.128642
95.952000,0.128642
95.964000,0.128642
95.980000,0.079039
95.996000,0.113623
96.012000,0.090668
96.024000,0.090668
96.040000,0.090668
96.056000,0.090668
96.072000,0.135170
96.084000,0.135170
96.100000,0.135170
96.116000,0.081144
96.132000,0.081144
96.144000,0.122869
96.160000,0.122869
96.176000,0.122165
96.192000,0.122165
96.204000,0.122165
96.220000,0.082273
96.236000,0.112126
96.252000,0.112126
96.264000,0.109540
96.280000,0.109540
96.296000,0.109540
96.312000,0.138030
96.324000,0.107238
96.340000,0.107238
96.356000,0.107238
96.372000,0.084063
96.384000,0.120414
96.400000,0.120414
96.416000,0.087899
96.432000,0.087899
96.444000,0.087899
96.460000,0.087899
96.476000,0.105553
96.492000,0.105553
96.504000,0.105553
96.520000,0.076778
96.536000,0.076778
96.552000,0.112581
96.564000,0.112581
96.580000,0.083553
96.596000,0.083553
96.612000,0.083553
96.624000,0.100881
96.640000,0.100881
96.656000,0.100881
96.672000,0.084101
96.684000,0.084101
96.700000,0.084101
96.716000,0.090526
96.732000,0.090526
96.744000,0.090526
96.760000,0.075431
96.776000,0.077230
96.792000,0.115678
96.804000,0.090689
96.820000,0.078323
96.836000,0.080079
96.852000,0.080079
96.864000,0.080079
96.880000,0.085165
96.896000,0.080572
96.912000,0.080572
96.924000,0.071389
96.940000,0.067367
96.956000,0.095411
96.972000,0.095411
96.984000,0.076275
97.000000,0.076275
97.016000,0.076275
97.032000,0.096549
97.044000,0.091612
97.060000,0.091612
97.076000,0.091612
97.092000,0.070715
97.104000,0.070715
97.120000,0.103501
97.136000,0.079030
97.152000,0.071065
97.164000,0.071065
97.180000,0.071065
97.196000,0.088443
97.212000,0.088443
97.224000,0.088443
97.240000,0.071030
97.256000,0.071030
97.272000,0.114438
97.284000,0.076937
97.300000,0.079857
97.316000,0.079857
97.332000,0.079857
97.344000,0.059312
97.360000,0.074378
97.376000,0.074378
97.392000,0.064345
97.404000,0.062528
97.420000,0.062528
97.436000,0.099072
97.452000,0.076362
97.464000,0.076362
97.480000,0.076362
97.496000,0.062521
97.512000,0.096566
97.524000,0.096566
97.540000,0.096566
97.556000,0.062539
97.572000,0.062539
97.584000,0.104712
97.600000,0.087326
97.616000,0.087326
97.632000,0.087326
97.644000,0.060646
97.660000,0.057576
97.676000,0.099468
97.692000,0.096908
97.704000,0.065247
97.720000,0.065247
97.736000,0.065247
97.752000,0.086088
97.764000,0.078555
97.780000,0.078555
97.796000,0.068270
97.812000,0.061351
97.824000,0.106568
97.840000,0.106568
97.856000,0.092173
97.872000,0.092173
97.884000,0.092173
97.900000,0.079012
97.916000,0.132558
97.932000,0.132558
97.944000,0.071055
97.960000,0.090566
97.976000,0.090566
97.992000,0.147350
98.004000,0.095754
98.020000,0.083900
98.036000,0.083900
98.052000,0.062812
98.064000,0.129998
98.080000,0.129998
98.096000,0.091541
98.112000,0.079459
98.124000,0.079459
98.140000,0.079459
98.156000,0.087180
98.172000,0.098197
98.184000,0.098197
98.200000,0.098197
98.216000,0.062238
98.232000,0.105444
98.244000,0.105444
98.260000,0.088066
98.276000,0.082332
98.292000,0.082332
98.304000,0.135905
98.320000,0.082552
98.336000,0.082552
98.352000,0.082552
98.364000,0.070215
98.380000,0.091705
98.396000,0.147616
98.412000,0.087866
98.424000,0.082002
98.440000,0.082002
98.456000,0.082002
98.472000,0.095419
98.484000,0.095419
98.500000,0.095419
98.516000,0.062092
98.532000,0.062092
98.544000,0.108443
98.560000,0.108443
98.576000,0.080393
98.592000,0.080393
98.604000,0.080393
98.620000,0.060170
98.636000,0.102589
98.652000,0.102589
98.664000,0.102589
98.680000,0.076970
98.696000,0.067996
98.712000,0.116776
98.724000,0.116776
98.740000,0.087337
98.756000,0.087337
98.772000,0.087337
98.784000,0.091998
98.800000,0.091998
98.816000,0.091998
98.832000,0.066073
98.844000,0.066073
98.860000,0.066073
98.876000,0.085866
98.892000,0.074543
98.904000,0.074543
98.920000,0.074543
98.936000,0.061989
98.952000,0.100822
98.968000,0.100822
98.980000,0.100822
98.996000,0.066767
99.012000,0.066767
99.024000,0.116568
99.040000,0.085715
99.056000,0.078694
99.072000,0.078694
99.084000,0.061103
99.100000,0.058335
99.116000,0.100395
99.132000,0.079697
99.144000,0.097892
99.160000,0.097892
99.176000,0.097892
99.192000,0.089985
99.204000,0.089985
99.220000,0.070089
99.236000,0.070089
99.252000,0.070089
99.264000,0.126800
99.280000,0.081927
99.296000,0.081927
99.312000,0.081927
99.324000,0.057660
99.340000,0.057660
99.356000,0.106248
99.372000,0.077608
99.384000,0.067255
99.400000,0.067255
99.416000,0.067255
99.432000,0.097390
99.444000,0.097390
99.460000,0.097390
99.476000,0.064954
99.492000,0.060571
99.504000,0.110872
99.520000,0.082657
99.536000,0.082657
99.552000,0.082657
99.564000,0.062063
99.580000,0.057803
99.596000,0.108502
99.612000,0.108502
99.624000,0.074094
99.640000,0.074094
99.656000,0.074094
99.672000,0.090582
99.684000,0.090582
99.700000,0.090582
99.716000,0.068548
99.732000,0.068548
99.744000,0.122740
99.760000,0.122740
99.776000,0.083016
99.792000,0.083016
99.804000,0.083016
99.820000,0.059087
99.836000,0.109815
99.852000,0.109815
99.864000,0.109815
99.880000,0.081595
99.896000,0.081595
99.912000,0.137139
99.924000,0.102577
99.940000,0.102577
99.956000,0.102577
99.972000,0.075869
99.984000,0.075869
100.000000,0.128390
100.016000,0.087857
100.032000,0.087857
100.044000,0.087857
100.060000,0.087857
100.076000,0.119669
100.092000,0.119669
100.104000,0.091000
100.120000,0.091000
100.136000,0.091000
100.152000,0.102295
100.164000,0.102295
100.180000,0.102295
100.196000,0.102295
100.212000,0.071416
100.224000,0.119561
100.240000,0.119561
100.256000,0.097680
100.272000,0.097680
100.284000,0.097680
100.300000,0.076758
100.316000,0.122736
100.332000,0.122736
100.344000,0.083714
100.360000,0.083714
100.376000,0.083714
100.392000,0.137029
100.404000,0.103924
100.420000,0.103924
100.436000,0.103924
100.452000,0.064342
100.464000,0.109442
100.480000,0.109442
100.496000,0.093382
100.512000,0.090797
100.524000,0.090797
100.540000,0.090797
100.556000,0.102784
100.572000,0.102784
100.584000,0.102784
100.600000,0.085688
100.616000,0.079896
100.632000,0.133757
100.644000,0.094145
100.660000,0.079455
100.676000,0.079455
100.692000,0.067512
100.704000,0.110741
100.720000,0.110741
100.736000,0.110741
100.752000,0.088274
100.764000,0.076600
100.780000,0.076600
100.796000,0.127354
100.812000,0.087614
100.824000,0.087614
100.840000,0.087614
100.856000,0.056851
100.872000,0.094298
100.888000,0.094298
100.900000,0.094298
100.916000,0.079732
100.932000,0.071207
100.944000,0.071207
100.960000,0.126810
100.976000,0.073758
100.992000,0.073758
101.004000,0.073758
101.020000,0.057526
101.036000,0.095028
101.052000,0.095028
101.064000,0.095028
101.080000,0.060679
101.096000,0.060679
101.112000,0.108308
101.124000,0.080408
101.140000,0.078100
101.156000,0.078100
101.172000,0.078100
101.184000,0.054348
101.200000,0.087658
101.216000,0.087658
101.232000,0.067054
101.244000,0.061379
101.260000,0.061379
101.276000,0.107928
101.292000,0.079771
101.304000,0.079771
101.320000,0.079771
101.336000,0.053291
101.352000,0.094360
101.364000,0.094360
101.380000,0.061546
101.396000,0.061546
101.412000,0.061546
101.424000,0.110085
101.440000,0.085802
101.456000,0.085802
101.472000,0.085802
101.484000,0.055751
101.500000,0.072166
101.516000,0.125454
101.532000,0.125454
101.544000,0.069377
101.560000,0.069377
101.576000,0.069377
101.592000,0.083042
101.604000,0.083042
101.620000,0.083042
101.636000,0.058434
101.652000,0.058434
101.664000,0.107971
101.680000,0.085793
101.696000,0.073850
101.712000,0.073850
101.724000,0.073850
101.740000,0.049923
101.756000,0.078224
101.772000,0.078224
101.784000,0.064528
101.800000,0.060238
101.816000,0.060238
101.832000,0.108411
101.844000,0.084074
101.860000,0.084074
101.876000,0.084074
101.892000,0.054176
101.904000,0.096583
101.920000,0.096583
101.936000,0.075719
101.952000,0.075719
101.964000,0.075719
101.980000,0.075719
101.996000,0.099083
102.012000,0.099083
102.024000,0.099083
102.040000,0.060032
102.056000,0.060032
102.072000,0.109610
102.084000,0.069300
102.100000,0.069300
102.116000,0.069300
102.132000,0.050616
102.144000,0.049521
102.160000,0.082365
102.176000,0.082365
102.192000,0.059394
102.204000,0.059394
102.220000,0.059394
102.236000,0.077629
102.252000,0.077629
102.264000,0.077629
102.280000,0.058824
102.296000,0.056626
102.312000,0.097131
102.324000,0.097131
102.340000,0.076301
102.356000,0.076301
102.372000,0.076301
102.384000,0.056225
102.400000,0.082968
102.416000,0.082968
102.432000,0.065491
102.444000,0.065491
102.460000,0.065491
102.476000,0.085158
102.492000,0.081025
102.504000,0.081025
102.520000,0.081025
102.536000,0.058790
102.552000,0.097035
102.564000,0.097035
102.580000,0.072674
102.596000,0.069438
102.612000,0.069438
102.624000,0.096804
102.640000,0.120196
102.656000,0.120196
102.672000,0.076375
102.684000,0.073689
102.700000,0.073689
102.716000,0.092113
102.732000,0.092113
102.744000,0.092113
102.760000,0.092113
102.776000,0.068272
102.792000,0.103993
102.804000,0.103993
102.820000,0.082049
102.836000,0.082049
102.852000,0.082049
102.864000,0.132382
102.880000,0.097854
102.896000,0.097854
102.912000,0.097854
102.924000,0.077156
102.940000,0.077156
102.956000,0.122479
102.972000,0.088665
102.984000,0.088665
103.000000,0.088665
103.016000,0.084794
103.032000,0.111774
103.044000,0.111774
103.060000,0.111774
103.076000,0.084150
103.092000,0.084150
103.104000,0.084150
103.120000,0.105425
103.136000,0.105425
103.152000,0.105425
103.164000,0.105425
103.180000,0.079765
103.196000,0.122475
103.212000,0.097646
103.224000,0.092694
103.240000,0.092694
103.256000,0.092694
103.272000,0.113692
103.284000,0.113692
103.300000,0.113692
103.316000,0.084429
103.332000,0.084429
103.344000,0.084429
103.360000,0.101776
103.376000,0.106397
103.392000,0.106397
103.404000,0.106397
103.420000,0.077935
103.436000,0.120451
103.452000,0.120451
103.464000,0.120451
103.480000,0.088866
103.496000,0.088866
103.512000,0.137470
103.524000,0.110183
103.540000,0.110183
103.556000,0.110183
103.572000,0.119126
103.584000,0.112920
103.600000,0.112920
103.616000,0.112920
103.632000,0.110508
103.644000,0.164629
103.660000,0.164629
103.676000,0.105060
103.692000,0.105060
103.704000,0.105060
103.720000,0.072886
103.736000,0.120112
103.752000,0.120112
103.764000,0.120112
103.780000,0.087600
103.796000,0.087600
103.812000,0.140866
103.824000,0.112341
103.840000,0.109744
103.856000,0.109744
103.872000,0.109744
103.884000,0.120602
103.900000,0.120602
103.916000,0.120602
103.932000,0.097392
103.944000,0.089997
103.960000,0.089997
103.976000,0.145199
103.992000,0.103146
104.004000,0.103146
104.020000,0.103146
104.036000,0.074587
104.052000,0.127128
104.064000,0.127128
104.080000,0.078986
104.096000,0.078986
104.112000,0.078986
104.124000,0.127062
104.140000,0.109634
104.156000,0.109634
104.172000,0.089618
104.184000,0.077807
104.200000,0.077807
104.216000,0.136113
104.232000,0.109614
104.244000,0.102745
104.260000,0.102745
104.276000,0.074959
104.292000,0.112635
104.304000,0.112635
104.320000,0.112635
104.336000,0.079835
104.352000,0.079835
104.364000,0.137138
104.380000,0.099787
104.396000,0.099787
104.412000,0.099787
104.424000,0.070773
104.440000,0.074533
104.456000,0.131037
104.472000,0.098637
104.484000,0.091478
104.500000,0.091478
104.516000,0.102677
104.532000,0.102677
104.544000,0.102677
104.560000,0.101112
104.576000,0.063943
104.592000,0.121244
104.604000,0.121244
104.620000,0.081293
104.636000,0.085802
104.652000,0.085802
104.664000,0.143590
104.680000,0.101871
104.696000,0.101871
104.712000,0.101871
104.724000,0.063605
104.740000,0.062189
104.756000,0.115452
104.772000,0.075111
104.784000,0.061533
104.800000,0.061533
104.816000,0.061533
104.832000,0.093017
104.844000,0.093017
104.860000,0.093017
104.876000,0.061558
104.892000,0.055148
104.904000,0.109197
104.920000,0.109197
104.936000,0.075143
104.952000,0.075143
104.964000,0.075143
104.980000,0.043605
104.996000,0.096263
105.012000,0.096263
105.024000,0.059735
105.040000,0.059735
105.056000,0.059735
105.072000,0.094764
105.084000,0.089361
105.100000,0.089361
105.116000,0.051308
105.132000,0.051308
105.144000,0.051308
105.160000,0.103261
105.176000,0.064592
105.192000,0.064592
105.204000,0.064592
105.220000,0.038732
105.236000,0.085916
105.252000,0.085916
105.264000,0.085916
105.280000,0.051488
105.296000,0.046488
105.312000,0.100436
105.324000,0.100436
105.340000,0.061368
105.356000,0.061368
105.372000,0.061368
105.384000,0.040347
105.400000,0.077079
105.416000,0.077079
105.432000,0.060869
105.444000,0.055702
105.460000,0.055702
105.476000,0.080796
105.492000,0.068841
105.504000,0.068841
105.520000,0.068841
105.536000,0.047439
105.552000,0.093362
105.564000,0.093362
105.580000,0.063120
105.596000,0.058462
105.612000,0.058462
105.624000,0.088741
105.640000,0.086403
105.656000,0.086403
105.672000,0.086403
105.684000,0.054279
105.700000,0.054279
105.716000,0.100861
105.732000,0.078951
105.744000,0.072042
105.760000,0.072042
105.776000,0.052756
105.792000,0.089305
105.804000,0.089305
105.820000,0.089305
105.836000,0.069539
105.852000,0.069539
105.864000,0.120047
105.880000,0.087283
105.896000,0.081920
105.912000,0.081920
105.924000,0.081920
105.940000,0.058545
105.956000,0.096828
105.972000,0.096828
105.984000,0.071559
106.000000,0.069741
106.016000,0.069741
106.032000,0.117976
106.044000,0.085959
106.060000,0.085959
106.076000,0.085959
106.092000,0.104558
106.104000,0.104558
106.120000,0.104558
106.136000,0.078158
106.152000,0.072805
106.164000,0.072805
106.180000,0.122453
106.196000,0.098183
106.212000,0.098183
106.224000,0.098183
106.240000,0.098183
106.256000,0.112859
106.272000,0.112859
106.284000,0.112859
106.300000,0.088011
106.316000,0.088011
106.332000,0.136226
106.344000,0.136226
106.360000,0.090883
106.376000,0.090883
106.392000,0.081335
106.404000,0.093169
106.420000,0.143496
106.436000,0.143496
106.452000,0.089131
106.464000,0.089131
106.480000,0.089131
106.496000,0.113089
106.512000,0.113089
106.524000,0.113089
106.540000,0.113089
106.556000,0.078107
106.572000,0.114710
106.584000,0.114710
106.600000,0.099053
106.616000,0.099053
106.632000,0.099053
106.644000,0.122698
106.660000,0.110722
106.676000,0.110722
106.692000,0.110722
106.704000,0.085950
106.720000,0.085950
106.736000,0.132594
106.752000,0.090440
106.764000,0.090440
106.780000,0.090440
106.796000,0.079983
106.812000,0.122225
106.824000,0.122225
106.840000,0.122225
106.856000,0.085874
106.872000,0.085874
106.884000,0.134287
106.900000,0.138577
106.916000,0.103748
106.932000,0.103748
106.944000,0.071360
106.960000,0.071360
106.976000,0.109299
106.992000,0.109299
107.004000,0.093877
107.020000,0.093877
107.036000,0.093877
107.052000,0.105183
107.064000,0.105183
107.080000,0.105183
107.096000,0.086660
107.112000,0.089635
107.124000,0.143269
107.140000,0.143269
107.156000,0.086374
107.172000,0.086374
107.184000,0.086374
107.200000,0.077933
107.216000,0.118661
107.232000,0.118661
107.244000,0.118661
107.260000,0.081765
107.276000,0.081765
107.292000,0.131079
107.304000,0.112896
107.320000,0.106506
107.336000,0.106506
107.352000,0.066941
107.364000,0.106439
107.380000,0.106439
107.396000,0.116486
107.412000,0.082297
107.424000,0.082297
107.440000,0.082297
107.456000,0.097263
107.472000,0.097263
107.484000,0.097263
107.500000,0.074708
107.516000,0.069539
107.532000,0.118716
107.544000,0.079308
107.560000,0.072255
107.576000,0.072255
107.592000,0.060800
107.604000,0.107168
107.620000,0.107168
107.636000,0.107168
107.652000,0.072546
107.664000,0.072546
107.680000,0.072546
107.696000,0.099743
107.712000,0.092932
107.724000,0.092932
107.740000,0.092932
107.756000,0.050987
107.772000,0.092060
107.784000,0.092060
107.800000,0.073886
107.816000,0.068011
107.832000,0.068011
107.844000,0.068011
107.860000,0.112929
107.876000,0.112929
107.892000,0.112929
107.904000,0.063154
107.920000,0.058309
107.936000,0.108522
107.952000,0.063297
107.964000,0.066547
107.980000,0.066547
107.996000,0.066547
108.012000,0.078236
108.024000,0.078236
108.040000,0.078236
108.056000,0.060251
108.072000,0.063182
108.084000,0.115872
108.100000,0.115872
108.116000,0.069225
108.132000,0.069225
108.144000,0.069225
108.160000,0.067751
108.176000,0.091949
108.192000,0.091949
108.204000,0.091949
108.220000,0.060770
108.236000,0.056931
108.252000,0.101816
108.264000,0.078041
108.280000,0.072362
108.296000,0.072362
108.312000,0.053829
108.324000,0.090142
108.340000,0.090142
108.356000,0.090142
108.372000,0.065688
108.384000,0.065688
108.400000,0.065688
108.416000,0.076834
108.432000,0.076834
108.444000,0.076834
108.460000,0.076834
108.476000,0.058273
108.492000,0.093075
108.504000,0.093075
108.520000,0.071160
108.536000,0.071160
108.552000,0.071160
108.564000,0.119832
108.580000,0.078714
108.596000,0.078714
108.612000,0.062760
108.624000,0.062760
108.640000,0.062760
108.656000,0.102454
108.672000,0.081328
108.684000,0.081328
108.700000,0.081328
108.716000,0.062351
108.732000,0.093018
108.744000,0.093018
108.760000,0.093018
108.776000,0.068426
108.792000,0.068426
108.804000,0.113823
108.820000,0.088806
108.836000,0.083896
108.852000,0.083896
108.864000,0.083896
108.880000,0.065564
108.896000,0.100890
108.912000,0.100890
108.924000,0.079369
108.940000,0.079369
108.956000,0.079369
108.972000,0.092634
108.984000,0.092634
109.000000,0.092634
109.016000,0.068198
109.032000,0.068198
109.044000,0.110634
109.060000,0.110634
109.076000,0.083376
109.092000,0.078424
109.104000,0.078424
109.120000,0.062830
109.136000,0.103494
109.152000,0.103494
109.164000,0.103494
109.180000,0.073408
109.196000,0.069217
109.212000,0.115807
109.224000,0.089431
109.240000,0.093109
109.256000,0.093109
109.272000,0.062832
109.284000,0.101289
109.300000,0.101289
109.316000,0.101289
109.332000,0.073802
109.344000,0.073802
109.360000,0.073802
109.376000,0.096643
109.392000,0.083741
109.404000,0.083741
109.420000,0.083741
109.436000,0.068179
109.452000,0.121023
109.464000,0.121023
109.480000,0.072649
109.496000,0.072649
109.512000,0.072649
109.524000,0.104369
109.540000,0.132479
109.556000,0.132479
109.572000,0.068969
109.584000,0.063394
109.600000,0.063394
109.616000,0.118904
109.632000,0.089245
109.644000,0.089245
109.660000,0.089245
109.676000,0.055499
109.692000,0.110901
109.704000,0.110901
109.720000,0.081670
109.736000,0.081670
109.752000,0.081670
109.764000,0.108188
109.780000,0.093629
109.796000,0.093629
109.812000,0.093629
109.824000,0.064635
109.840000,0.064635
109.856000,0.122335
109.872000,0.081858
109.884000,0.081858
109.900000,0.081858
109.916000,0.055432
109.932000,0.110775
109.944000,0.110775
109.960000,0.086199
109.976000,0.073078
109.992000,0.073078
110.004000,0.130520
110.020000,0.092738
110.036000,0.092738
110.052000,0.092738
110.064000,0.092738
110.080000,0.057794
110.096000,0.114919
110.112000,0.114919
110.124000,0.085391
110.140000,0.085391
110.156000,0.085391
110.172000,0.097800
110.184000,0.097800
110.200000,0.097800
110.216000,0.069456
110.232000,0.069456
110.244000,0.124148
110.260000,0.124148
110.276000,0.084801
110.292000,0.084801
110.304000,0.084801
110.320000,0.060098
110.336000,0.111363
110.352000,0.111363
110.364000,0.111363
110.380000,0.075617
110.396000,0.075617
110.412000,0.130673
110.424000,0.094406
110.440000,0.094406
110.456000,0.094406
110.472000,0.067219
110.484000,0.121106
110.500000,0.121106
110.516000,0.092658
110.532000,0.086625
110.544000,0.086625
110.560000,0.086625
110.576000,0.102949
110.592000,0.102949
110.604000,0.102949
110.620000,0.076624
110.636000,0.071751
110.652000,0.124014
110.664000,0.124014
110.680000,0.082105
110.696000,0.082105
110.712000,0.082105
110.724000,0.134045
110.740000,0.095154
110.756000,0.095154
110.772000,0.095154
110.784000,0.071883
110.800000,0.071883
110.816000,0.117138
110.832000,0.094802
110.844000,0.094802
110.860000,0.094802
110.876000,0.074426
110.892000,0.108065
110.904000,0.108065
110.920000,0.108065
110.936000,0.082483
110.952000,0.082483
110.964000,0.131258
110.980000,0.094045
110.996000,0.094045
111.012000,0.094045
111.024000,0.079356
111.040000,0.079356
111.056000,0.123686
111.072000,0.096429
111.084000,0.091567
111.100000,0.091567
111.116000,0.091567
111.132000,0.114594
111.144000,0.114594
111.160000,0.114594
111.176000,0.086334
111.192000,0.082643
111.204000,0.129079
111.220000,0.129079
111.236000,0.107124
111.252000,0.101748
111.264000,0.101748
111.280000,0.101748
111.296000,0.113915
111.312000,0.113915
111.324000,0.113915
111.340000,0.088304
111.356000,0.088304
111.372000,0.136066
111.384000,0.095599
111.400000,0.095599
111.416000,0.095599
111.432000,0.081570
111.444000,0.121251
111.460000,0.121251
111.476000,0.121251
111.492000,0.083064
111.504000,0.083064
111.520000,0.083064
111.536000,0.107971
111.552000,0.100016
111.564000,0.100016
111.580000,0.069011
111.596000,0.069011
111.612000,0.112612
111.624000,0.091220
111.640000,0.089028
111.656000,0.089028
111.672000,0.067102
111.684000,0.101726
111.700000,0.101726
111.716000,0.101726
111.732000,0.073110
111.744000,0.073110
111.760000,0.073110
111.776000,0.088892
111.792000,0.082692
111.804000,0.082692
111.820000,0.082692
111.836000,0.067692
111.852000,0.118031
111.864000,0.118031
111.880000,0.070573
111.896000,0.070573
111.912000,0.070573
111.924000,0.124121
111.940000,0.091220
111.956000,0.091220
111.972000,0.066568
111.984000,0.057197
112.000000,0.057197
112.016000,0.105784
112.032000,0.087782
112.044000,0.087782
112.060000,0.087782
112.076000,0.057247
112.092000,0.093809
112.104000,0.093809
112.120000,0.093809
112.136000,0.063632
112.152000,0.063632
112.164000,0.119387
112.180000,0.087851
112.196000,0.073872
112.212000,0.073872
112.224000,0.073872
112.240000,0.052371
112.256000,0.103293
112.272000,0.103293
112.284000,0.066276
112.300000,0.066276
112.316000,0.066276
112.332000,0.089798
112.344000,0.089798
112.360000,0.089798
112.376000,0.050947
112.392000,0.046833
112.404000,0.097272
112.420000,0.097272
112.436000,0.079061
112.452000,0.066338
112.464000,0.066338
112.480000,0.058578
112.496000,0.102682
112.512000,0.102682
112.524000,0.067538
112.540000,0.067538
112.556000,0.115130
112.572000,0.074737
112.584000,0.074737
112.600000,0.074737
112.616000,0.049543
112.632000,0.092876
112.644000,0.092876
112.660000,0.092876
112.676000,0.068404
112.692000,0.068404
112.704000,0.132133
112.720000,0.086965
112.736000,0.086965
112.752000,0.086965
112.764000,0.059275
112.780000,0.049888
112.796000,0.099134
112.812000,0.083599
112.824000,0.071170
112.840000,0.071170
112.856000,0.071170
112.872000,0.108624
112.884000,0.108624
112.900000,0.108624
112.916000,0.080163
112.932000,0.068355
112.944000,0.123163
112.960000,0.123163
112.976000,0.084000
112.992000,0.084000
113.004000,0.084000
113.020000,0.053978
113.036000,0.102855
113.052000,0.102855
113.064000,0.084973
113.080000,0.072573
113.096000,0.072573
113.112000,0.100404
113.124000,0.093794
113.140000,0.093794
113.156000,0.093794
113.172000,0.061559
113.184000,0.115901
113.200000,0.115901
113.216000,0.081378
113.232000,0.106841
113.244000,0.106841
113.260000,0.106841
113.276000,0.104210
113.292000,0.097764
113.304000,0.097764
113.320000,0.071961
113.336000,0.070365
113.352000,0.123578
113.364000,0.123578
113.380000,0.086218
113.396000,0.086218
113.412000,0.086218
113.424000,0.105876
113.440000,0.105876
113.456000,0.105876
113.472000,0.081233
113.484000,0.075021
113.500000,0.075021
113.516000,0.092963
113.532000,0.120633
113.544000,0.120633
113.560000,0.120633
113.576000,0.055426
113.592000,0.109029
113.604000,0.109029
113.620000,0.080292
113.636000,0.080292
113.652000,0.080292
113.664000,0.115694
113.680000,0.120263
113.696000,0.120263
113.712000,0.078053
113.724000,0.072144
113.740000,0.072144
113.756000,0.129197
113.772000,0.095450
113.784000,0.095450
113.800000,0.095450
113.816000,0.095450
113.832000,0.105503
113.844000,0.105503
113.860000,0.105503
113.876000,0.069282
113.892000,0.069282
113.904000,0.121615
113.920000,0.091817
113.936000,0.090642
113.952000,0.090642
113.964000,0.090642
113.980000,0.061600
113.996000,0.102757
114.012000,0.102757
114.024000,0.076453
114.040000,0.074495
114.056000,0.074495
114.072000,0.128301
114.084000,0.087279
114.100000,0.087279
114.116000,0.087279
114.132000,0.068788
114.144000,0.109134
114.160000,0.109134
114.176000,0.077116
114.192000,0.072406
114.204000,0.072406
114.220000,0.072406
114.236000,0.096755
114.252000,0.096755
114.264000,0.096755
114.280000,0.070428
114.296000,0.067613
114.312000,0.110151
114.324000,0.110151
114.340000,0.077938
114.356000,0.077938
114.372000,0.077938
114.384000,0.096282
114.400000,0.096282
114.416000,0.096282
114.432000,0.079339
114.444000,0.076099
114.460000,0.076099
114.476000,0.118714
114.492000,0.090089
114.504000,0.090089
114.520000,0.090089
114.536000,0.073134
114.552000,0.096997
114.564000,0.096997
114.580000,0.096997
114.596000,0.081214
114.612000,0.081214
114.624000,0.122295
114.640000,0.096251
114.656000,0.087924
114.672000,0.087924
114.684000,0.087924
114.700000,0.078212
114.716000,0.101600
114.732000,0.101600
114.744000,0.101600
114.760000,0.081084
114.776000,0.081084
114.792000,0.116033
114.804000,0.116033
114.820000,0.089714
114.836000,0.089714
114.852000,0.089714
114.864000,0.116981
114.880000,0.111621
114.896000,0.111621
114.912000,0.088490
114.924000,0.085657
114.940000,0.085657
114.956000,0.124544
114.972000,0.095428
114.984000,0.095428
115.000000,0.095428
115.016000,0.084370
115.032000,0.110168
115.044000,0.110168
115.060000,0.110168
115.076000,0.086322
115.092000,0.083926
115.104000,0.083926
115.120000,0.119912
115.136000,0.095616
115.152000,0.090708
115.164000,0.090708
115.180000,0.079265
115.196000,0.107235
115.212000,0.107235
115.224000,0.107235
115.240000,0.086458
115.256000,0.083389
115.272000,0.123100
115.284000,0.123100
115.300000,0.099608
115.316000,0.099608
115.332000,0.083945
115.344000,0.115204
115.360000,0.115204
115.376000,0.115204
115.392000,0.085409
115.404000,0.085409
115.420000,0.085409
115.436000,0.103148
115.452000,0.095912
115.464000,0.095912
115.480000,0.095912
115.496000,0.095787
115.512000,0.148627
115.524000,0.148627
115.540000,0.078162
115.556000,0.072416
115.572000,0.072416
115.584000,0.111049
115.600000,0.104582
115.616000,0.104582
115.632000,0.081883
115.644000,0.076354
115.660000,0.071205
115.676000,0.121768
115.692000,0.097047
115.704000,0.090636
115.720000,0.090636
115.736000,0.090636
115.752000,0.098580
115.764000,0.098580
115.780000,0.098580
115.796000,0.070996
115.812000,0.068836
115.824000,0.126884
115.840000,0.126884
115.856000,0.079220
115.872000,0.079220
115.884000,0.079220
115.900000,0.060614
115.916000,0.102711
115.932000,0.102711
115.944000,0.102711
115.960000,0.086427
115.976000,0.086427
115.992000,0.147503
116.004000,0.088676
116.020000,0.081172
116.036000,0.081172
116.052000,0.043246
116.064000,0.101854
116.080000,0.101854
116.096000,0.101854
116.112000,0.059423
116.124000,0.059423
116.140000,0.059423
116.156000,0.073579
116.172000,0.073579
116.184000,0.073579
116.200000,0.051928
116.216000,0.044465
116.232000,0.106198
116.244000,0.106198
116.264000,0.064567
116.276000,0.064567
116.292000,0.064567
116.304000,0.101553
116.320000,0.093754
116.336000,0.093754
116.352000,0.039360
116.364000,0.039360
116.380000,0.039360
116.396000,0.105976
116.412000,0.078128
116.424000,0.078128
116.440000,0.078128
116.456000,0.038800
116.472000,0.130675
116.484000,0.130675
116.500000,0.130675
116.516000,0.057895
116.532000,0.057895
116.544000,0.057895
116.560000,0.084457
116.576000,0.084457
116.592000,0.084457
116.604000,0.044478
116.620000,0.031143
116.636000,0.090344
116.652000,0.065437
116.664000,0.070442
116.680000,0.070442
116.696000,0.070442
116.712000,0.079237
116.724000,0.079237
116.740000,0.079237
116.756000,0.043903
116.772000,0.043903
116.784000,0.102743
116.800000,0.102743
116.816000,0.062862
116.832000,0.062862
116.844000,0.062862
116.860000,0.046228
116.876000,0.090052
116.892000,0.090052
116.904000,0.090052
116.920000,0.055554
116.936000,0.055554
116.952000,0.115455
116.964000,0.105023
116.980000,0.069040
116.996000,0.069040
117.012000,0.069040
117.024000,0.098516
117.044000,0.098516
117.056000,0.098516
117.072000,0.068478
117.084000,0.062979
117.100000,0.062979
117.116000,0.089320
117.132000,0.089320
117.144000,0.089320
117.160000,0.059950
117.176000,0.056511
117.192000,0.104736
117.204000,0.104736
117.220000,0.079252
117.236000,0.079252
117.252000,0.079252
117.264000,0.064394
117.280000,0.112298
117.296000,0.112298
117.312000,0.075903
117.324000,0.075903
117.340000,0.075903
117.356000,0.096463
117.372000,0.104826
117.384000,0.104826
117.400000,0.093366
117.416000,0.070357
117.432000,0.114546
117.444000,0.114546
117.460000,0.095613
117.476000,0.098926
117.492000,0.098926
117.504000,0.153594
117.520000,0.108170
117.536000,0.108170
117.552000,0.108170
117.564000,0.089799
117.580000,0.089799
117.596000,0.142197
117.612000,0.104849
117.624000,0.099806
117.640000,0.099806
117.656000,0.085044
117.672000,0.132104
117.684000,0.132104
117.700000,0.110477
117.716000,0.100244
117.732000,0.100244
117.744000,0.152574
117.760000,0.114849
117.776000,0.114849
117.792000,0.114849
117.804000,0.088417
117.820000,0.084310
117.836000,0.129477
117.852000,0.109049
117.864000,0.109049
117.880000,0.109049
117.896000,0.109049
117.912000,0.120271
117.924000,0.120271
117.940000,0.120271
117.956000,0.091299
117.972000,0.091299
117.984000,0.141443
118.000000,0.117405
118.016000,0.105566
118.032000,0.105566
118.044000,0.105566
118.060000,0.087847
118.076000,0.136757
118.092000,0.136757
118.104000,0.101204
118.120000,0.101204
118.136000,0.101204
118.156000,0.112456
118.164000,0.112456
118.180000,0.112456
118.196000,0.098138
118.212000,0.091682
118.224000,0.091682
118.240000,0.115600
118.256000,0.101567
118.272000,0.101567
118.284000,0.101567
118.300000,0.077814
118.316000,0.123025
118.332000,0.123025
118.344000,0.123025
118.360000,0.074271
118.376000,0.074271
118.392000,0.127990
118.404000,0.101074
118.420000,0.101074
118.436000,0.101074
118.452000,0.066582
118.464000,0.066582
118.480000,0.119634
118.496000,0.100167
118.512000,0.086314
118.524000,0.086314
118.540000,0.086314
118.556000,0.091018
118.572000,0.091018
118.584000,0.091018
118.600000,0.077562
118.616000,0.064275
118.632000,0.120120
118.644000,0.120120
118.660000,0.102320
118.676000,0.102320
118.692000,0.102320
118.704000,0.106604
118.720000,0.099113
118.736000,0.099113
118.752000,0.099113
118.764000,0.090543
118.780000,0.060993
118.796000,0.117568
118.812000,0.117568
118.824000,0.071973
118.840000,0.071973
118.856000,0.071973
118.872000,0.109854
118.884000,0.102533
118.900000,0.102533
118.916000,0.085915
118.932000,0.060342
118.944000,0.116162
118.960000,0.116162
118.976000,0.082392
118.992000,0.082392
119.004000,0.082392
119.020000,0.045451
119.036000,0.094081
119.052000,0.094081
119.064000,0.075586
119.080000,0.075586
119.096000,0.075586
119.112000,0.095211
119.124000,0.081520
119.140000,0.081520
119.156000,0.081520
119.172000,0.055311
119.184000,0.109063
119.200000,0.109063
119.216000,0.079972
119.232000,0.079972
119.244000,0.079972
119.260000,0.053011
119.276000,0.100813
119.292000,0.100813
119.304000,0.100813
119.320000,0.064056
119.336000,0.064056
119.352000,0.116854
119.364000,0.083421
119.380000,0.085510
119.396000,0.085510
119.412000,0.057813
119.424000,0.054852
119.440000,0.097916
119.456000,0.097916
119.472000,0.070442
119.484000,0.070442
119.500000,0.070442
119.516000,0.088433
119.532000,0.088433
119.544000,0.088433
119.560000,0.088433
119.576000,0.062534
119.592000,0.107761
119.604000,0.107761
119.620000,0.077695
119.636000,0.077695
119.652000,0.077695
119.664000,0.077695
119.680000,0.094917
119.696000,0.094917
119.712000,0.094917
119.724000,0.074518
119.740000,0.074518
119.756000,0.122713
119.772000,0.088319
119.784000,0.083250
119.800000,0.083250
119.816000,0.067996
119.832000,0.106282
119.844000,0.106282
119.860000,0.106282
119.876000,0.077801
119.892000,0.077801
119.904000,0.124386
119.920000,0.116005
119.936000,0.098813
119.952000,0.098813
119.964000,0.098813
119.980000,0.073362
119.996000,0.105965
120.012000,0.105965
120.024000,0.105965
120.040000,0.087769
120.056000,0.087769
120.072000,0.136279
120.084000,0.100211
120.100000,0.100211
120.116000,0.100211
120.132000,0.080569
120.144000,0.122158
120.160000,0.122158
120.176000,0.092837
120.192000,0.088236
120.204000,0.088236
120.220000,0.088236
120.236000,0.114224
120.252000,0.114224
120.264000,0.114224
120.280000,0.086165
120.296000,0.082217
120.312000,0.128937
120.324000,0.128937
120.340000,0.107378
120.356000,0.107378
120.372000,0.107378
120.384000,0.114643
120.400000,0.114643
120.416000,0.114643
120.432000,0.093913
120.444000,0.089080
120.460000,0.089080
120.476000,0.138137
120.492000,0.105307
120.504000,0.105307
120.520000,0.105307
120.536000,0.076479
120.552000,0.119359
120.564000,0.119359
120.580000,0.094572
120.596000,0.089018
120.612000,0.089018
120.624000,0.140261
120.640000,0.108552
120.656000,0.108552
120.672000,0.108552
120.684000,0.078034
120.700000,0.078034
120.716000,0.127488
120.732000,0.096252
120.744000,0.088883
120.760000,0.088883
120.776000,0.069716
120.792000,0.109889
120.804000,0.109889
120.820000,0.109889
120.836000,0.086839
120.852000,0.086839
120.864000,0.086839
120.880000,0.106267
120.896000,0.099867
120.912000,0.099867
120.924000,0.099867
120.940000,0.078478
120.956000,0.131263
120.972000,0.131263
120.984000,0.080313
121.000000,0.080313
121.016000,0.080313
121.032000,0.115547
121.044000,0.108353
121.060000,0.108353
121.076000,0.108353
121.092000,0.067574
121.104000,0.120054
121.120000,0.120054
121.136000,0.086752
121.152000,0.086752
121.164000,0.086752
121.180000,0.058232
121.196000,0.099825
121.212000,0.099825
121.224000,0.099825
121.240000,0.081920
121.256000,0.081920
121.272000,0.102465
121.284000,0.095652
121.300000,0.095652
121.316000,0.095652
121.332000,0.067256
121.344000,0.121101
121.360000,0.121101
121.376000,0.074791
121.392000,0.074791
121.404000,0.074791
121.420000,0.050949
121.436000,0.101463
121.452000,0.101463
121.464000,0.101463
121.480000,0.049388
121.496000,0.049388
121.512000,0.093474
121.524000,0.077394
121.540000,0.077394
121.556000,0.077394
121.572000,0.055664
121.584000,0.047669
121.600000,0.094558
121.616000,0.094558
121.632000,0.065152
121.644000,0.065152
121.660000,0.065152
121.676000,0.086871
121.692000,0.081930
121.704000,0.081930
121.720000,0.081930
121.736000,0.079748
121.752000,0.137707
121.764000,0.137707
121.780000,0.065880
121.796000,0.060558
121.812000,0.060558
121.824000,0.113411
121.840000,0.081685
121.856000,0.075489
121.872000,0.075489
121.884000,0.075489
121.900000,0.052960
121.916000,0.100690
121.932000,0.100690
121.944000,0.067822
121.960000,0.067822
121.976000,0.067822
121.992000,0.088272
122.004000,0.080115
122.020000,0.069271
122.036000,0.069271
122.052000,0.055880
122.064000,0.055880
122.080000,0.101765
122.096000,0.101765
122.112000,0.069341
122.124000,0.069341
122.140000,0.069341
122.156000,0.082482
122.172000,0.091123
122.184000,0.091123
122.200000,0.091123
122.216000,0.058088
122.232000,0.098663
122.244000,0.098663
122.260000,0.070873
122.276000,0.078460
122.292000,0.078460
122.304000,0.059289
122.320000,0.086255
122.336000,0.086255
122.352000,0.086255
122.364000,0.073004
122.380000,0.073004
122.396000,0.123120
122.412000,0.085665
122.424000,0.080854
122.440000,0.080854
122.456000,0.080854
122.472000,0.104372
122.484000,0.104372
122.500000,0.104372
122.516000,0.073924
122.532000,0.073924
122.544000,0.119849
122.560000,0.099621
122.576000,0.102314
122.592000,0.102314
122.604000,0.102314
122.620000,0.067298
122.636000,0.110397
122.652000,0.110397
122.664000,0.088611
122.680000,0.088611
122.696000,0.088611
122.712000,0.091251
122.724000,0.091251
122.740000,0.091251
122.756000,0.079065
122.772000,0.082046
122.784000,0.134276
122.800000,0.134276
122.816000,0.088991
122.832000,0.088991
122.844000,0.088991
122.860000,0.066797
122.876000,0.119488
122.892000,0.119488
122.904000,0.119488
122.920000,0.077582
122.936000,0.077582
122.952000,0.131809
122.964000,0.135711
122.980000,0.135711
122.996000,0.135711
123.012000,0.071416
123.024000,0.123391
123.040000,0.123391
123.056000,0.080929
123.072000,0.114950
123.084000,0.114950
123.100000,0.114950
123.116000,0.096511
123.132000,0.096511
123.144000,0.096511
123.160000,0.078099
123.176000,0.078099
123.192000,0.135559
123.204000,0.096458
123.220000,0.082550
123.236000,0.082550
123.252000,0.082550
123.264000,0.108463
123.280000,0.108463
123.296000,0.108463
123.312000,0.071089
123.324000,0.064756
123.340000,0.064756
123.356000,0.121809
123.372000,0.086122
123.384000,0.086122
123.400000,0.086122
123.416000,0.048358
123.432000,0.107345
123.444000,0.107345
123.460000,0.068233
123.476000,0.080613
123.492000,0.080613
123.504000,0.141972
123.520000,0.085343
123.536000,0.085343
123.552000,0.085343
123.564000,0.065321
123.580000,0.065321
123.596000,0.126428
123.612000,0.077834
123.624000,0.070366
123.640000,0.070366
123.656000,0.070366
123.672000,0.100875
123.684000,0.100875
123.700000,0.100875
123.716000,0.054167
123.732000,0.054167
123.744000,0.112361
123.760000,0.091378
123.776000,0.091378
123.792000,0.091378
123.804000,0.043831
123.820000,0.036947
123.836000,0.099412
123.852000,0.060192
123.864000,0.060192
123.880000,0.060192
123.896000,0.060192
123.912000,0.093609
123.924000,0.093609
123.940000,0.093609
123.956000,0.054099
123.972000,0.054099
123.984000,0.115089
124.000000,0.080112
124.016000,0.065656
124.032000,0.065656
124.044000,0.065656
124.060000,0.042442
124.076000,0.094287
124.092000,0.094287
124.104000,0.057387
124.120000,0.051286
124.136000,0.051286
124.152000,0.101214
124.164000,0.094040
124.180000,0.094040
124.196000,0.073151
124.212000,0.059150
124.224000,0.119162
124.240000,0.119162
124.256000,0.075782
124.272000,0.075782
124.284000,0.075782
124.300000,0.050564
124.316000,0.106422
124.332000,0.106422
124.344000,0.076104
124.360000,0.069583
124.376000,0.069583
124.392000,0.097365
124.404000,0.095071
124.420000,0.095071
124.436000,0.095071
124.452000,0.054603
124.464000,0.107241
124.480000,0.107241
124.496000,0.084238
124.512000,0.088709
124.524000,0.088709
124.540000,0.088709
124.556000,0.092002
124.572000,0.092002
124.584000,0.092002
124.600000,0.074015
124.616000,0.074015
124.632000,0.130769
124.644000,0.101398
124.660000,0.095031
124.676000,0.095031
124.692000,0.070602
124.704000,0.113344
124.720000,0.113344
124.736000,0.113344
124.752000,0.077854
124.764000,0.077854
124.780000,0.077854
124.796000,0.115530
124.812000,0.109318
124.824000,0.109318
124.840000,0.109318
124.856000,0.076326
124.872000,0.124928
124.884000,0.124928
124.900000,0.102869
124.916000,0.102869
124.932000,0.102869
124.944000,0.115372
124.960000,0.115372
124.976000,0.115372
124.992000,0.094315
125.004000,0.092439
125.020000,0.092439
125.036000,0.130817
125.052000,0.118477
125.064000,0.118477
125.080000,0.118477
125.100000,0.084479
125.112000,0.132837
125.124000,0.132837
125.140000,0.132837
125.156000,0.101918
125.172000,0.101918
125.184000,0.127441
125.200000,0.131226
125.216000,0.131226
125.232000,0.131226
125.244000,0.101304
125.260000,0.101304
125.276000,0.152126
125.292000,0.109855
125.304000,0.118378
125.320000,0.118378
125.336000,0.112904
125.352000,0.139543
125.364000,0.139543
125.380000,0.139543
125.396000,0.108937
125.412000,0.108937
125.424000,0.108937
125.440000,0.118127
125.456000,0.118127
125.472000,0.118127
125.484000,0.091723
125.500000,0.091723
125.516000,0.139018
125.532000,0.143331
125.544000,0.109446
125.560000,0.109446
125.576000,0.109446
125.592000,0.126317
125.604000,0.126317
125.620000,0.126317
125.636000,0.098520
125.652000,0.092597
125.664000,0.139920
125.680000,0.139920
125.696000,0.113501
125.712000,0.113501
125.724000,0.113501
125.740000,0.090612
125.756000,0.130464
125.772000,0.130464
125.784000,0.096448
125.800000,0.100087
125.816000,0.100087
125.832000,0.151739
125.844000,0.114461
125.860000,0.114461
125.876000,0.114461
125.892000,0.081163
125.904000,0.128086
125.920000,0.128086
125.936000,0.098393
125.952000,0.098393
125.964000,0.098393
125.980000,0.074243
125.996000,0.115427
126.012000,0.115427
126.024000,0.095315
126.040000,0.093297
126.056000,0.093297
126.072000,0.145716
126.084000,0.110090
126.100000,0.110090
126.116000,0.110090
126.132000,0.096269
126.144000,0.101318
126.160000,0.101318
126.176000,0.101318
126.192000,0.085802
126.204000,0.110075
126.220000,0.110075
126.236000,0.118459
126.252000,0.111689
126.264000,0.111689
126.280000,0.111689
126.296000,0.075333
126.312000,0.122857
126.324000,0.122857
126.340000,0.085053
126.356000,0.085053
126.372000,0.085053
126.384000,0.104196
126.400000,0.108360
126.416000,0.108360
126.432000,0.084601
126.444000,0.082696
126.460000,0.082696
126.476000,0.136574
126.492000,0.095202
126.504000,0.099039
126.520000,0.099039
126.536000,0.099039
126.552000,0.107987
126.564000,0.107987
126.580000,0.107987
126.596000,0.077214
126.612000,0.077214
126.624000,0.127083
126.640000,0.101688
126.656000,0.101688
126.672000,0.101688
126.684000,0.067304
126.700000,0.067304
126.716000,0.116708
126.732000,0.093712
126.744000,0.086274
126.760000,0.086274
126.776000,0.086274
126.792000,0.097068
126.804000,0.097068
126.820000,0.097068
126.836000,0.078391
126.852000,0.081636
126.864000,0.081636
126.880000,0.133390
126.896000,0.086895
126.912000,0.086895
126.928000,0.086895
126.940000,0.066168
126.956000,0.107952
126.972000,0.107952
126.984000,0.072725
127.000000,0.071193
127.016000,0.071193
127.032000,0.119131
127.044000,0.091369
127.060000,0.080293
127.076000,0.080293
127.092000,0.080293
127.104000,0.095756
127.120000,0.095756
127.136000,0.095756
127.152000,0.066482
127.164000,0.066482
127.180000,0.066482
127.196000,0.110120
127.212000,0.078217
127.224000,0.078217
127.240000,0.078217
127.256000,0.066039
127.272000,0.109221
127.284000,0.109221
127.300000,0.087962
127.316000,0.078413
127.332000,0.078413
127.344000,0.078413
127.360000,0.092809
127.376000,0.092809
127.392000,0.092809
127.404000,0.072734
127.420000,0.068970
127.436000,0.112874
127.452000,0.086944
127.464000,0.086944
127.480000,0.086944
127.496000,0.086944
127.512000,0.096425
127.524000,0.096425
127.540000,0.096425
127.556000,0.071220
127.572000,0.073421
127.584000,0.120671
127.600000,0.120671
127.616000,0.083693
127.632000,0.083693
127.644000,0.083693
127.660000,0.071947
127.676000,0.113008
127.692000,0.113008
127.704000,0.113008
127.720000,0.078933
127.736000,0.078933
127.752000,0.127946
127.764000,0.104430
127.780000,0.104430
127.796000,0.104430
127.812000,0.067387
127.824000,0.109714
127.840000,0.109714
127.856000,0.109714
127.872000,0.087457
127.884000,0.087457
127.900000,0.087457
127.916000,0.098978
127.932000,0.098978
127.944000,0.098978
127.960000,0.074790
127.976000,0.067338
127.992000,0.110953
128.004000,0.110953
128.020000,0.085508
128.036000,0.085508
128.052000,0.085508
128.064000,0.120322
128.080000,0.113868
128.096000,0.113868
128.112000,0.078490
128.124000,0.078490
128.140000,0.078490
128.156000,0.128402
128.172000,0.097996
128.184000,0.097996
128.200000,0.097996
128.216000,0.070527
128.232000,0.109811
128.244000,0.109811
128.260000,0.114107
128.276000,0.082216
128.292000,0.082216
128.304000,0.133485
128.320000,0.098770
128.336000,0.098770
128.352000,0.098770
128.364000,0.075388
128.380000,0.068736
128.396000,0.109848
128.412000,0.109848
128.424000,0.085325
128.440000,0.085325
128.456000,0.085325
128.472000,0.106539
128.484000,0.100723
128.500000,0.100723
128.516000,0.100723
128.532000,0.079449
128.544000,0.126160
128.560000,0.126160
128.576000,0.083693
128.592000,0.083693
128.604000,0.083693
128.620000,0.064627
128.636000,0.105453
128.652000,0.105453
128.664000,0.105453
128.680000,0.072163
128.696000,0.072163
128.712000,0.121714
128.724000,0.092755
128.740000,0.092755
128.756000,0.092755
128.772000,0.072724
128.784000,0.109891
128.800000,0.109891
128.816000,0.109891
128.832000,0.076977
128.844000,0.076977
128.860000,0.076977
128.876000,0.092543
128.892000,0.092543
128.904000,0.092543
128.920000,0.069036
128.936000,0.069036
128.952000,0.118318
128.964000,0.118318
128.980000,0.079717
128.996000,0.079717
129.012000,0.079717
129.024000,0.054547
129.040000,0.096565
129.056000,0.096565
129.072000,0.073083
129.084000,0.067530
129.100000,0.067530
129.116000,0.083885
129.132000,0.083885
129.144000,0.083885
129.160000,0.083885
129.176000,0.056053
129.192000,0.101274
129.204000,0.101274
129.220000,0.068922
129.236000,0.068922
129.252000,0.068922
129.264000,0.057671
129.280000,0.096259
129.296000,0.096259
129.312000,0.096259
129.324000,0.066811
129.340000,0.065432
129.356000,0.115044
129.372000,0.115044
129.384000,0.072998
129.400000,0.072998
129.416000,0.072998
129.432000,0.101898
129.444000,0.101898
129.460000,0.101898
129.476000,0.068852
129.492000,0.063862
129.504000,0.114196
129.520000,0.085607
129.536000,0.084597
129.552000,0.084597
129.564000,0.124308
129.580000,0.096861
129.596000,0.096861
129.612000,0.096861
129.624000,0.066963
129.640000,0.066963
129.656000,0.116924
129.672000,0.093425
129.684000,0.087510
129.700000,0.087510
129.716000,0.062576
129.732000,0.108059
129.744000,0.108059
129.760000,0.108059
129.776000,0.066448
129.792000,0.066448
129.804000,0.117477
129.820000,0.087693
129.836000,0.087693
129.852000,0.087693
129.864000,0.087693
129.880000,0.057230
129.896000,0.103877
129.912000,0.103877
129.924000,0.076161
129.940000,0.076161
129.956000,0.076161
129.972000,0.104037
129.984000,0.097414
130.000000,0.097414
130.016000,0.066446
130.032000,0.088844
130.044000,0.088844
130.060000,0.154411
130.076000,0.088954
130.092000,0.083107
130.104000,0.083107
130.120000,0.083107
130.136000,0.100320
130.152000,0.100320
130.164000,0.100320
130.180000,0.066249
130.196000,0.061052
130.212000,0.109334
130.224000,0.109334
130.240000,0.077451
130.256000,0.071355
130.272000,0.071355
130.284000,0.124537
130.300000,0.098272
130.316000,0.098272
130.332000,0.098272
130.344000,0.054525
130.360000,0.051577
130.376000,0.090832
130.392000,0.076507
130.404000,0.074594
130.420000,0.074594
130.440000,0.074594
130.452000,0.088558
130.464000,0.088558
130.480000,0.088558
130.496000,0.073499
130.512000,0.064439
130.524000,0.113338
130.540000,0.113338
130.556000,0.070729
130.572000,0.070729
130.584000,0.070729
130.600000,0.051845
130.616000,0.091912
130.632000,0.091912
130.644000,0.091912
130.660000,0.060234
130.676000,0.060234
130.692000,0.110188
130.704000,0.079286
130.720000,0.073302
130.736000,0.073302
130.752000,0.049673
130.764000,0.086562
130.780000,0.086562
130.796000,0.086562
130.812000,0.061540
130.824000,0.061540
130.840000,0.061540
130.856000,0.091427
130.872000,0.110659
130.884000,0.110659
130.900000,0.110659
130.916000,0.056447
130.932000,0.099295
130.944000,0.099295
130.960000,0.075455
130.976000,0.075455
130.992000,0.075455
131.004000,0.092163
131.020000,0.079046
131.036000,0.079046
131.052000,0.079046
131.064000,0.064022
131.080000,0.059179
131.096000,0.109600
131.112000,0.075061
131.124000,0.069417
131.140000,0.069417
131.156000,0.069417
131.172000,0.093791
131.184000,0.087513
131.200000,0.087513
131.216000,0.087513
131.232000,0.062347
131.244000,0.113520
131.260000,0.113520
131.276000,0.080655
131.292000,0.075287
131.304000,0.075287
131.320000,0.057685
131.336000,0.102431
131.352000,0.102431
131.364000,0.092838
131.380000,0.066568
131.396000,0.066568
131.412000,0.119066
131.424000,0.082528
131.440000,0.082528
131.456000,0.082528
131.472000,0.062284
131.484000,0.107272
131.500000,0.107272
131.516000,0.073792
131.532000,0.073792
131.544000,0.073792
131.560000,0.073792
131.576000,0.098781
131.592000,0.098781
131.604000,0.098781
131.620000,0.064143
131.636000,0.064143
131.652000,0.114452
131.664000,0.097696
131.680000,0.086005
131.696000,0.086005
131.712000,0.086005
131.724000,0.108073
131.740000,0.108073
131.756000,0.108073
131.772000,0.076654
131.784000,0.076654
131.800000,0.076654
131.816000,0.086380
131.832000,0.086380
131.844000,0.086380
131.860000,0.086380
131.876000,0.056177
131.892000,0.103276
131.904000,0.103276
131.920000,0.075496
131.936000,0.075496
131.952000,0.075496
131.964000,0.107049
131.980000,0.093835
131.996000,0.093835
132.012000,0.093835
132.024000,0.063901
132.040000,0.063901
132.056000,0.115228
132.072000,0.085663
132.084000,0.079956
132.100000,0.079956
132.116000,0.060144
132.132000,0.107535
132.144000,0.107535
132.160000,0.107535
132.176000,0.065581
132.192000,0.065581
132.204000,0.116513
132.220000,0.086932
132.236000,0.086932
132.252000,0.086932
132.264000,0.071565
132.280000,0.062323
132.296000,0.110728
132.312000,0.110728
132.324000,0.077598
132.340000,0.077598
132.356000,0.077598
132.372000,0.101828
132.384000,0.101828
132.400000,0.101828
132.416000,0.068687
132.432000,0.068687
132.444000,0.118278
132.460000,0.118278
132.476000,0.085170
132.492000,0.085170
132.504000,0.085170
132.520000,0.067803
132.536000,0.112317
132.552000,0.112317
132.564000,0.084239
132.580000,0.074607
132.596000,0.074607
132.612000,0.123248
132.624000,0.095896
132.640000,0.095896
132.656000,0.095896
132.672000,0.073338
132.684000,0.113210
132.700000,0.113210
132.716000,0.088619
132.732000,0.088619
132.744000,0.088619
132.760000,0.088619
132.776000,0.100729
132.792000,0.100729
132.804000,0.100729
132.820000,0.080360
132.836000,0.080360
132.852000,0.127397
132.864000,0.127397
132.880000,0.100591
132.896000,0.100591
132.912000,0.100591
132.924000,0.121419
132.940000,0.121419
132.956000,0.121419
132.972000,0.092668
132.984000,0.087303
133.000000,0.087303
133.016000,0.137662
133.032000,0.102602
133.044000,0.102602
133.060000,0.102602
133.076000,0.078053
133.092000,0.118917
133.104000,0.118917
133.120000,0.092685
133.136000,0.092685
133.152000,0.092685
133.164000,0.146554
133.180000,0.098330
133.200000,0.098330
133.212000,0.098330
133.224000,0.080636
133.240000,0.102125
133.256000,0.158722
133.272000,0.107931
133.284000,0.096094
133.300000,0.096094
133.316000,0.096094
133.332000,0.123243
133.344000,0.123243
133.360000,0.123243
133.376000,0.086282
133.392000,0.080728
133.404000,0.132209
133.420000,0.102375
133.436000,0.102375
133.452000,0.102375
133.464000,0.102375
133.480000,0.067463
133.496000,0.112108
133.512000,0.112108
133.524000,0.091101
133.540000,0.091101
133.556000,0.091101
133.572000,0.115031
133.584000,0.102123
133.600000,0.102123
133.616000,0.102123
133.632000,0.077648
133.644000,0.128727
133.660000,0.128727
133.676000,0.098341
133.692000,0.092432
133.704000,0.092432
133.720000,0.070776
133.736000,0.120588
133.752000,0.120588
133.764000,0.120588
133.780000,0.072262
133.796000,0.072262
133.812000,0.120929
133.824000,0.097972
133.840000,0.125891
133.856000,0.125891
133.872000,0.076044
133.884000,0.114144
133.900000,0.114144
133.916000,0.114144
133.932000,0.111868
133.944000,0.111868
133.960000,0.111868
133.976000,0.103069
133.992000,0.090514
134.004000,0.090514
134.020000,0.090514
134.036000,0.072323
134.052000,0.125672
134.064000,0.125672
134.080000,0.083317
134.096000,0.083317
134.112000,0.083317
134.124000,0.118262
134.140000,0.118262
134.156000,0.118262
134.172000,0.079135
134.184000,0.079135
134.200000,0.079135
134.216000,0.093763
134.232000,0.093763
134.244000,0.093763
134.260000,0.072621
134.276000,0.070691
134.292000,0.122554
134.304000,0.122554
134.320000,0.078831
134.336000,0.078831
134.352000,0.078831
134.364000,0.101754
134.380000,0.094898
134.396000,0.094898
134.412000,0.068030
134.424000,0.062916
134.440000,0.062916
134.456000,0.115157
134.472000,0.083525
134.484000,0.083525
134.500000,0.083525
134.516000,0.059448
134.532000,0.103712
134.544000,0.103712
134.560000,0.103712
134.576000,0.065059
134.592000,0.065059
134.604000,0.119344
134.620000,0.080230
134.636000,0.080230
134.652000,0.080230
134.664000,0.063110
134.680000,0.057383
134.696000,0.111370
134.712000,0.073623
134.724000,0.067201
134.740000,0.067201
134.756000,0.067201
134.772000,0.090624
134.784000,0.083693
134.800000,0.083693
134.816000,0.051335
134.832000,0.051335
134.844000,0.104663
134.860000,0.104663
134.876000,0.072793
134.892000,0.066518
134.904000,0.066518
134.920000,0.066518
134.936000,0.085491
134.952000,0.085491
134.964000,0.085491
134.980000,0.051209
134.996000,0.046196
135.012000,0.097124
135.024000,0.073312
135.040000,0.078063
135.056000,0.078063
135.072000,0.078063
135.084000,0.084728
135.100000,0.084728
135.116000,0.084728
135.132000,0.061579
135.144000,0.054270
135.160000,0.054270
135.176000,0.110298
135.192000,0.068421
135.204000,0.068421
135.220000,0.068421
135.236000,0.052927
135.252000,0.107283
135.264000,0.107283
135.280000,0.107283
135.296000,0.059585
135.312000,0.059585
135.324000,0.097820
135.340000,0.097820
135.356000,0.097820
135.372000,0.055854
135.384000,0.051212
135.400000,0.051212
135.416000,0.085652
135.432000,0.106444
135.444000,0.106444
135.460000,0.106444
135.476000,0.053507
135.492000,0.103551
135.504000,0.103551
135.520000,0.069835
135.536000,0.069835
135.552000,0.069835
135.564000,0.124793
135.580000,0.088163
135.596000,0.088163
135.612000,0.088163
135.624000,0.060057
135.640000,0.060057
135.656000,0.109730
135.672000,0.109730
135.684000,0.075508
135.700000,0.075508
135.716000,0.075508
135.732000,0.100209
135.744000,0.100209
135.760000,0.100209
135.776000,0.069465
135.792000,0.061616
135.804000,0.107054
135.820000,0.107054
135.836000,0.090334
135.852000,0.090334
135.864000,0.090334
135.880000,0.059795
135.896000,0.099018
135.912000,0.099018
135.924000,0.080531
135.940000,0.073753
135.956000,0.073753
135.972000,0.126844
135.984000,0.090097
136.000000,0.090097
136.016000,0.090097
136.032000,0.072904
136.044000,0.072904
136.060000,0.120461
136.076000,0.089697
136.092000,0.084890
136.104000,0.084890
136.120000,0.084890
136.136000,0.098801
136.152000,0.092130
136.164000,0.092130
136.180000,0.081237
136.196000,0.072289
136.212000,0.117259
136.224000,0.117259
136.240000,0.088062
136.256000,0.082699
136.272000,0.082699
136.284000,0.104472
136.300000,0.102270
136.316000,0.102270
136.332000,0.102270
136.344000,0.072090
136.360000,0.072090
136.376000,0.119821
136.392000,0.089720
136.404000,0.089720
136.420000,0.089720
136.436000,0.067881
136.452000,0.105123
136.464000,0.105123
136.480000,0.105123
136.496000,0.080482
136.512000,0.080482
136.524000,0.132250
136.540000,0.108740
136.556000,0.100894
136.572000,0.100894
136.584000,0.100894
136.600000,0.070348
136.616000,0.118465
136.632000,0.118465
136.644000,0.084484
136.660000,0.084484
136.676000,0.084484
136.692000,0.106410
136.704000,0.106410
136.720000,0.106410
136.736000,0.106410
136.752000,0.064489
136.764000,0.108674
136.780000,0.108674
136.796000,0.084450
136.812000,0.084450
136.824000,0.084450
136.840000,0.061485
136.856000,0.103674
136.872000,0.103674
136.884000,0.095263
136.900000,0.081718
136.916000,0.081718
136.932000,0.135998
136.944000,0.092036
136.960000,0.084856
136.976000,0.084856
136.992000,0.064220
137.004000,0.110879
137.020000,0.110879
137.036000,0.089141
137.052000,0.083201
137.064000,0.083201
137.080000,0.062732
137.096000,0.104904
137.112000,0.104904
137.124000,0.104904
137.140000,0.062710
137.156000,0.059476
