49.864000,0.695646
49.880000,0.694540
49.896000,0.694540
49.908000,0.694540
49.924000,0.695623
49.940000,0.680686
49.956000,0.680686
49.968000,0.678297
49.984000,0.678297
50.000000,0.678297
50.016000,0.678875
50.028000,0.661780
50.044000,0.661780
50.060000,0.661780
50.076000,0.658985
50.092000,0.658985
50.104000,0.644636
50.120000,0.640985
50.136000,0.643344
50.148000,0.643344
50.164000,0.643344
50.180000,0.621210
50.196000,0.621210
50.208000,0.621210
50.224000,0.620058
50.240000,0.619681
50.256000,0.619681
50.268000,0.605799
50.284000,0.601304
50.300000,0.601304
50.316000,0.601304
50.328000,0.601003
50.344000,0.584453
50.360000,0.584453
50.376000,0.581103
50.388000,0.581030
50.404000,0.581030
50.420000,0.581030
50.436000,0.563633
50.448000,0.563633
50.464000,0.563633
50.480000,0.562145
50.496000,0.562145
50.508000,0.545191
50.524000,0.542842
50.540000,0.542652
50.556000,0.542652
50.568000,0.542652
50.584000,0.524949
50.600000,0.524949
50.616000,0.524949
50.628000,0.524614
50.644000,0.524614
50.660000,0.510467
50.676000,0.507925
50.688000,0.507925
50.704000,0.507925
50.720000,0.510762
50.736000,0.510762
50.748000,0.492683
50.764000,0.492099
50.780000,0.492481
50.796000,0.492481
50.808000,0.497631
50.824000,0.476864
50.840000,0.476864
50.856000,0.481217
50.868000,0.479748
50.884000,0.479748
50.900000,0.462044
50.916000,0.465403
50.928000,0.465403
50.944000,0.465403
50.960000,0.465403
50.976000,0.470201
50.988000,0.448910
51.004000,0.448910
51.020000,0.448910
51.036000,0.458633
51.048000,0.458633
51.064000,0.436093
51.080000,0.446998
51.096000,0.437738
51.108000,0.437738
51.124000,0.437738
51.140000,0.429507
51.156000,0.431663
51.168000,0.431663
51.184000,0.431663
51.200000,0.443428
51.216000,0.443428
51.228000,0.415372
51.244000,0.426942
51.260000,0.430019
51.276000,0.430019
51.288000,0.440960
51.304000,0.401127
51.320000,0.401127
51.336000,0.424976
51.348000,0.428689
51.364000,0.428689
51.380000,0.396930
51.396000,0.408529
51.408000,0.408529
51.424000,0.408529
51.440000,0.431372
51.456000,0.436338
51.468000,0.399623
51.484000,0.399623
51.500000,0.412456
51.516000,0.412456
51.528000,0.412456
51.544000,0.398661
51.560000,0.402956
51.576000,0.402956
51.588000,0.402769
51.604000,0.417332
51.620000,0.380136
51.636000,0.380136
51.648000,0.405684
51.664000,0.410513
51.680000,0.410513
51.696000,0.422342
51.708000,0.388472
51.724000,0.388472
51.740000,0.388472
51.756000,0.412919
51.768000,0.412919
51.784000,0.371797
51.800000,0.393925
51.816000,0.403723
51.828000,0.403723
51.844000,0.403723
51.860000,0.374875
51.876000,0.374875
51.888000,0.374875
51.904000,0.402251
51.920000,0.407959
51.936000,0.407959
51.948000,0.384731
51.964000,0.384731
51.980000,0.384731
51.996000,0.407038
52.008000,0.418433
52.024000,0.369714
52.040000,0.369714
52.056000,0.391067
52.068000,0.391067
52.084000,0.391067
52.100000,0.361115
52.116000,0.365877
52.128000,0.365877
52.144000,0.365877
52.160000,0.392267
52.176000,0.392267
52.188000,0.344783
52.204000,0.373572
52.220000,0.373572
52.236000,0.373572
52.248000,0.402699
52.264000,0.351808
52.280000,0.351808
52.296000,0.351808
52.308000,0.381779
52.324000,0.387759
52.340000,0.387759
52.356000,0.353268
52.368000,0.332429
52.384000,0.332429
52.400000,0.332429
52.416000,0.392869
52.428000,0.337691
52.444000,0.337691
52.460000,0.353974
52.476000,0.354780
52.488000,0.354780
52.504000,0.304878
52.520000,0.334313
52.536000,0.334313
52.548000,0.334313
52.564000,0.350508
52.580000,0.302819
52.596000,0.302819
52.608000,0.302819
52.624000,0.331707
52.640000,0.330850
52.656000,0.330850
52.668000,0.295636
52.684000,0.306622
52.700000,0.306622
52.716000,0.336566
52.728000,0.331926
52.744000,0.277377
52.760000,0.277377
52.776000,0.305231
52.788000,0.305231
52.804000,0.305231
52.820000,0.287723
52.836000,0.277973
52.848000,0.277973
52.864000,0.277973
52.880000,0.306352
52.896000,0.306352
52.908000,0.249100
52.924000,0.276360
52.940000,0.276360
52.956000,0.294133
52.968000,0.294446
52.984000,0.239694
53.000000,0.239694
53.016000,0.260701
53.028000,0.260701
53.044000,0.260701
53.060000,0.233346
53.076000,0.234665
53.088000,0.234665
53.104000,0.259673
53.120000,0.271830
53.136000,0.271830
53.148000,0.210640
53.164000,0.224955
53.180000,0.224955
53.196000,0.244202
53.208000,0.256180
53.224000,0.191826
53.240000,0.191826
53.256000,0.233365
53.268000,0.233365
53.284000,0.233365
53.300000,0.247099
53.316000,0.200739
53.328000,0.200739
53.344000,0.200739
53.360000,0.222339
53.376000,0.228426
53.388000,0.168689
53.404000,0.168689
53.420000,0.200249
53.436000,0.200249
53.448000,0.200249
53.464000,0.168172
53.480000,0.168172
53.496000,0.168172
53.508000,0.209375
53.524000,0.209375
53.540000,0.147024
53.556000,0.174319
53.568000,0.174319
53.584000,0.174319
53.600000,0.197671
53.616000,0.210722
53.628000,0.149374
53.644000,0.149374
53.660000,0.177218
53.676000,0.177218
53.688000,0.177218
53.704000,0.150871
53.720000,0.157373
53.736000,0.157373
53.748000,0.185613
53.764000,0.181137
53.780000,0.181137
53.796000,0.117180
53.808000,0.145146
53.824000,0.158205
53.840000,0.158205
53.856000,0.200413
53.868000,0.125244
53.884000,0.125244
53.900000,0.125244
53.916000,0.174438
53.928000,0.174438
53.944000,0.112658
53.960000,0.112658
53.976000,0.143413
53.988000,0.143413
54.004000,0.143413
54.020000,0.178812
54.036000,0.116790
54.048000,0.116790
54.064000,0.139596
54.080000,0.152756
54.096000,0.152756
54.108000,0.092008
54.124000,0.126246
54.140000,0.126246
54.156000,0.126246
54.168000,0.148969
54.184000,0.097044
54.200000,0.097044
54.216000,0.135726
54.228000,0.132246
54.244000,0.132246
54.260000,0.132246
54.276000,0.109134
54.288000,0.109134
54.304000,0.109134
54.320000,0.143462
54.336000,0.145500
54.348000,0.091093
54.364000,0.091093
54.380000,0.132679
54.396000,0.132679
54.408000,0.132679
54.424000,0.102786
54.440000,0.104371
54.456000,0.104371
54.468000,0.117358
54.484000,0.129023
54.500000,0.087037
54.516000,0.111305
54.528000,0.107684
54.544000,0.107684
54.560000,0.107684
54.576000,0.151213
54.588000,0.106911
54.604000,0.106911
54.620000,0.123358
54.636000,0.122276
54.648000,0.122276
54.664000,0.096333
54.680000,0.123384
54.696000,0.123384
54.708000,0.123384
54.724000,0.139952
54.740000,0.141246
54.756000,0.112425
54.768000,0.112425
54.784000,0.137801
54.800000,0.137801
54.816000,0.137801
54.828000,0.122737
54.844000,0.125269
54.860000,0.125269
54.876000,0.139470
54.888000,0.143580
54.904000,0.126351
54.920000,0.133940
54.936000,0.134201
54.948000,0.134201
54.964000,0.134201
54.980000,0.135303
54.996000,0.135303
55.008000,0.135303
55.024000,0.142796
55.040000,0.145863
55.056000,0.145863
55.068000,0.138564
55.084000,0.144153
55.100000,0.144153
55.116000,0.144153
55.128000,0.152491
55.144000,0.145450
55.160000,0.145450
55.176000,0.154581
55.188000,0.158120
55.204000,0.158120
55.220000,0.150892
55.236000,0.149826
55.248000,0.149826
55.264000,0.149826
55.280000,0.162457
55.296000,0.162457
55.308000,0.151819
55.324000,0.151819
55.340000,0.151774
55.356000,0.151774
55.368000,0.151774
55.384000,0.149987
55.400000,0.150292
55.416000,0.150292
55.428000,0.152372
55.444000,0.154214
55.460000,0.154214
55.476000,0.149339
55.488000,0.149881
55.504000,0.149881
55.520000,0.149881
55.536000,0.153256
55.548000,0.149577
55.564000,0.149577
55.580000,0.148488
55.596000,0.150608
55.608000,0.150608
55.624000,0.147803
55.640000,0.142458
55.656000,0.143486
55.668000,0.143486
55.684000,0.143486
55.700000,0.151024
55.716000,0.151024
55.728000,0.151024
55.744000,0.137732
55.760000,0.137732
55.776000,0.137732
55.788000,0.130404
55.804000,0.129890
55.820000,0.129890
55.836000,0.137535
55.848000,0.140425
55.864000,0.131017
55.880000,0.131017
55.896000,0.128684
55.908000,0.128684
55.924000,0.128684
55.940000,0.126681
55.956000,0.126263
55.968000,0.126263
55.984000,0.126263
56.000000,0.128828
56.016000,0.128828
56.028000,0.126716
56.044000,0.121616
56.060000,0.122465
56.076000,0.122465
56.088000,0.122465
56.104000,0.118426
56.120000,0.118426
56.136000,0.118426
56.148000,0.119711
56.164000,0.119711
56.180000,0.117696
56.196000,0.110477
56.208000,0.110621
56.224000,0.110621
56.240000,0.110621
56.256000,0.122138
56.268000,0.113599
56.284000,0.113599
56.300000,0.113599
56.316000,0.113342
56.328000,0.113342
56.344000,0.106133
56.360000,0.102165
56.376000,0.102057
56.388000,0.102057
56.404000,0.102057
56.420000,0.097287
56.436000,0.097287
56.448000,0.097287
56.464000,0.096653
56.480000,0.096653
56.496000,0.096653
56.508000,0.094973
56.524000,0.091912
56.540000,0.091912
56.556000,0.096288
56.568000,0.091329
56.584000,0.103689
56.600000,0.103689
56.616000,0.089019
56.628000,0.089019
56.644000,0.089019
56.660000,0.085921
56.676000,0.084185
56.688000,0.084185
56.704000,0.084185
56.720000,0.092861
56.736000,0.092861
56.748000,0.082255
56.764000,0.082255
56.780000,0.082255
56.796000,0.084227
56.808000,0.086533
56.824000,0.086705
56.840000,0.086705
56.856000,0.080754
56.868000,0.080754
56.884000,0.080754
56.900000,0.082701
56.916000,0.080262
56.928000,0.080262
56.944000,0.080262
56.960000,0.081254
56.976000,0.081254
56.988000,0.084780
57.004000,0.077028
57.020000,0.075514
57.036000,0.075514
57.048000,0.075514
57.064000,0.077364
57.080000,0.077364
57.096000,0.077364
57.108000,0.077875
57.124000,0.079955
57.140000,0.079955
57.156000,0.077224
57.168000,0.077454
57.184000,0.077454
57.200000,0.077454
57.216000,0.083967
57.228000,0.082720
57.244000,0.082720
57.260000,0.076955
57.276000,0.076955
57.288000,0.093437
57.304000,0.077555
57.320000,0.077555
57.336000,0.077555
57.348000,0.081978
57.364000,0.086728
57.380000,0.086728
57.396000,0.086728
57.408000,0.076691
57.424000,0.076691
57.440000,0.076691
57.456000,0.085769
57.468000,0.085769
57.484000,0.085769
57.500000,0.085769
57.516000,0.087337
57.528000,0.097417
57.544000,0.097417
57.560000,0.088802
57.576000,0.088802
57.588000,0.088802
57.604000,0.099371
57.620000,0.096850
57.636000,0.096850
57.648000,0.091691
57.664000,0.091691
57.680000,0.113913
57.696000,0.113913
57.708000,0.097968
57.724000,0.098564
57.740000,0.098564
57.756000,0.095825
57.768000,0.111469
57.784000,0.111469
57.800000,0.111469
57.816000,0.096211
57.828000,0.096211
57.844000,0.119415
57.860000,0.122646
57.876000,0.104310
57.888000,0.104310
57.904000,0.103267
57.920000,0.105899
57.936000,0.119212
57.948000,0.119212
57.964000,0.111230
57.980000,0.111230
57.996000,0.111230
58.008000,0.116960
58.024000,0.116960
58.040000,0.116960
58.056000,0.111166
58.068000,0.109933
58.084000,0.128966
58.100000,0.128966
58.116000,0.113275
58.128000,0.113275
58.144000,0.113275
58.160000,0.127119
58.176000,0.123655
58.188000,0.123655
58.204000,0.123655
58.220000,0.112475
58.236000,0.112475
58.248000,0.132442
58.264000,0.121127
58.280000,0.121127
58.296000,0.121127
58.308000,0.116669
58.324000,0.124790
58.340000,0.124790
58.356000,0.117424
58.368000,0.117718
58.384000,0.117718
58.400000,0.117718
58.416000,0.121475
58.428000,0.121475
58.444000,0.121475
58.460000,0.115674
58.476000,0.114844
58.488000,0.136036
58.504000,0.120196
58.520000,0.117836
58.536000,0.117836
58.548000,0.117836
58.564000,0.124423
58.580000,0.124423
58.596000,0.113832
58.608000,0.111707
58.624000,0.111707
58.640000,0.111707
58.656000,0.119259
58.668000,0.119259
58.684000,0.119259
58.700000,0.115647
58.716000,0.118142
58.728000,0.124196
58.744000,0.124196
58.760000,0.117505
58.776000,0.117505
58.788000,0.117505
58.804000,0.120080
58.820000,0.120080
58.836000,0.120080
58.848000,0.120080
58.864000,0.118068
58.880000,0.129849
58.896000,0.118183
58.908000,0.116985
58.924000,0.116985
58.940000,0.116985
58.956000,0.121588
58.968000,0.120705
58.984000,0.120705
59.000000,0.115940
59.016000,0.115688
59.028000,0.115688
59.044000,0.129103
59.060000,0.117535
59.076000,0.117535
59.088000,0.117535
59.104000,0.121355
59.120000,0.121355
59.136000,0.120866
59.148000,0.117378
59.164000,0.117378
59.180000,0.117378
59.196000,0.122075
59.208000,0.117868
59.224000,0.117868
59.240000,0.117868
59.256000,0.118786
59.268000,0.118786
59.284000,0.120936
59.300000,0.113932
59.316000,0.113768
59.328000,0.113768
59.344000,0.113768
59.360000,0.113523
59.376000,0.113523
59.388000,0.113523
59.404000,0.112353
59.420000,0.116239
59.436000,0.116239
59.448000,0.113073
59.464000,0.113416
59.480000,0.113416
59.496000,0.113416
59.508000,0.125091
59.524000,0.114997
59.540000,0.114997
59.556000,0.115034
59.568000,0.115034
59.584000,0.115034
59.600000,0.120303
59.616000,0.114102
59.628000,0.114102
59.644000,0.114102
59.660000,0.117735
59.676000,0.117735
59.688000,0.119592
59.704000,0.112683
59.720000,0.112225
59.736000,0.112225
59.748000,0.112225
59.764000,0.114144
59.780000,0.114144
59.796000,0.114144
59.808000,0.109960
59.824000,0.109960
59.840000,0.122992
59.856000,0.109117
59.868000,0.109117
59.884000,0.109117
59.900000,0.108838
59.916000,0.110083
59.928000,0.115050
59.944000,0.106209
59.960000,0.106461
59.976000,0.106461
59.988000,0.106461
60.004000,0.105622
60.020000,0.105953
60.036000,0.105953
60.048000,0.105953
60.064000,0.105980
60.080000,0.105980
60.096000,0.108190
60.108000,0.099558
60.124000,0.099558
60.140000,0.099558
60.156000,0.106006
60.168000,0.100559
60.184000,0.100559
60.200000,0.100559
60.216000,0.099759
60.228000,0.099759
60.244000,0.099115
60.260000,0.094292
60.276000,0.093406
60.288000,0.093406
60.304000,0.093406
60.320000,0.101674
60.336000,0.094068
60.348000,0.094068
60.364000,0.090613
60.380000,0.090145
60.396000,0.090145
60.408000,0.088931
60.424000,0.087969
60.440000,0.087969
60.456000,0.087969
60.468000,0.089468
60.484000,0.089468
60.500000,0.089468
60.516000,0.085620
60.528000,0.085620
60.544000,0.096727
60.560000,0.096727
60.576000,0.082843
60.588000,0.082843
60.604000,0.082843
60.620000,0.085256
60.636000,0.085256
60.648000,0.085256
60.664000,0.082179
60.680000,0.082541
60.696000,0.082541
60.708000,0.099445
60.724000,0.083931
60.740000,0.083931
60.756000,0.083931
60.768000,0.088803
60.784000,0.086026
60.800000,0.086026
60.816000,0.086026
60.828000,0.082476
60.844000,0.082476
60.860000,0.082476
60.876000,0.084318
60.888000,0.084318
60.904000,0.084318
60.920000,0.085349
60.936000,0.085605
60.948000,0.093059
60.964000,0.093059
60.980000,0.084317
60.996000,0.084317
61.008000,0.084317
61.024000,0.101326
61.040000,0.101326
61.056000,0.101326
61.068000,0.088317
61.084000,0.089475
61.100000,0.089475
61.116000,0.093622
61.128000,0.093586
61.144000,0.093586
61.160000,0.093586
61.176000,0.104336
61.188000,0.099224
61.204000,0.099224
61.220000,0.097119
61.236000,0.096688
61.248000,0.096688
61.264000,0.117334
61.280000,0.100559
61.296000,0.100450
61.308000,0.100450
61.324000,0.100450
61.340000,0.101692
61.360000,0.111569
61.368000,0.111569
61.384000,0.102334
61.400000,0.102334
61.416000,0.102334
61.428000,0.109926
61.444000,0.109926
61.460000,0.109926
61.476000,0.108590
61.488000,0.110100
61.504000,0.120162
61.520000,0.120162
61.536000,0.113660
61.548000,0.113660
61.564000,0.113660
61.580000,0.117024
61.596000,0.117298
61.608000,0.117298
61.624000,0.117298
61.640000,0.114485
61.656000,0.115643
61.668000,0.126214
61.684000,0.126214
61.700000,0.117084
61.716000,0.117084
61.728000,0.117084
61.744000,0.122019
61.760000,0.122019
61.776000,0.122019
61.788000,0.122019
61.804000,0.115060
61.820000,0.138025
61.836000,0.138025
61.848000,0.121899
61.864000,0.120850
61.880000,0.120850
61.896000,0.118582
61.908000,0.133744
61.924000,0.133744
61.940000,0.121708
61.956000,0.120889
61.968000,0.120889
61.984000,0.144657
62.000000,0.128042
62.016000,0.128042
62.028000,0.128042
62.044000,0.119088
62.060000,0.119006
62.076000,0.135154
62.088000,0.135154
62.104000,0.120617
62.120000,0.120617
62.136000,0.120617
62.148000,0.138413
62.164000,0.130375
62.180000,0.130375
62.196000,0.130375
62.208000,0.113500
62.224000,0.134650
62.240000,0.134650
62.256000,0.119253
62.268000,0.119253
62.284000,0.119253
62.300000,0.113555
62.316000,0.125998
62.328000,0.125998
62.344000,0.125998
62.360000,0.114505
62.376000,0.114505
62.388000,0.142480
62.404000,0.118477
62.420000,0.115638
62.436000,0.115638
62.448000,0.115638
62.464000,0.148144
62.480000,0.148144
62.496000,0.148144
62.508000,0.110119
62.524000,0.106392
62.540000,0.131220
62.556000,0.131220
62.568000,0.113674
62.584000,0.113674
62.600000,0.113674
62.616000,0.100932
62.628000,0.122059
62.644000,0.122059
62.660000,0.121487
62.676000,0.103887
62.688000,0.103887
62.704000,0.134031
62.720000,0.107831
62.736000,0.107831
62.748000,0.107831
62.764000,0.109284
62.780000,0.113724
62.796000,0.113724
62.808000,0.113724
62.824000,0.103138
62.840000,0.103138
62.856000,0.098004
62.868000,0.112900
62.884000,0.112900
62.900000,0.112900
62.916000,0.095924
62.928000,0.095924
62.944000,0.112999
62.960000,0.099982
62.976000,0.101544
62.988000,0.101544
63.004000,0.101544
63.020000,0.096728
63.116000,0.100798
63.132000,0.100798
63.148000,0.100798
63.164000,0.101430
63.176000,0.101430
63.192000,0.113303
63.208000,0.102173
63.224000,0.102173
63.236000,0.102173
63.252000,0.107709
63.268000,0.109091
63.284000,0.109091
63.296000,0.103438
63.312000,0.105689
63.328000,0.105689
63.344000,0.115352
63.356000,0.105990
63.372000,0.105990
63.388000,0.105990
63.404000,0.107991
63.416000,0.107991
63.432000,0.112902
63.448000,0.110905
63.464000,0.110905
63.476000,0.110905
63.492000,0.117386
63.508000,0.116994
63.524000,0.116994
63.536000,0.116994
63.552000,0.116920
63.568000,0.116920
63.584000,0.123752
63.596000,0.117514
63.612000,0.117117
63.628000,0.117117
63.644000,0.122155
63.656000,0.124850
63.672000,0.121327
63.688000,0.121327
63.704000,0.118369
63.716000,0.118369
63.732000,0.118369
63.748000,0.120205
63.764000,0.120205
63.776000,0.120205
63.792000,0.120205
63.808000,0.120969
63.824000,0.129184
63.836000,0.123871
63.852000,0.122596
63.868000,0.122596
63.884000,0.122596
63.896000,0.123437
63.912000,0.131996
63.928000,0.131996
63.944000,0.124028
63.956000,0.124028
63.972000,0.124028
63.988000,0.136985
64.004000,0.127011
64.016000,0.127011
64.032000,0.127011
64.048000,0.124865
64.064000,0.131710
64.076000,0.131710
64.092000,0.131710
64.108000,0.122138
64.124000,0.122138
64.136000,0.122138
64.152000,0.123925
64.168000,0.123925
64.184000,0.123925
64.196000,0.119888
64.212000,0.119608
64.228000,0.135829
64.244000,0.123684
64.256000,0.123684
64.272000,0.123684
64.288000,0.123684
64.304000,0.131717
64.316000,0.131717
64.332000,0.131717
64.348000,0.125015
64.364000,0.125015
64.376000,0.125015
64.392000,0.143546
64.408000,0.129157
64.424000,0.129157
64.436000,0.129157
64.452000,0.124328
64.468000,0.137676
64.484000,0.137676
64.496000,0.124986
64.512000,0.125046
64.528000,0.125046
64.544000,0.130324
64.556000,0.127636
64.572000,0.127636
64.588000,0.127636
64.604000,0.120121
64.616000,0.120121
64.632000,0.141196
64.648000,0.122463
64.664000,0.122463
64.676000,0.122463
64.692000,0.122463
64.708000,0.129746
64.724000,0.129746
64.736000,0.129746
64.752000,0.117313
64.768000,0.117313
64.784000,0.140267
64.796000,0.140267
64.812000,0.124717
64.828000,0.124717
64.844000,0.124717
64.856000,0.112486
64.872000,0.128150
64.888000,0.128150
64.904000,0.113389
64.916000,0.111339
64.932000,0.111339
64.948000,0.138553
64.964000,0.113456
64.976000,0.113456
64.992000,0.113456
65.008000,0.104708
65.024000,0.115969
65.036000,0.115969
65.052000,0.115969
65.068000,0.106805
65.084000,0.106805
65.096000,0.106805
65.112000,0.114024
65.128000,0.114024
65.144000,0.114024
65.156000,0.105511
65.172000,0.105544
65.188000,0.131519
65.204000,0.131519
65.216000,0.106130
65.232000,0.106130
65.248000,0.106130
65.264000,0.113466
65.276000,0.113466
65.292000,0.113466
65.312000,0.101899
65.324000,0.101634
65.336000,0.101634
65.352000,0.119645
65.368000,0.102901
65.384000,0.102901
65.396000,0.102901
65.412000,0.102745
65.428000,0.125245
65.444000,0.125245
65.456000,0.125245
65.472000,0.100869
65.492000,0.101321
65.504000,0.117438
65.516000,0.117438
65.532000,0.107629
65.548000,0.107629
65.564000,0.107629
65.576000,0.101851
65.592000,0.108755
65.608000,0.108755
65.624000,0.108755
65.636000,0.100390
65.652000,0.100390
65.668000,0.120648
65.684000,0.103063
65.696000,0.103063
65.712000,0.103063
65.728000,0.103063
65.744000,0.107977
65.756000,0.107977
65.772000,0.107977
65.788000,0.099765
65.804000,0.099476
65.816000,0.099476
65.832000,0.107545
65.848000,0.104801
65.864000,0.104801
65.876000,0.104801
65.892000,0.102080
65.908000,0.116958
65.924000,0.116958
65.936000,0.116958
65.952000,0.103314
65.968000,0.103314
65.984000,0.125395
65.996000,0.111141
66.012000,0.111141
66.028000,0.111141
66.044000,0.103337
66.056000,0.103885
66.072000,0.117377
66.088000,0.117377
66.104000,0.104797
66.116000,0.104797
66.132000,0.104797
66.148000,0.108480
66.164000,0.108480
66.176000,0.108480
66.192000,0.103385
66.208000,0.102783
66.224000,0.122449
66.236000,0.122449
66.252000,0.107625
66.268000,0.107625
66.284000,0.107625
66.296000,0.109582
66.312000,0.113428
66.328000,0.113428
66.344000,0.110823
66.356000,0.110823
66.372000,0.110823
66.388000,0.117586
66.404000,0.116253
66.416000,0.116253
66.432000,0.116253
66.448000,0.115009
66.464000,0.125939
66.476000,0.125939
66.492000,0.125939
66.508000,0.118519
66.524000,0.118519
66.536000,0.118519
66.552000,0.124602
66.568000,0.124602
66.584000,0.124602
66.596000,0.124602
66.612000,0.121470
66.628000,0.137827
66.644000,0.137827
66.656000,0.137827
66.672000,0.123797
66.688000,0.123797
66.704000,0.143530
66.716000,0.130510
66.732000,0.127460
66.748000,0.127460
66.764000,0.127460
66.776000,0.124515
66.792000,0.132014
66.808000,0.132014
66.824000,0.132014
66.836000,0.126602
66.852000,0.126602
66.868000,0.145234
66.884000,0.131699
66.896000,0.131699
66.912000,0.131699
66.928000,0.131999
66.944000,0.140630
66.956000,0.140630
66.972000,0.133066
66.988000,0.133286
67.004000,0.133286
67.016000,0.133286
67.032000,0.136909
67.048000,0.136909
67.064000,0.136909
67.076000,0.134107
67.092000,0.137876
67.108000,0.139104
67.124000,0.139104
67.136000,0.133381
67.152000,0.133381
67.168000,0.133381
67.184000,0.137353
67.196000,0.137353
67.212000,0.137353
67.228000,0.132960
67.244000,0.133099
67.256000,0.133099
67.272000,0.147943
67.288000,0.135111
67.304000,0.135111
67.316000,0.135111
67.332000,0.136315
67.348000,0.139926
67.364000,0.139926
67.376000,0.133851
67.392000,0.134832
67.408000,0.134832
67.424000,0.137942
67.436000,0.133480
67.452000,0.133480
67.468000,0.133480
67.484000,0.136053
67.496000,0.136053
67.512000,0.135845
67.528000,0.130633
67.544000,0.129944
67.556000,0.129944
67.572000,0.132686
67.588000,0.127834
67.604000,0.127834
67.616000,0.127834
67.632000,0.128187
67.648000,0.129500
67.664000,0.132695
67.676000,0.126379
67.692000,0.125462
67.708000,0.125462
67.724000,0.125462
67.736000,0.129404
67.752000,0.125859
67.768000,0.125859
67.784000,0.123083
67.796000,0.124985
67.812000,0.124985
67.828000,0.121408
67.844000,0.119154
67.856000,0.119154
67.872000,0.119154
67.888000,0.123958
67.904000,0.117554
67.916000,0.117554
67.936000,0.114164
67.948000,0.113373
67.964000,0.113373
67.976000,0.113373
67.992000,0.111166
68.008000,0.111166
68.024000,0.111166
68.036000,0.111032
68.052000,0.112673
68.068000,0.113933
68.084000,0.107425
68.096000,0.107425
68.112000,0.107425
68.128000,0.108791
68.144000,0.110947
68.156000,0.110947
68.172000,0.110947
68.188000,0.104677
68.204000,0.104677
68.216000,0.104677
68.232000,0.104196
68.248000,0.102538
68.264000,0.102538
68.276000,0.102326
68.292000,0.107905
68.308000,0.101920
68.324000,0.101920
68.336000,0.097636
68.352000,0.097636
68.368000,0.097636
68.384000,0.099050
68.396000,0.097188
68.412000,0.097188
68.428000,0.097188
68.444000,0.103854
68.456000,0.108218
68.472000,0.096916
68.488000,0.096916
68.504000,0.095689
68.516000,0.095689
68.532000,0.100965
68.548000,0.097199
68.564000,0.097199
68.576000,0.097199
68.592000,0.100652
68.608000,0.096739
68.624000,0.106219
68.636000,0.106219
68.652000,0.095908
68.668000,0.095908
68.684000,0.095908
68.696000,0.102338
68.712000,0.098397
68.728000,0.098397
68.744000,0.095048
68.756000,0.096153
68.772000,0.096153
68.788000,0.094995
68.804000,0.102756
68.816000,0.102756
68.832000,0.102756
68.848000,0.100951
68.864000,0.104385
68.876000,0.104385
68.892000,0.100769
68.908000,0.098986
68.924000,0.098986
68.936000,0.098986
68.952000,0.102829
68.968000,0.102829
68.984000,0.102829
68.996000,0.103360
69.012000,0.103360
69.028000,0.114860
69.044000,0.104362
69.056000,0.104814
69.072000,0.104814
69.088000,0.104814
69.104000,0.107887
69.116000,0.107887
69.132000,0.107887
69.148000,0.107882
69.164000,0.107882
69.176000,0.107882
69.192000,0.109892
69.212000,0.108850
69.224000,0.108850
69.236000,0.108850
69.252000,0.113043
69.268000,0.118592
69.284000,0.118592
69.296000,0.113552
69.312000,0.113552
69.328000,0.113552
69.344000,0.125042
69.356000,0.122806
69.372000,0.121010
69.388000,0.121010
69.404000,0.117685
69.416000,0.118851
69.432000,0.125593
69.448000,0.125593
69.464000,0.120257
69.476000,0.120257
69.492000,0.120257
69.508000,0.127732
69.524000,0.131346
69.536000,0.128502
69.552000,0.128502
69.568000,0.119652
69.584000,0.128440
69.596000,0.128440
69.612000,0.128440
69.628000,0.121021
69.644000,0.121021
69.656000,0.121021
69.672000,0.130407
69.688000,0.128302
69.704000,0.128302
69.716000,0.128302
69.732000,0.122847
69.748000,0.139678
69.764000,0.128413
69.776000,0.124108
69.792000,0.124108
69.808000,0.124108
69.824000,0.132188
69.836000,0.132188
69.852000,0.132188
69.868000,0.121044
69.884000,0.121044
69.896000,0.121044
69.912000,0.131777
69.928000,0.128631
69.944000,0.128631
69.956000,0.119280
69.972000,0.117679
69.988000,0.136233
70.004000,0.136233
70.016000,0.123488
70.032000,0.127861
70.048000,0.127861
70.064000,0.130913
70.076000,0.130913
70.092000,0.130913
70.108000,0.117221
70.124000,0.116167
70.136000,0.116167
70.152000,0.138841
70.168000,0.124208
70.184000,0.124208
70.196000,0.124208
70.212000,0.112372
70.228000,0.125740
70.244000,0.125740
70.256000,0.125740
70.272000,0.113659
70.288000,0.113659
70.304000,0.143582
70.316000,0.115742
70.332000,0.115742
70.348000,0.115742
70.364000,0.107169
70.376000,0.106223
70.392000,0.125187
70.408000,0.125187
70.424000,0.105341
70.436000,0.105341
70.452000,0.105341
70.468000,0.117271
70.484000,0.117271
70.496000,0.117271
70.512000,0.104948
70.528000,0.104623
70.544000,0.125430
70.556000,0.115449
70.572000,0.111086
70.588000,0.111086
70.604000,0.107764
70.616000,0.103383
70.632000,0.119006
70.648000,0.119006
70.664000,0.104592
70.676000,0.104592
70.692000,0.104592
70.708000,0.108164
70.724000,0.105726
70.736000,0.105726
70.752000,0.105726
70.768000,0.101260
70.784000,0.119782
70.796000,0.119782
70.812000,0.105258
70.828000,0.105258
70.844000,0.105258
70.856000,0.104194
70.872000,0.107579
70.888000,0.107579
70.904000,0.107579
70.916000,0.105485
70.932000,0.105485
70.948000,0.113760
70.964000,0.106331
70.976000,0.104994
70.992000,0.104994
71.008000,0.104994
71.024000,0.109413
71.036000,0.109413
71.052000,0.109413
71.068000,0.106515
71.084000,0.108834
71.096000,0.108834
71.112000,0.106758
71.128000,0.106758
71.144000,0.106758
71.156000,0.106758
71.172000,0.118231
71.188000,0.108690
71.204000,0.108690
71.216000,0.114252
71.232000,0.114252
71.248000,0.114252
71.264000,0.111702
71.276000,0.111702
71.292000,0.111702
71.308000,0.120675
71.324000,0.120675
71.336000,0.120675
71.352000,0.115436
71.368000,0.115436
71.384000,0.115436
71.396000,0.115436
71.412000,0.122440
71.428000,0.119898
71.444000,0.119898
71.456000,0.122229
71.472000,0.122229
71.488000,0.122229
71.504000,0.119233
71.516000,0.119364
71.532000,0.119364
71.548000,0.119364
71.564000,0.119782
71.576000,0.119782
71.592000,0.130728
71.608000,0.120321
71.624000,0.120321
71.636000,0.120321
71.652000,0.136396
71.668000,0.122667
71.684000,0.122667
71.696000,0.122004
71.712000,0.122781
71.728000,0.122781
71.744000,0.122872
71.756000,0.122872
71.772000,0.122872
71.788000,0.124194
71.804000,0.124194
71.816000,0.124194
71.832000,0.125455
71.848000,0.123012
71.864000,0.123012
71.876000,0.123012
71.892000,0.127904
71.908000,0.123096
71.924000,0.119836
71.936000,0.119836
71.952000,0.119104
71.968000,0.119104
71.984000,0.119180
71.996000,0.119781
72.012000,0.119781
72.028000,0.119781
72.044000,0.119160
72.056000,0.119160
72.072000,0.125553
72.088000,0.118284
72.104000,0.117893
72.116000,0.117893
72.132000,0.117644
72.148000,0.126307
72.164000,0.126307
72.176000,0.126307
72.192000,0.116276
72.208000,0.116276
72.224000,0.122198
72.236000,0.121027
72.252000,0.121027
72.268000,0.121027
72.284000,0.113798
72.296000,0.113798
72.312000,0.123463
72.328000,0.113957
72.344000,0.113957
72.356000,0.113957
72.372000,0.109120
72.388000,0.121123
72.404000,0.121123
72.416000,0.107130
72.432000,0.107130
72.448000,0.107130
72.464000,0.121323
72.476000,0.116800
72.492000,0.116800
72.508000,0.116800
72.524000,0.106531
72.536000,0.106531
72.552000,0.125275
72.568000,0.111701
72.584000,0.111701
72.596000,0.111701
72.612000,0.103819
72.628000,0.117129
72.644000,0.117129
72.656000,0.117129
72.672000,0.103031
72.688000,0.103031
72.704000,0.130754
72.716000,0.105469
72.732000,0.105469
72.748000,0.104031
72.764000,0.104031
72.776000,0.098040
72.792000,0.121505
72.808000,0.121505
72.824000,0.121505
72.836000,0.098783
72.852000,0.097017
72.868000,0.119201
72.884000,0.100126
72.896000,0.100126
72.912000,0.100126
72.928000,0.100126
72.944000,0.105612
72.956000,0.105612
72.972000,0.105612
72.988000,0.097555
73.004000,0.096614
73.016000,0.096614
73.032000,0.124135
73.048000,0.099218
73.064000,0.099218
73.076000,0.099218
73.092000,0.095887
73.108000,0.116971
73.124000,0.116971
73.136000,0.116971
73.152000,0.093901
73.168000,0.093901
73.184000,0.119023
73.196000,0.119023
73.212000,0.100111
73.228000,0.100111
73.244000,0.100111
73.256000,0.096906
73.272000,0.111665
73.288000,0.111665
73.304000,0.100856
73.316000,0.100267
73.332000,0.100267
73.348000,0.124539
73.364000,0.107658
73.376000,0.107658
73.392000,0.107658
73.408000,0.105985
73.424000,0.114895
73.436000,0.114895
73.452000,0.106926
73.468000,0.106926
73.484000,0.106926
73.496000,0.108386
73.512000,0.112190
73.528000,0.112190
73.544000,0.112190
73.556000,0.110180
73.572000,0.109635
73.588000,0.137210
73.604000,0.110802
73.616000,0.110802
73.632000,0.110802
73.648000,0.110802
73.664000,0.120380
73.676000,0.120380
73.692000,0.120380
73.708000,0.120138
73.724000,0.124224
73.736000,0.124224
73.752000,0.128462
73.768000,0.123622
73.784000,0.124715
73.796000,0.124715
73.812000,0.135303
73.828000,0.128025
73.844000,0.128025
73.856000,0.128025
73.872000,0.128035
73.888000,0.131608
73.904000,0.133126
73.916000,0.133126
73.932000,0.131989
73.948000,0.131989
73.964000,0.131989
73.976000,0.135039
73.992000,0.131163
74.008000,0.131163
74.024000,0.131130
74.036000,0.133329
74.052000,0.133329
74.068000,0.140859
74.084000,0.139408
74.096000,0.139408
74.112000,0.139408
74.128000,0.142419
74.144000,0.141213
74.156000,0.141213
74.172000,0.141213
74.188000,0.144497
74.204000,0.144497
74.216000,0.144497
74.232000,0.140606
74.248000,0.140606
74.264000,0.140606
74.276000,0.140606
74.292000,0.144181
74.308000,0.143749
74.324000,0.143749
74.336000,0.138658
74.352000,0.138658
74.368000,0.138658
74.384000,0.136693
74.396000,0.137187
74.412000,0.137187
74.428000,0.137187
74.444000,0.139359
74.456000,0.139359
74.472000,0.141955
74.488000,0.135921
74.504000,0.135921
74.516000,0.135921
74.532000,0.135921
74.548000,0.135054
74.564000,0.135054
74.576000,0.135054
74.592000,0.133895
74.608000,0.130017
74.624000,0.140996
74.636000,0.140996
74.652000,0.126135
74.668000,0.126135
74.684000,0.126135
74.696000,0.124200
74.712000,0.130900
74.728000,0.130900
74.744000,0.118215
74.756000,0.118215
74.772000,0.118215
74.788000,0.115627
74.804000,0.119707
74.816000,0.119707
74.832000,0.119707
74.848000,0.114332
74.864000,0.123624
74.876000,0.123624
74.892000,0.123624
74.908000,0.112129
74.924000,0.112129
74.936000,0.112129
74.952000,0.116501
74.968000,0.116501
74.984000,0.116501
74.996000,0.116501
75.012000,0.106190
75.028000,0.123852
75.044000,0.123852
75.056000,0.105693
75.072000,0.106635
75.088000,0.106635
75.104000,0.111380
75.116000,0.104460
75.132000,0.104460
75.148000,0.104460
75.164000,0.096379
75.176000,0.095799
75.192000,0.111987
75.208000,0.111987
75.224000,0.097482
75.236000,0.097482
75.252000,0.097482
75.268000,0.106622
75.284000,0.100741
75.296000,0.100741
75.312000,0.100741
75.328000,0.096493
75.344000,0.115284
75.356000,0.115284
75.372000,0.103254
75.388000,0.098957
75.404000,0.098957
75.416000,0.098957
75.432000,0.112304
75.448000,0.112304
75.464000,0.112304
75.476000,0.112304
75.492000,0.096987
75.508000,0.108330
75.524000,0.101397
75.536000,0.096599
75.552000,0.096599
75.568000,0.096599
75.584000,0.103918
75.596000,0.103918
75.612000,0.103918
75.628000,0.094757
75.644000,0.097425
75.656000,0.097425
75.672000,0.128303
75.688000,0.100655
75.704000,0.100655
75.716000,0.100655
75.732000,0.099304
75.748000,0.114148
75.764000,0.114148
75.776000,0.114148
75.792000,0.102118
75.808000,0.102118
75.824000,0.123267
75.836000,0.106879
75.852000,0.104290
75.868000,0.104290
75.884000,0.109218
75.896000,0.104867
75.912000,0.113584
75.928000,0.113584
75.944000,0.105000
75.956000,0.105000
75.972000,0.105000
75.988000,0.119348
76.004000,0.106289
76.016000,0.106289
76.032000,0.106289
76.048000,0.114056
76.064000,0.114609
76.076000,0.114609
76.092000,0.112863
76.108000,0.111351
76.124000,0.111351
76.136000,0.111351
76.152000,0.115667
76.168000,0.115667
76.184000,0.115667
76.196000,0.116089
76.212000,0.125017
76.228000,0.125017
76.244000,0.125017
76.256000,0.117590
76.272000,0.117590
76.288000,0.129213
76.304000,0.118634
76.316000,0.118634
76.332000,0.118634
76.348000,0.121383
76.364000,0.122706
76.376000,0.122706
76.392000,0.122706
76.408000,0.118264
76.424000,0.119720
76.436000,0.119720
76.452000,0.127662
76.468000,0.121384
76.484000,0.121384
76.496000,0.121384
76.512000,0.128081
76.528000,0.124582
76.544000,0.124582
76.556000,0.124582
76.572000,0.124336
76.588000,0.126006
76.604000,0.129423
76.616000,0.123642
76.632000,0.123236
76.648000,0.123236
76.664000,0.123236
76.676000,0.134749
76.692000,0.123595
76.708000,0.123595
76.724000,0.122841
76.736000,0.123682
76.752000,0.123682
76.768000,0.129557
76.784000,0.121589
76.796000,0.121589
76.812000,0.121589
76.828000,0.124472
76.844000,0.127310
76.856000,0.127310
76.872000,0.122444
76.888000,0.122444
76.904000,0.122444
76.916000,0.131218
76.932000,0.124863
76.948000,0.124863
76.964000,0.122367
76.976000,0.122367
76.992000,0.122367
77.008000,0.124704
77.024000,0.122560
77.036000,0.122560
77.052000,0.122560
77.068000,0.121884
77.084000,0.130304
77.096000,0.130304
77.112000,0.119546
77.128000,0.119721
77.144000,0.119721
77.156000,0.119721
77.172000,0.123854
77.188000,0.123854
77.204000,0.123854
77.216000,0.117903
77.232000,0.117903
77.248000,0.124468
77.264000,0.119076
77.276000,0.119076
77.292000,0.119076
77.308000,0.121006
77.324000,0.124178
77.336000,0.124178
77.352000,0.124178
77.368000,0.119181
77.384000,0.119181
77.396000,0.119181
77.412000,0.122472
77.428000,0.120736
77.444000,0.120736
77.456000,0.120736
77.476000,0.117480
77.488000,0.128632
77.504000,0.116941
77.516000,0.116254
77.532000,0.116254
77.548000,0.116254
77.564000,0.125530
77.576000,0.125530
77.592000,0.125530
77.608000,0.113825
77.624000,0.114085
77.636000,0.114085
77.652000,0.127866
77.668000,0.116196
77.684000,0.114870
77.696000,0.114870
77.712000,0.115476
77.728000,0.134003
77.744000,0.134003
77.756000,0.134003
77.772000,0.113414
77.788000,0.113696
77.804000,0.129362
77.816000,0.129362
77.832000,0.117212
77.848000,0.117212
77.864000,0.117212
77.876000,0.114907
77.892000,0.121270
77.908000,0.121270
77.924000,0.112414
77.936000,0.112414
77.952000,0.112414
77.968000,0.117935
77.984000,0.117935
77.996000,0.117935
78.012000,0.111793
78.028000,0.112775
78.044000,0.121914
78.056000,0.121914
78.072000,0.112455
78.088000,0.110775
78.104000,0.110775
78.116000,0.115483
78.132000,0.114352
78.148000,0.114352
78.164000,0.114352
78.176000,0.110047
78.192000,0.111710
78.208000,0.115642
78.224000,0.115642
78.236000,0.107911
78.252000,0.109190
78.268000,0.109190
78.284000,0.118333
78.296000,0.108962
78.312000,0.107838
78.328000,0.107838
78.344000,0.112717
78.356000,0.112717
78.372000,0.111411
78.388000,0.107627
78.404000,0.107474
78.416000,0.107474
78.432000,0.107474
78.448000,0.107255
78.464000,0.107255
78.476000,0.107255
78.492000,0.112004
78.508000,0.110169
78.524000,0.112821
78.536000,0.112821
78.552000,0.106979
78.568000,0.106979
78.584000,0.113711
78.596000,0.111649
78.612000,0.111051
78.628000,0.111051
78.644000,0.108404
78.656000,0.110230
78.672000,0.110230
78.688000,0.113633
78.704000,0.106880
78.716000,0.106880
78.732000,0.106880
78.748000,0.118234
78.764000,0.109241
78.776000,0.109241
78.792000,0.108280
78.808000,0.107520
78.824000,0.107520
78.836000,0.107520
78.852000,0.109056
78.868000,0.109056
78.884000,0.109056
78.896000,0.109518
78.912000,0.110962
78.928000,0.116784
78.944000,0.109652
78.956000,0.109652
78.972000,0.109652
78.988000,0.109652
79.004000,0.114598
79.016000,0.114598
79.032000,0.114598
79.048000,0.111560
79.064000,0.111560
79.076000,0.111560
79.092000,0.112008
79.108000,0.111980
79.124000,0.111980
79.136000,0.111980
79.152000,0.116274
79.168000,0.116452
79.184000,0.116452
79.196000,0.117507
79.212000,0.111830
79.228000,0.111830
79.244000,0.115012
79.256000,0.115012
79.272000,0.115012
79.288000,0.113236
79.304000,0.112233
79.316000,0.112233
79.332000,0.125806
79.348000,0.112808
79.364000,0.112808
79.376000,0.112808
79.392000,0.112515
79.408000,0.120935
79.424000,0.120935
79.436000,0.120935
79.452000,0.112391
79.468000,0.112391
79.484000,0.131619
79.496000,0.114695
79.512000,0.115092
79.528000,0.115092
79.544000,0.115092
79.556000,0.115277
79.572000,0.134252
79.588000,0.134252
79.604000,0.134252
79.616000,0.112826
79.632000,0.113508
79.648000,0.125299
79.664000,0.115057
79.676000,0.115057
79.692000,0.115057
79.708000,0.114994
79.724000,0.120683
79.736000,0.120683
79.752000,0.120683
79.768000,0.119422
79.784000,0.119422
79.796000,0.119422
79.812000,0.119583
79.828000,0.119583
79.844000,0.119583
79.856000,0.114682
79.872000,0.118534
79.888000,0.149982
79.904000,0.117011
79.916000,0.117011
79.932000,0.117011
79.948000,0.115989
79.964000,0.124708
79.976000,0.124708
79.992000,0.124708
80.008000,0.115884
80.024000,0.116361
80.036000,0.116361
80.052000,0.129913
80.068000,0.132750
80.084000,0.132750
80.096000,0.132750
80.112000,0.120916
80.128000,0.126035
80.144000,0.126035
80.156000,0.120108
80.172000,0.127286
80.188000,0.127286
80.204000,0.162936
80.216000,0.123126
80.232000,0.123126
80.248000,0.123126
80.264000,0.120019
80.276000,0.120821
80.292000,0.131815
80.308000,0.122652
80.324000,0.121575
80.336000,0.121575
80.352000,0.121575
80.368000,0.130434
80.384000,0.130434
80.396000,0.130434
80.412000,0.122401
80.428000,0.122401
80.444000,0.136730
80.456000,0.123264
80.472000,0.119871
80.488000,0.119871
80.504000,0.119871
80.516000,0.118758
80.532000,0.125141
80.548000,0.125141
80.564000,0.115808
80.576000,0.115141
80.592000,0.115141
80.608000,0.117229
80.624000,0.115266
80.636000,0.115266
80.652000,0.115266
80.668000,0.112654
80.684000,0.121551
80.696000,0.121551
80.712000,0.110430
80.728000,0.110094
80.744000,0.110094
80.756000,0.110094
80.772000,0.114106
80.788000,0.114106
80.804000,0.107972
80.816000,0.109317
80.832000,0.109317
80.852000,0.118170
80.864000,0.109466
80.876000,0.109466
80.892000,0.109466
80.908000,0.106231
80.924000,0.111980
80.936000,0.111980
80.952000,0.111980
80.968000,0.104404
80.984000,0.104404
80.996000,0.104404
81.012000,0.105001
81.028000,0.105001
81.044000,0.105001
81.056000,0.104104
81.072000,0.104104
81.088000,0.116576
81.104000,0.103104
81.116000,0.102759
81.132000,0.102759
81.148000,0.102759
81.164000,0.108831
81.176000,0.108831
81.192000,0.108831
81.208000,0.102484
81.224000,0.103413
81.236000,0.103413
81.252000,0.105264
81.268000,0.104895
81.284000,0.104895
81.296000,0.104895
81.312000,0.108853
81.328000,0.110564
81.344000,0.110564
81.356000,0.105454
81.372000,0.105454
81.388000,0.105454
81.404000,0.112608
81.416000,0.108719
81.432000,0.108719
81.448000,0.108719
81.464000,0.107250
81.476000,0.107250
81.492000,0.120894
81.508000,0.107695
81.524000,0.107695
81.536000,0.107695
81.552000,0.107695
81.568000,0.116231
81.584000,0.116231
81.596000,0.116231
81.612000,0.108920
81.628000,0.108920
81.644000,0.123723
81.656000,0.111114
81.672000,0.111114
81.688000,0.111114
81.704000,0.107518
81.716000,0.110626
81.732000,0.114914
81.752000,0.107444
81.764000,0.107444
81.776000,0.107444
81.792000,0.105924
81.808000,0.118434
81.824000,0.118434
81.836000,0.118434
81.852000,0.104911
81.868000,0.104911
81.884000,0.126257
81.896000,0.109643
81.912000,0.109643
81.928000,0.109643
81.944000,0.103869
81.956000,0.104770
81.972000,0.116364
81.988000,0.116364
82.004000,0.107712
82.016000,0.107712
82.032000,0.103469
82.048000,0.114997
82.064000,0.114997
82.076000,0.114997
82.096000,0.103254
82.108000,0.103254
82.124000,0.122200
82.136000,0.108676
82.152000,0.106410
82.168000,0.106410
82.184000,0.102704
82.196000,0.103089
82.212000,0.119026
82.228000,0.119026
82.244000,0.104914
82.256000,0.104914
82.272000,0.104914
82.288000,0.106642
82.304000,0.106642
82.316000,0.106642
82.332000,0.102841
82.348000,0.103678
82.364000,0.116242
82.376000,0.116242
82.392000,0.105019
82.408000,0.105019
82.424000,0.105019
82.436000,0.105471
82.452000,0.108078
82.468000,0.108078
82.484000,0.108078
82.496000,0.107411
82.512000,0.107411
82.528000,0.138841
82.544000,0.106045
82.556000,0.106045
82.572000,0.106045
82.588000,0.108281
82.604000,0.116703
82.616000,0.116703
82.632000,0.107033
82.648000,0.107033
82.664000,0.107033
82.676000,0.107033
82.692000,0.109520
82.708000,0.109520
82.724000,0.109520
82.736000,0.108276
82.752000,0.110917
82.768000,0.116414
82.784000,0.116414
82.796000,0.109519
82.812000,0.109153
82.828000,0.109153
82.844000,0.128835
82.856000,0.118952
82.872000,0.121475
82.888000,0.121475
82.904000,0.120997
82.916000,0.123968
82.932000,0.120065
82.948000,0.120065
82.964000,0.118933
82.976000,0.118933
82.992000,0.118933
83.008000,0.122645
83.028000,0.122645
83.036000,0.122645
83.052000,0.122434
83.068000,0.123665
83.084000,0.133270
83.096000,0.133270
83.112000,0.124564
83.128000,0.125284
83.144000,0.125284
83.156000,0.125284
83.172000,0.127642
83.188000,0.127642
83.204000,0.127642
83.216000,0.127642
83.232000,0.127430
83.248000,0.134148
83.264000,0.134148
83.276000,0.134148
83.292000,0.130626
83.308000,0.130626
83.324000,0.132093
83.336000,0.131038
83.352000,0.131038
83.368000,0.131038
83.384000,0.129931
83.396000,0.129931
83.412000,0.138306
83.428000,0.130262
83.444000,0.128843
83.456000,0.128843
83.472000,0.128843
83.488000,0.129894
83.504000,0.129894
83.516000,0.129894
83.532000,0.127975
83.548000,0.129735
83.564000,0.134763
83.576000,0.134763
83.592000,0.127597
83.608000,0.126921
83.624000,0.126921
83.636000,0.126921
83.652000,0.129656
83.668000,0.129656
83.684000,0.129656
83.696000,0.127806
83.712000,0.128539
83.728000,0.137776
83.744000,0.128270
83.756000,0.128107
83.772000,0.127678
83.788000,0.127678
83.804000,0.147204
83.816000,0.128302
83.832000,0.128302
83.848000,0.128302
83.864000,0.126904
83.876000,0.126904
83.892000,0.136598
83.908000,0.125842
83.924000,0.125587
83.936000,0.125587
83.952000,0.125587
83.968000,0.129729
83.984000,0.129729
83.996000,0.129729
84.012000,0.123679
84.028000,0.124713
84.044000,0.131014
84.056000,0.123671
84.072000,0.121560
84.088000,0.121560
84.104000,0.121164
84.116000,0.123719
84.132000,0.124977
84.148000,0.124977
84.164000,0.118581
84.176000,0.118459
84.192000,0.118459
84.208000,0.138557
84.224000,0.117069
84.236000,0.117069
84.252000,0.117069
84.268000,0.115145
84.284000,0.121352
84.296000,0.121352
84.312000,0.112298
84.328000,0.112272
84.344000,0.112272
84.356000,0.112272
84.372000,0.112051
84.388000,0.112051
84.404000,0.112051
84.416000,0.109962
84.432000,0.109962
84.448000,0.117336
84.464000,0.108903
84.476000,0.106861
84.492000,0.106861
84.508000,0.106861
84.524000,0.109362
84.536000,0.109362
84.552000,0.109362
84.568000,0.104912
84.584000,0.104400
84.596000,0.104400
84.612000,0.104000
84.628000,0.104000
84.644000,0.104000
84.656000,0.104000
84.672000,0.106596
84.688000,0.103561
84.704000,0.103561
84.716000,0.100339
84.732000,0.103976
84.748000,0.129798
84.764000,0.103230
84.776000,0.101077
84.792000,0.101077
84.808000,0.101077
84.824000,0.104140
84.836000,0.104140
84.852000,0.104140
84.868000,0.097739
84.884000,0.097031
84.896000,0.097031
84.912000,0.117824
84.928000,0.098761
84.944000,0.098761
84.956000,0.098761
84.972000,0.095953
84.988000,0.111325
85.004000,0.111325
85.016000,0.095556
85.032000,0.095556
85.048000,0.095556
85.064000,0.109279
85.076000,0.109279
85.092000,0.105684
85.108000,0.105684
85.124000,0.094412
85.136000,0.094412
85.152000,0.109968
85.168000,0.097484
85.184000,0.094067
85.196000,0.094067
85.212000,0.094067
85.228000,0.103307
85.244000,0.103307
85.256000,0.103307
85.272000,0.093454
85.288000,0.093454
85.304000,0.118447
85.316000,0.097142
85.332000,0.097142
85.348000,0.097142
85.364000,0.093021
85.376000,0.093552
85.392000,0.109029
85.408000,0.109029
85.424000,0.094738
85.436000,0.094738
85.452000,0.094738
85.468000,0.106628
85.484000,0.102350
85.496000,0.102350
85.512000,0.093841
85.528000,0.093841
85.544000,0.114079
85.556000,0.114079
85.572000,0.100275
85.588000,0.100275
85.604000,0.100275
85.616000,0.095157
85.632000,0.106801
85.648000,0.106801
85.664000,0.097522
85.676000,0.097522
85.692000,0.097522
85.708000,0.107965
85.724000,0.105366
85.736000,0.105366
85.752000,0.100171
85.768000,0.100171
85.784000,0.121111
85.796000,0.121111
85.812000,0.104141
85.828000,0.104141
85.844000,0.104141
85.856000,0.103601
85.872000,0.133985
85.888000,0.133985
85.904000,0.104535
85.916000,0.104970
85.932000,0.104206
85.948000,0.123273
85.964000,0.123273
85.976000,0.108097
85.992000,0.108097
86.008000,0.108097
86.024000,0.117088
86.036000,0.117088
86.052000,0.117088
86.068000,0.108961
86.084000,0.107925
86.096000,0.107925
86.112000,0.127040
86.128000,0.112501
86.144000,0.112501
86.156000,0.112501
86.172000,0.108846
86.188000,0.121558
86.204000,0.121558
86.216000,0.110366
86.232000,0.110366
86.248000,0.110366
86.264000,0.132958
86.276000,0.113001
86.292000,0.113001
86.308000,0.113001
86.324000,0.110908
86.336000,0.110908
86.352000,0.121907
86.368000,0.113733
86.384000,0.110644
86.396000,0.110644
86.412000,0.110644
86.428000,0.118351
86.444000,0.118351
86.456000,0.118351
86.472000,0.112901
86.488000,0.116244
86.504000,0.122142
86.516000,0.122142
86.532000,0.116194
86.548000,0.116194
86.564000,0.115524
86.576000,0.116616
86.592000,0.127298
86.608000,0.127298
86.624000,0.117424
86.636000,0.117424
86.652000,0.117424
86.668000,0.119710
86.684000,0.119710
86.696000,0.119710
86.712000,0.118633
86.728000,0.118633
86.744000,0.130286
86.756000,0.120281
86.772000,0.120281
86.788000,0.120281
86.804000,0.118454
86.816000,0.119469
86.832000,0.128345
86.848000,0.121263
86.864000,0.125273
86.876000,0.125273
86.892000,0.125273
86.908000,0.124592
86.924000,0.124592
86.936000,0.124592
86.952000,0.126294
86.968000,0.126294
86.984000,0.132791
86.996000,0.132791
87.012000,0.125564
87.028000,0.125564
87.044000,0.125564
87.056000,0.131395
87.072000,0.127385
87.088000,0.127385
87.104000,0.126661
87.116000,0.129735
87.132000,0.129735
87.148000,0.131564
87.164000,0.126462
87.176000,0.126462
87.192000,0.126462
87.208000,0.130357
87.224000,0.127013
87.236000,0.127013
87.252000,0.127013
87.268000,0.128077
87.284000,0.128077
87.296000,0.128077
87.312000,0.127604
87.328000,0.127604
87.344000,0.127604
87.356000,0.127604
87.372000,0.130555
87.388000,0.132031
87.404000,0.132031
87.416000,0.127321
87.432000,0.127321
87.448000,0.127321
87.464000,0.128547
87.476000,0.125946
87.492000,0.125946
87.508000,0.126569
87.524000,0.128314
87.536000,0.128314
87.552000,0.129364
87.568000,0.122313
87.584000,0.122313
87.596000,0.122313
87.612000,0.124717
87.628000,0.121969
87.644000,0.121969
87.656000,0.121969
87.672000,0.122397
87.688000,0.122397
87.704000,0.136086
87.716000,0.123573
87.732000,0.123573
87.748000,0.123573
87.764000,0.125217
87.776000,0.127037
87.792000,0.127118
87.808000,0.127118
87.824000,0.122572
87.836000,0.122572
87.852000,0.122572
87.868000,0.124546
87.884000,0.124546
87.896000,0.124546
87.912000,0.120611
87.928000,0.121872
87.944000,0.126217
87.956000,0.126217
87.972000,0.117827
87.988000,0.117827
88.004000,0.117827
88.016000,0.119768
88.032000,0.119242
88.048000,0.119242
88.064000,0.115790
88.076000,0.116456
88.092000,0.116456
88.108000,0.127408
88.124000,0.116587
88.136000,0.116587
88.152000,0.116587
88.168000,0.116587
88.184000,0.117960
88.196000,0.117960
88.212000,0.117960
88.228000,0.112490
88.244000,0.112497
88.256000,0.112497
88.272000,0.112243
88.288000,0.110192
88.304000,0.110192
88.316000,0.110192
88.332000,0.107558
88.348000,0.114371
88.364000,0.114371
88.376000,0.114371
88.392000,0.103585
88.408000,0.103585
88.424000,0.123014
88.436000,0.109358
88.452000,0.109640
88.468000,0.109640
88.484000,0.103436
88.496000,0.101177
88.512000,0.116185
88.528000,0.116185
88.544000,0.099545
88.556000,0.099545
88.572000,0.099545
88.588000,0.124879
88.604000,0.108383
88.616000,0.108383
88.632000,0.108383
88.648000,0.094543
88.664000,0.110139
88.676000,0.110139
88.692000,0.094130
88.708000,0.094130
88.724000,0.094130
88.736000,0.090142
88.752000,0.096190
88.768000,0.096190
88.784000,0.096190
88.796000,0.086639
88.812000,0.086639
88.828000,0.115575
88.844000,0.090968
88.856000,0.090968
88.872000,0.090968
88.888000,0.088910
88.904000,0.103367
88.916000,0.103367
88.932000,0.090581
88.948000,0.088834
88.964000,0.088834
88.976000,0.088834
88.992000,0.098645
89.008000,0.098645
89.024000,0.098645
89.036000,0.086876
89.052000,0.086520
89.068000,0.108035
89.084000,0.093013
89.096000,0.090324
89.112000,0.090324
89.128000,0.090324
89.144000,0.094837
89.156000,0.091692
89.172000,0.091692
89.188000,0.093324
89.204000,0.084800
89.220000,0.109377
89.232000,0.109377
89.248000,0.090003
89.264000,0.090003
89.276000,0.090003
89.292000,0.093994
89.308000,0.101501
89.324000,0.101501
89.336000,0.101501
89.352000,0.092799
89.368000,0.091871
89.384000,0.113074
89.396000,0.113074
89.412000,0.094785
89.428000,0.094785
89.444000,0.094785
89.456000,0.097434
89.472000,0.104062
89.488000,0.104062
89.504000,0.095951
89.516000,0.098035
89.532000,0.098035
89.548000,0.108955
89.564000,0.100604
89.576000,0.098825
89.592000,0.098825
89.608000,0.098430
89.624000,0.103934
89.636000,0.103934
89.652000,0.103934
89.668000,0.102202
89.684000,0.104675
89.696000,0.104675
89.712000,0.116496
89.728000,0.107865
89.744000,0.107568
89.756000,0.107568
89.772000,0.107568
89.788000,0.112843
89.804000,0.112843
89.816000,0.112843
89.832000,0.110453
89.848000,0.110453
89.864000,0.126544
89.876000,0.112869
89.892000,0.113322
89.908000,0.113322
89.924000,0.112321
89.936000,0.115320
89.952000,0.120071
89.968000,0.120071
89.984000,0.113423
89.996000,0.113423
90.012000,0.113423
90.028000,0.128630
90.048000,0.119188
90.056000,0.119188
90.072000,0.120192
90.088000,0.125572
90.104000,0.127745
90.116000,0.127745
90.132000,0.123747
90.148000,0.123747
90.164000,0.123747
90.176000,0.131583
90.192000,0.129973
90.208000,0.129973
90.224000,0.127857
90.236000,0.126786
90.252000,0.126786
90.268000,0.144036
90.284000,0.130372
90.296000,0.130372
90.312000,0.130372
90.328000,0.129241
90.344000,0.136027
90.356000,0.136027
90.372000,0.127794
90.388000,0.127889
90.404000,0.127889
90.416000,0.132995
90.432000,0.130101
90.448000,0.130101
90.464000,0.131204
90.476000,0.132098
90.492000,0.132098
90.508000,0.144380
90.524000,0.134907
90.536000,0.134907
90.552000,0.134907
90.568000,0.135421
90.584000,0.142598
90.596000,0.142598
90.612000,0.142598
90.628000,0.133560
90.644000,0.133560
90.656000,0.133560
90.672000,0.133739
90.688000,0.132337
90.704000,0.132337
90.716000,0.132337
90.732000,0.132958
90.748000,0.132541
90.764000,0.132541
90.776000,0.132541
90.792000,0.127367
90.808000,0.127367
90.824000,0.142171
90.836000,0.131548
90.852000,0.131548
90.868000,0.131548
90.884000,0.130920
90.896000,0.130920
90.912000,0.134578
90.928000,0.134578
90.944000,0.127385
90.956000,0.127385
90.972000,0.127385
90.988000,0.128848
91.004000,0.128848
91.016000,0.128848
91.032000,0.120682
91.048000,0.120682
91.064000,0.136214
91.076000,0.118340
91.092000,0.116919
91.108000,0.116919
91.124000,0.116919
91.136000,0.115507
91.152000,0.120238
91.168000,0.120238
91.184000,0.109071
91.196000,0.115708
91.212000,0.115708
91.228000,0.146899
91.244000,0.110074
91.256000,0.110074
91.272000,0.110074
91.288000,0.113191
91.304000,0.118735
91.316000,0.118735
91.332000,0.108382
91.356000,0.107204
91.364000,0.107204
91.376000,0.107204
91.392000,0.109900
91.408000,0.109900
91.424000,0.109900
91.436000,0.103664
91.452000,0.118414
91.468000,0.101778
91.484000,0.100789
91.496000,0.100789
91.512000,0.100789
91.528000,0.103494
91.544000,0.103494
91.556000,0.103494
91.572000,0.095416
91.588000,0.096194
91.604000,0.105575
91.616000,0.105575
91.632000,0.096465
91.648000,0.096465
91.664000,0.096465
91.676000,0.098956
91.692000,0.104370
91.708000,0.104370
91.724000,0.101537
91.736000,0.095543
91.752000,0.095543
91.768000,0.116059
91.784000,0.096773
91.796000,0.096773
91.812000,0.096773
91.828000,0.094863
91.844000,0.100173
91.856000,0.100173
91.872000,0.100173
91.888000,0.093512
91.904000,0.093512
91.916000,0.093512
91.932000,0.094801
91.948000,0.090834
91.964000,0.090834
91.976000,0.090834
91.992000,0.091329
92.008000,0.097916
92.024000,0.097916
92.036000,0.090558
92.052000,0.090881
92.068000,0.090881
92.084000,0.096892
92.096000,0.096892
92.112000,0.096892
92.128000,0.094842
92.144000,0.097519
92.156000,0.097519
92.172000,0.106722
92.188000,0.097659
92.204000,0.097659
92.216000,0.097659
92.232000,0.096575
92.248000,0.109088
92.264000,0.109088
92.276000,0.109088
92.292000,0.098342
92.308000,0.096395
92.324000,0.115603
92.336000,0.115603
92.352000,0.096489
92.368000,0.096489
92.384000,0.096489
92.396000,0.095712
92.412000,0.117762
92.428000,0.117762
92.444000,0.100911
92.456000,0.100911
92.472000,0.100911
92.488000,0.105642
92.504000,0.105642
92.516000,0.105642
92.532000,0.105642
92.548000,0.105169
92.564000,0.111820
92.576000,0.111820
92.592000,0.103882
92.608000,0.103973
92.624000,0.103973
92.636000,0.103973
92.652000,0.109201
92.668000,0.109201
92.684000,0.109201
92.696000,0.102214
92.712000,0.102214
92.728000,0.127530
92.744000,0.102665
92.756000,0.102665
92.772000,0.102665
92.788000,0.101910
92.804000,0.119169
92.816000,0.119169
92.832000,0.103394
92.848000,0.103469
92.864000,0.103469
92.876000,0.103469
92.892000,0.115624
92.908000,0.112807
92.924000,0.112807
92.936000,0.112807
92.952000,0.105264
92.968000,0.122265
92.984000,0.122265
92.996000,0.111261
93.012000,0.111261
93.028000,0.111261
93.044000,0.113090
93.056000,0.109765
93.072000,0.109765
93.088000,0.109765
93.104000,0.109765
93.116000,0.102238
93.132000,0.118494
93.148000,0.118494
93.164000,0.116539
93.176000,0.116539
93.192000,0.116539
93.208000,0.115864
93.224000,0.115864
93.236000,0.115864
93.252000,0.102477
93.268000,0.102477
93.284000,0.119928
93.296000,0.113562
93.312000,0.110697
93.328000,0.110697
93.344000,0.103391
93.356000,0.103391
93.372000,0.122915
93.388000,0.105232
93.404000,0.105232
93.416000,0.105232
93.432000,0.102390
93.448000,0.115249
93.464000,0.115249
93.476000,0.115249
93.492000,0.101990
93.508000,0.101062
93.524000,0.122850
93.536000,0.122850
93.552000,0.101052
93.568000,0.101052
93.584000,0.101052
93.596000,0.098079
93.612000,0.110845
93.628000,0.110845
93.648000,0.103037
93.656000,0.101674
93.672000,0.101674
93.688000,0.110846
93.704000,0.109177
93.716000,0.109177
93.732000,0.109177
93.748000,0.106723
93.764000,0.116875
93.776000,0.116875
93.792000,0.106845
93.808000,0.107280
93.824000,0.107280
93.836000,0.107280
93.852000,0.108970
93.868000,0.108970
93.884000,0.108970
93.896000,0.105266
93.912000,0.106345
93.928000,0.116653
93.944000,0.105164
93.956000,0.105164
93.972000,0.105164
93.988000,0.111339
94.004000,0.108865
94.016000,0.108865
94.032000,0.108865
94.048000,0.112520
94.064000,0.112520
94.076000,0.112520
94.092000,0.123176
94.108000,0.115029
94.124000,0.115029
94.136000,0.115029
94.152000,0.118220
94.168000,0.126013
94.184000,0.126013
94.196000,0.118322
94.212000,0.118322
94.228000,0.118322
94.244000,0.121489
94.256000,0.121489
94.272000,0.121489
94.288000,0.121141
94.304000,0.121362
94.316000,0.121362
94.332000,0.147224
94.348000,0.120502
94.364000,0.120511
94.376000,0.120511
94.392000,0.123496
94.408000,0.121568
94.424000,0.121568
94.436000,0.121568
94.452000,0.130500
94.468000,0.130500
94.484000,0.137423
94.496000,0.137423
94.512000,0.132394
94.528000,0.132394
94.544000,0.132394
94.556000,0.138755
94.572000,0.140527
94.588000,0.140527
94.604000,0.139583
94.616000,0.139583
94.632000,0.139583
94.648000,0.139931
94.664000,0.139931
94.676000,0.139931
94.692000,0.138872
94.708000,0.138219
94.724000,0.148481
94.736000,0.148481
94.752000,0.137799
94.768000,0.137799
94.784000,0.137799
94.796000,0.137862
94.812000,0.136909
94.828000,0.136909
94.844000,0.140973
94.856000,0.140973
94.872000,0.140973
94.888000,0.151767
94.904000,0.142280
94.916000,0.142280
94.932000,0.142280
94.948000,0.141960
94.964000,0.149227
94.976000,0.149227
94.992000,0.149227
95.008000,0.139502
95.024000,0.139502
95.036000,0.139912
95.052000,0.141752
95.068000,0.141752
95.084000,0.135580
95.096000,0.135580
95.112000,0.135580
95.128000,0.139100
95.144000,0.136296
95.156000,0.136296
95.172000,0.136296
95.188000,0.128106
95.204000,0.141089
95.216000,0.141089
95.232000,0.124930
95.248000,0.126994
95.264000,0.126994
95.276000,0.126994
95.292000,0.131938
95.308000,0.130113
95.324000,0.130113
95.336000,0.122221
95.352000,0.121848
95.368000,0.134678
95.384000,0.134678
95.396000,0.122019
95.412000,0.119248
95.428000,0.119248
95.444000,0.123071
95.456000,0.119716
95.472000,0.119716
95.488000,0.119716
95.504000,0.108790
95.516000,0.108790
95.532000,0.129217
95.548000,0.107379
95.564000,0.108753
95.576000,0.108753
95.592000,0.101195
95.608000,0.111533
95.624000,0.111533
95.636000,0.111533
95.652000,0.101176
95.668000,0.100613
95.684000,0.120856
95.696000,0.122948
95.712000,0.100981
95.728000,0.100981
95.744000,0.100981
95.756000,0.099804
95.772000,0.127538
95.788000,0.127538
95.804000,0.094378
95.816000,0.094605
95.832000,0.094605
95.848000,0.095312
95.864000,0.095312
95.876000,0.095312
95.892000,0.090844
95.908000,0.090410
95.924000,0.106098
95.936000,0.106098
95.952000,0.088471
95.968000,0.088471
95.984000,0.088471
95.996000,0.093034
96.012000,0.084062
96.028000,0.084062
96.044000,0.084062
96.056000,0.089773
96.072000,0.087883
96.088000,0.098075
96.104000,0.086675
96.116000,0.086935
96.132000,0.086935
96.148000,0.096054
96.164000,0.104843
96.176000,0.104843
96.192000,0.104843
96.208000,0.089946
96.224000,0.089946
96.236000,0.089946
96.252000,0.087636
96.268000,0.087636
96.284000,0.087636
96.296000,0.091292
96.312000,0.091292
96.328000,0.093816
96.344000,0.086741
96.356000,0.087871
96.372000,0.087871
96.388000,0.087871
96.404000,0.088071
96.420000,0.088071
96.432000,0.088071
96.448000,0.098109
96.464000,0.098109
96.476000,0.098109
96.492000,0.095160
96.508000,0.094505
96.524000,0.094505
96.536000,0.100906
96.552000,0.107602
96.568000,0.100921
96.584000,0.100921
96.596000,0.099182
96.612000,0.099988
96.628000,0.099988
96.644000,0.103247
96.656000,0.103247
96.672000,0.103247
96.688000,0.103247
96.704000,0.111875
96.716000,0.116296
96.732000,0.106180
96.748000,0.106180
96.764000,0.105688
96.776000,0.105688
96.792000,0.105688
96.808000,0.107576
96.824000,0.107141
96.836000,0.107141
96.852000,0.107141
96.868000,0.109479
96.884000,0.126969
96.896000,0.126969
96.912000,0.118276
96.928000,0.118276
96.944000,0.118276
96.956000,0.125102
96.972000,0.123730
96.988000,0.123730
97.004000,0.123730
97.016000,0.122054
97.032000,0.123506
97.048000,0.130712
97.064000,0.123852
97.076000,0.123222
97.092000,0.123222
97.108000,0.123222
97.124000,0.126359
97.136000,0.127922
97.152000,0.127922
97.168000,0.127922
97.184000,0.125747
97.196000,0.125747
97.212000,0.131371
97.228000,0.131371
97.244000,0.126331
97.256000,0.126331
97.272000,0.126331
97.288000,0.134439
97.304000,0.134439
97.316000,0.134439
97.332000,0.129722
97.348000,0.129628
97.364000,0.146835
97.376000,0.146835
97.392000,0.132753
97.408000,0.132788
97.424000,0.132788
97.436000,0.132788
97.452000,0.135658
97.468000,0.135658
97.484000,0.135658
97.496000,0.130313
97.512000,0.128922
97.528000,0.145467
97.544000,0.130813
97.556000,0.129302
97.572000,0.129302
97.588000,0.129302
97.604000,0.135128
97.616000,0.135128
97.632000,0.135128
97.648000,0.129080
97.664000,0.128593
97.676000,0.128593
97.692000,0.151235
97.708000,0.134106
97.724000,0.134106
97.736000,0.134106
97.752000,0.129626
97.768000,0.147721
97.784000,0.147721
97.796000,0.147721
97.812000,0.130611
97.828000,0.130611
97.844000,0.154650
97.856000,0.139301
97.872000,0.136125
97.888000,0.136125
97.908000,0.125708
97.916000,0.126562
97.932000,0.134157
97.948000,0.134157
97.964000,0.125988
97.976000,0.124333
97.992000,0.124333
98.008000,0.147711
98.024000,0.126835
98.036000,0.126835
98.052000,0.126835
98.068000,0.122840
98.084000,0.144389
98.096000,0.144389
98.112000,0.123089
98.128000,0.123089
98.144000,0.123089
98.156000,0.123089
98.172000,0.129747
98.188000,0.129747
98.204000,0.129747
98.216000,0.119956
98.232000,0.119956
98.248000,0.142056
98.264000,0.130087
98.276000,0.130087
98.292000,0.130087
98.308000,0.116813
98.324000,0.127038
98.336000,0.127038
98.352000,0.116678
98.368000,0.128001
98.384000,0.128001
98.396000,0.113131
98.412000,0.122423
98.428000,0.122423
98.444000,0.113539
98.456000,0.112904
98.472000,0.112904
98.488000,0.123933
98.504000,0.122657
98.516000,0.118870
98.532000,0.118870
98.548000,0.118870
98.564000,0.125041
98.576000,0.125041
98.592000,0.125041
98.608000,0.110199
98.624000,0.110199
98.636000,0.110199
98.652000,0.113998
98.668000,0.115297
98.684000,0.115297
98.696000,0.115297
98.712000,0.111112
98.728000,0.113511
98.744000,0.113511
98.756000,0.106704
98.772000,0.106824
98.788000,0.106824
98.804000,0.110616
98.816000,0.110616
98.832000,0.110616
98.848000,0.106659
98.864000,0.105940
98.876000,0.105940
98.892000,0.121925
98.908000,0.107225
98.924000,0.107225
98.936000,0.107225
98.952000,0.113340
98.968000,0.111401
98.984000,0.111401
98.996000,0.112483
99.012000,0.107411
99.028000,0.107411
99.044000,0.120832
99.056000,0.107622
99.072000,0.107622
99.088000,0.107622
99.104000,0.110237
99.116000,0.110237
99.132000,0.113626
99.148000,0.108710
99.164000,0.108710
99.176000,0.108710
99.192000,0.108710
99.208000,0.107470
99.224000,0.107470
99.236000,0.107470
99.252000,0.115771
99.268000,0.115771
99.288000,0.114349
99.296000,0.114349
99.312000,0.112430
99.328000,0.112430
99.344000,0.129614
99.356000,0.129614
99.372000,0.115131
99.392000,0.115131
99.404000,0.117802
99.416000,0.117839
99.432000,0.117839
99.448000,0.123135
99.464000,0.117533
99.476000,0.117533
99.492000,0.117533
99.508000,0.131206
99.524000,0.119660
99.536000,0.119660
99.552000,0.119660
99.568000,0.128338
99.584000,0.131794
99.596000,0.131794
99.612000,0.119626
99.628000,0.120782
99.644000,0.120782
99.656000,0.120782
99.672000,0.120782
99.688000,0.122030
99.704000,0.122030
99.716000,0.131898
99.732000,0.126398
99.748000,0.126398
99.764000,0.125323
99.776000,0.124184
99.792000,0.125960
99.808000,0.125960
99.824000,0.134178
99.836000,0.134672
99.852000,0.122481
99.868000,0.122481
99.884000,0.128917
99.896000,0.128917
99.912000,0.128917
99.928000,0.122689
99.944000,0.121132
99.956000,0.121132
99.972000,0.121132
99.988000,0.133535
100.004000,0.120559
100.016000,0.120559
100.032000,0.121048
100.048000,0.122279
100.064000,0.122279
100.076000,0.129654
100.092000,0.123146
100.108000,0.123146
100.124000,0.123146
100.136000,0.130734
100.152000,0.130734
100.168000,0.125302
100.184000,0.124797
100.196000,0.124797
100.212000,0.124797
100.228000,0.128149
100.244000,0.123417
100.256000,0.123417
100.272000,0.123417
100.288000,0.124996
100.304000,0.124996
100.316000,0.124996
100.332000,0.120582
100.348000,0.120333
100.364000,0.120333
100.376000,0.126082
100.392000,0.126082
100.408000,0.121308
100.424000,0.118186
100.436000,0.118623
100.452000,0.118623
100.468000,0.118623
100.484000,0.121053
100.496000,0.121053
100.512000,0.121053
100.528000,0.116540
100.544000,0.117736
100.556000,0.117736
100.572000,0.125104
100.588000,0.114973
100.604000,0.114973
100.616000,0.114973
100.632000,0.114419
100.648000,0.123034
100.664000,0.123034
100.676000,0.111175
100.692000,0.110478
100.708000,0.110478
100.724000,0.111742
100.736000,0.112637
100.752000,0.112637
100.768000,0.112637
100.784000,0.105567
100.796000,0.105567
100.812000,0.115981
100.828000,0.115981
100.844000,0.103905
100.856000,0.103905
100.872000,0.103905
100.888000,0.111099
100.904000,0.109971
100.916000,0.109971
100.932000,0.109971
100.948000,0.102065
100.964000,0.116799
100.976000,0.116799
100.992000,0.115126
101.008000,0.115126
101.024000,0.115126
101.036000,0.099036
101.052000,0.113186
101.068000,0.113186
101.084000,0.098286
101.096000,0.098286
101.112000,0.098286
101.128000,0.104252
101.144000,0.105914
101.156000,0.105914
101.172000,0.105914
101.188000,0.093242
101.204000,0.132140
101.216000,0.132140
101.232000,0.097129
101.248000,0.095525
101.264000,0.095525
101.276000,0.095525
101.292000,0.122811
101.308000,0.101194
101.324000,0.101194
101.336000,0.101194
101.352000,0.094961
101.368000,0.110178
101.384000,0.110178
101.396000,0.097927
101.412000,0.097927
101.428000,0.097927
101.444000,0.098409
101.456000,0.098409
101.472000,0.098409
101.488000,0.098409
101.504000,0.093768
101.516000,0.093768
101.532000,0.117182
101.548000,0.097566
101.564000,0.097566
101.576000,0.097566
101.592000,0.093714
101.608000,0.109692
101.624000,0.109692
101.636000,0.100357
101.652000,0.096284
101.668000,0.096284
101.684000,0.105278
101.696000,0.120779
101.712000,0.120779
101.728000,0.120779
101.744000,0.096325
101.756000,0.096325
101.772000,0.116307
101.788000,0.100026
101.804000,0.100026
101.816000,0.100026
101.832000,0.100026
101.848000,0.102471
101.864000,0.102471
101.876000,0.102471
101.892000,0.098603
101.908000,0.098176
101.924000,0.120684
101.936000,0.120684
101.952000,0.099757
101.968000,0.099757
101.984000,0.099757
101.996000,0.102746
102.012000,0.102978
102.028000,0.102978
102.044000,0.102358
102.056000,0.103133
102.072000,0.103133
102.088000,0.121043
102.104000,0.108096
102.116000,0.108096
102.132000,0.107020
102.148000,0.107020
102.164000,0.130967
102.176000,0.130967
102.192000,0.130967
102.208000,0.109781
102.224000,0.109781
102.236000,0.109781
102.252000,0.113860
102.268000,0.112955
102.284000,0.112955
102.296000,0.112955
102.312000,0.116054
102.328000,0.118705
102.344000,0.118705
102.356000,0.118705
102.372000,0.115280
102.388000,0.115280
102.404000,0.124922
102.416000,0.115586
102.432000,0.116419
102.448000,0.116419
102.464000,0.116419
102.476000,0.126827
102.492000,0.120996
102.508000,0.120996
102.524000,0.120037
102.536000,0.119639
102.552000,0.119639
102.568000,0.132786
102.584000,0.121352
102.596000,0.121352
102.612000,0.121352
102.628000,0.121352
102.644000,0.124692
102.656000,0.124692
102.672000,0.124692
102.688000,0.122075
102.704000,0.120994
102.716000,0.120994
102.732000,0.135298
102.748000,0.121129
102.764000,0.120761
102.776000,0.120761
102.792000,0.120761
102.808000,0.121456
102.824000,0.121456
102.836000,0.121456
102.852000,0.123282
102.868000,0.121729
102.884000,0.132694
102.896000,0.132694
102.912000,0.122524
102.928000,0.122524
102.944000,0.122524
102.956000,0.124893
102.972000,0.126202
102.988000,0.126202
103.004000,0.122883
103.016000,0.124565
103.032000,0.124565
103.048000,0.129615
103.064000,0.122680
103.076000,0.122680
103.092000,0.122680
103.108000,0.124065
103.124000,0.124884
103.136000,0.124884
103.152000,0.124884
103.168000,0.118475
103.184000,0.118475
103.196000,0.118475
103.212000,0.116715
103.228000,0.116390
103.244000,0.116390
103.256000,0.116390
103.272000,0.122445
103.288000,0.121968
103.304000,0.121968
103.316000,0.117550
103.332000,0.118165
103.348000,0.118165
103.364000,0.118877
103.376000,0.116617
103.392000,0.116617
103.408000,0.119632
103.424000,0.122693
103.436000,0.122693
103.452000,0.118234
103.468000,0.113562
103.484000,0.113562
103.496000,0.113562
103.512000,0.121262
103.528000,0.113810
103.544000,0.113810
103.556000,0.110581
103.572000,0.110703
103.588000,0.110703
103.604000,0.109120
103.616000,0.109120
103.632000,0.109120
103.648000,0.113059
103.664000,0.113059
103.676000,0.113059
103.692000,0.113539
103.708000,0.113539
103.724000,0.113539
103.736000,0.113539
103.752000,0.120473
103.768000,0.116300
103.784000,0.116300
103.796000,0.113030
103.812000,0.113030
103.828000,0.113030
103.844000,0.118228
103.856000,0.118228
103.872000,0.118228
103.888000,0.116349
103.904000,0.116349
103.916000,0.116349
103.932000,0.115357
103.948000,0.112688
103.964000,0.112688
103.976000,0.112688
103.992000,0.115746
104.008000,0.117601
104.024000,0.117601
104.036000,0.112318
104.052000,0.113291
104.068000,0.113291
104.084000,0.122943
104.096000,0.113233
104.112000,0.113233
104.128000,0.113233
104.144000,0.116023
104.156000,0.118271
104.172000,0.118112
104.188000,0.112842
104.204000,0.111789
104.216000,0.111789
104.232000,0.111789
104.248000,0.112278
104.264000,0.112278
104.276000,0.112278
104.292000,0.110848
104.308000,0.110067
104.324000,0.126538
104.336000,0.126538
104.352000,0.109475
104.368000,0.109475
104.384000,0.109475
104.396000,0.109136
104.412000,0.111747
104.428000,0.111747
104.444000,0.111747
104.456000,0.109352
104.472000,0.108000
104.488000,0.122607
104.508000,0.110726
104.516000,0.108600
104.532000,0.108600
104.548000,0.108600
104.564000,0.113674
104.576000,0.113674
104.592000,0.113674
104.608000,0.108547
104.624000,0.108547
104.636000,0.108547
104.652000,0.108494
104.668000,0.108494
104.684000,0.108494
104.696000,0.109190
104.712000,0.106190
104.728000,0.115905
104.744000,0.115905
104.756000,0.104238
104.772000,0.104238
104.788000,0.104238
104.804000,0.104833
104.816000,0.102823
104.832000,0.102823
104.848000,0.102823
104.864000,0.104825
104.876000,0.104825
104.892000,0.116136
104.908000,0.105235
104.924000,0.105235
104.936000,0.105235
104.952000,0.107002
104.968000,0.115839
104.984000,0.115839
104.996000,0.115839
105.012000,0.104705
105.028000,0.106222
105.044000,0.113898
105.056000,0.113898
105.072000,0.103629
105.088000,0.103629
105.104000,0.103083
105.116000,0.105554
105.132000,0.111642
105.148000,0.111642
105.164000,0.102651
105.176000,0.102651
105.192000,0.102651
105.208000,0.104217
105.224000,0.104217
105.236000,0.104217
105.252000,0.103426
105.268000,0.102826
105.284000,0.124946
105.296000,0.124946
105.312000,0.106634
105.328000,0.106634
105.344000,0.106634
105.356000,0.105085
105.372000,0.120463
105.388000,0.120463
105.404000,0.105455
105.416000,0.104929
105.432000,0.104929
105.448000,0.124571
105.464000,0.111941
105.476000,0.111941
105.492000,0.111941
105.508000,0.104176
105.524000,0.116156
105.536000,0.116156
105.552000,0.116156
105.568000,0.105826
105.584000,0.105826
105.596000,0.105826
105.612000,0.111176
105.628000,0.107908
105.644000,0.107908
105.656000,0.104056
105.672000,0.103811
105.688000,0.125487
105.704000,0.125487
105.716000,0.107938
105.732000,0.107938
105.748000,0.107938
105.764000,0.137067
105.776000,0.117425
105.792000,0.117425
105.808000,0.117425
105.824000,0.104913
105.836000,0.104913
105.852000,0.117239
105.868000,0.106120
105.884000,0.104711
105.896000,0.104711
105.912000,0.105373
105.928000,0.114779
105.944000,0.114779
105.956000,0.114779
105.972000,0.103005
105.988000,0.103374
106.004000,0.116725
106.016000,0.116725
106.032000,0.115584
106.048000,0.115584
106.064000,0.115584
106.076000,0.108834
106.092000,0.113438
106.108000,0.111253
106.124000,0.111253
106.136000,0.110053
106.152000,0.107624
106.168000,0.133491
106.184000,0.110117
106.196000,0.110381
106.212000,0.110381
106.228000,0.110381
106.244000,0.112332
106.256000,0.111247
106.272000,0.111247
106.288000,0.110845
106.304000,0.109995
106.316000,0.109995
106.332000,0.128579
106.348000,0.112271
106.364000,0.112271
106.376000,0.112271
106.392000,0.114168
106.408000,0.120038
106.424000,0.120038
106.436000,0.120038
106.452000,0.117996
106.468000,0.117996
106.484000,0.120450
106.496000,0.115177
106.512000,0.117728
106.528000,0.117728
106.544000,0.119687
106.556000,0.122375
106.572000,0.119457
106.588000,0.119457
106.604000,0.117485
106.616000,0.117485
106.632000,0.117485
106.648000,0.118262
106.664000,0.118262
106.676000,0.118262
106.692000,0.118262
106.708000,0.121391
106.724000,0.124319
106.736000,0.124319
106.752000,0.120189
106.768000,0.120189
106.784000,0.120189
106.796000,0.130200
106.812000,0.119761
106.828000,0.119761
106.844000,0.127121
106.856000,0.127121
106.872000,0.127121
106.888000,0.125666
106.904000,0.122916
106.916000,0.122916
106.932000,0.122916
106.948000,0.133652
106.964000,0.125549
106.976000,0.125549
106.992000,0.125549
107.008000,0.125836
107.024000,0.125836
107.036000,0.125836
107.052000,0.125589
107.068000,0.125589
107.084000,0.125589
107.096000,0.127122
107.112000,0.127122
107.128000,0.130249
107.144000,0.130249
107.156000,0.125867
107.172000,0.129762
107.188000,0.129762
107.204000,0.130194
107.216000,0.126808
107.232000,0.126808
107.248000,0.126808
107.264000,0.130290
107.276000,0.130290
107.292000,0.128598
107.308000,0.125018
107.324000,0.126712
107.336000,0.126712
107.352000,0.126712
107.368000,0.125255
107.384000,0.124428
107.396000,0.124428
107.412000,0.127770
107.432000,0.127770
107.444000,0.128227
107.456000,0.128227
107.472000,0.123331
107.488000,0.123331
107.504000,0.124812
107.516000,0.127225
107.532000,0.125538
107.548000,0.125538
107.564000,0.120833
107.576000,0.120833
107.596000,0.123865
107.608000,0.124954
107.624000,0.124954
107.636000,0.124954
107.652000,0.118587
107.668000,0.117836
107.684000,0.131643
107.696000,0.117273
107.712000,0.117273
107.728000,0.117273
107.744000,0.116827
107.756000,0.116827
107.772000,0.122936
107.788000,0.113982
107.804000,0.113315
107.816000,0.113315
107.832000,0.113315
107.848000,0.116412
107.864000,0.116412
107.876000,0.116412
107.892000,0.110531
107.908000,0.110083
107.924000,0.126313
107.936000,0.110676
107.952000,0.108537
107.968000,0.108537
107.984000,0.108537
107.996000,0.108700
108.012000,0.114873
108.028000,0.114873
108.044000,0.114873
108.056000,0.104236
108.072000,0.104236
108.088000,0.121192
108.104000,0.107122
108.116000,0.103724
108.132000,0.103724
108.148000,0.103880
108.164000,0.106032
108.176000,0.106032
108.192000,0.106032
108.208000,0.106032
108.224000,0.099082
108.236000,0.099082
108.252000,0.108740
108.268000,0.096767
108.284000,0.096767
108.296000,0.096767
108.312000,0.101288
108.328000,0.099354
108.344000,0.099354
108.356000,0.094263
108.372000,0.093928
108.388000,0.093928
108.404000,0.100583
108.416000,0.095789
108.432000,0.095789
108.448000,0.095789
108.464000,0.092455
108.476000,0.092455
108.492000,0.103517
108.508000,0.090909
108.524000,0.090909
108.536000,0.090909
108.552000,0.090909
108.568000,0.093233
108.584000,0.093233
108.596000,0.093233
108.612000,0.089464
108.628000,0.089464
108.644000,0.102227
108.656000,0.090002
108.672000,0.089318
108.688000,0.089318
108.704000,0.093150
108.716000,0.101467
108.732000,0.090295
108.748000,0.090295
108.764000,0.088744
108.776000,0.088744
108.792000,0.088744
108.808000,0.093804
108.824000,0.093804
108.836000,0.093804
108.852000,0.090255
108.868000,0.089175
108.884000,0.105544
108.896000,0.105544
108.912000,0.090351
108.928000,0.090351
108.944000,0.090351
108.956000,0.095762
108.972000,0.098382
108.988000,0.098382
109.004000,0.090725
109.016000,0.091401
109.032000,0.091401
109.048000,0.109254
109.064000,0.097172
109.076000,0.097172
109.092000,0.097172
109.108000,0.093512
109.124000,0.106469
109.136000,0.106469
109.152000,0.096159
109.168000,0.095651
109.184000,0.095651
109.196000,0.095651
109.212000,0.102879
109.228000,0.101019
109.244000,0.101019
109.256000,0.101019
109.272000,0.097720
109.288000,0.112449
109.304000,0.112449
109.316000,0.099271
109.332000,0.099271
109.348000,0.099271
109.364000,0.107638
109.376000,0.105351
109.392000,0.105351
109.408000,0.105351
109.424000,0.101349
109.436000,0.101349
109.452000,0.120190
109.468000,0.106471
109.484000,0.105018
109.496000,0.105018
109.512000,0.105375
109.528000,0.112570
109.544000,0.112570
109.556000,0.112570
109.572000,0.106218
109.588000,0.106218
109.604000,0.132206
109.616000,0.114238
109.632000,0.114238
109.648000,0.114238
109.664000,0.108454
109.676000,0.109086
109.692000,0.123387
109.708000,0.123387
109.724000,0.111688
109.736000,0.111688
109.752000,0.111688
109.768000,0.122127
109.784000,0.122127
109.796000,0.122127
109.812000,0.114292
109.828000,0.113982
109.844000,0.135660
109.856000,0.135660
109.872000,0.120712
109.888000,0.120712
109.904000,0.120712
109.916000,0.118677
109.932000,0.126594
109.948000,0.126594
109.964000,0.120204
109.976000,0.120204
109.992000,0.120204
110.008000,0.130599
110.024000,0.127901
110.036000,0.127901
110.052000,0.127901
110.068000,0.117832
110.084000,0.137491
110.096000,0.137491
110.112000,0.137491
110.128000,0.118759
110.144000,0.118759
110.156000,0.118759
110.172000,0.123415
110.188000,0.123415
110.204000,0.123415
110.216000,0.123415
110.232000,0.117944
110.248000,0.134824
110.264000,0.134824
110.276000,0.119325
110.292000,0.118462
110.308000,0.118462
110.324000,0.122806
110.336000,0.126442
110.352000,0.126442
110.368000,0.117725
110.384000,0.118661
110.396000,0.118661
110.412000,0.128858
110.428000,0.120452
110.444000,0.118592
110.456000,0.118592
110.472000,0.118591
110.488000,0.119954
110.504000,0.119954
110.516000,0.119954
110.532000,0.117066
110.548000,0.117066
110.564000,0.121921
110.576000,0.115086
110.592000,0.114441
110.608000,0.114441
110.624000,0.116179
110.636000,0.114830
110.652000,0.125199
110.668000,0.114523
110.684000,0.113318
110.696000,0.113318
110.712000,0.113318
110.728000,0.127827
110.744000,0.127827
110.756000,0.127827
110.772000,0.114048
110.788000,0.114048
110.804000,0.121628
110.816000,0.114113
110.832000,0.113136
110.852000,0.113136
110.864000,0.113136
110.876000,0.118948
110.892000,0.113640
110.908000,0.113640
110.924000,0.116030
110.936000,0.116030
110.952000,0.116030
110.968000,0.113128
110.984000,0.112861
110.996000,0.112861
111.012000,0.112861
111.028000,0.117160
111.044000,0.117745
111.056000,0.117745
111.072000,0.117745
111.088000,0.114649
111.104000,0.114649
111.116000,0.114649
111.132000,0.113960
111.148000,0.113614
111.164000,0.113614
111.176000,0.113614
111.192000,0.120523
111.208000,0.118262
111.224000,0.118262
111.236000,0.113793
111.252000,0.114703
111.268000,0.114703
111.284000,0.123113
111.296000,0.113220
111.312000,0.113220
111.328000,0.113220
111.344000,0.116926
111.356000,0.119430
111.372000,0.115777
111.388000,0.115777
111.404000,0.112337
111.416000,0.112337
111.432000,0.112337
111.448000,0.112073
111.464000,0.112073
111.476000,0.112073
111.492000,0.113573
111.508000,0.113573
111.524000,0.120887
111.536000,0.111150
111.552000,0.111677
111.568000,0.111677
111.584000,0.112652
111.596000,0.114600
111.612000,0.116244
111.628000,0.116244
111.644000,0.110697
111.656000,0.110697
111.672000,0.110697
111.688000,0.129071
111.704000,0.115342
111.716000,0.115342
111.732000,0.111739
111.748000,0.114785
111.764000,0.117125
111.776000,0.117125
111.792000,0.111275
111.808000,0.111618
111.824000,0.111618
111.836000,0.111618
111.852000,0.112259
111.868000,0.112259
111.884000,0.112259
111.896000,0.112957
111.912000,0.114581
111.928000,0.118059
111.944000,0.111719
111.956000,0.112100
111.972000,0.112100
111.988000,0.116397
112.004000,0.118244
112.016000,0.118244
112.032000,0.118244
112.048000,0.113041
112.064000,0.113041
112.076000,0.113041
112.092000,0.116074
112.108000,0.116074
112.124000,0.116074
112.136000,0.115351
112.152000,0.117075
112.168000,0.120176
112.184000,0.114788
112.196000,0.114788
112.212000,0.114788
112.228000,0.115434
112.244000,0.120418
112.256000,0.120418
112.272000,0.120418
112.288000,0.115282
112.304000,0.115282
112.316000,0.115282
112.332000,0.131137
112.348000,0.116049
112.364000,0.116049
112.376000,0.116049
112.392000,0.116624
112.408000,0.123822
112.424000,0.123822
112.436000,0.123822
112.452000,0.116805
112.468000,0.116805
112.484000,0.127212
112.496000,0.118329
112.512000,0.116654
112.528000,0.116654
112.544000,0.116654
112.556000,0.119684
112.572000,0.122105
112.588000,0.122105
112.604000,0.122105
112.616000,0.120074
112.632000,0.120074
112.648000,0.123694
112.664000,0.118132
112.676000,0.117216
112.692000,0.117216
112.708000,0.118498
112.724000,0.123577
112.736000,0.123577
112.752000,0.123577
112.768000,0.116294
112.784000,0.116294
112.796000,0.116294
112.812000,0.117181
112.828000,0.117181
112.844000,0.117181
112.856000,0.117181
112.872000,0.117390
112.888000,0.130550
112.904000,0.130550
112.916000,0.118272
112.932000,0.118272
112.948000,0.118272
112.964000,0.125058
112.976000,0.125058
112.992000,0.125058
113.008000,0.119268
113.028000,0.119268
113.036000,0.119268
113.052000,0.121516
113.068000,0.122283
113.084000,0.122283
113.096000,0.122283
113.112000,0.118583
113.128000,0.130156
113.144000,0.130156
113.156000,0.119008
113.172000,0.119008
113.188000,0.119008
113.204000,0.124932
113.216000,0.122060
113.232000,0.122060
113.248000,0.118274
113.264000,0.118274
113.276000,0.118274
113.292000,0.130662
113.308000,0.118016
113.324000,0.118016
113.336000,0.118016
113.352000,0.119927
113.368000,0.126032
113.384000,0.126032
113.396000,0.126032
113.412000,0.117741
113.428000,0.117741
113.444000,0.126588
113.456000,0.118051
113.472000,0.118722
113.488000,0.118722
113.504000,0.116185
113.516000,0.116185
113.532000,0.125421
113.548000,0.114927
113.564000,0.114927
113.576000,0.114927
113.592000,0.114927
113.608000,0.114578
113.624000,0.114578
113.636000,0.114578
113.652000,0.114820
113.668000,0.114820
113.688000,0.123941
113.696000,0.116303
113.712000,0.113578
113.728000,0.113578
113.744000,0.113578
113.756000,0.117692
113.772000,0.119045
113.788000,0.119045
113.804000,0.112381
113.816000,0.113364
113.832000,0.113364
113.848000,0.124006
113.864000,0.113404
113.876000,0.113404
113.892000,0.113404
113.908000,0.113796
113.924000,0.116564
113.936000,0.116564
113.952000,0.116564
113.968000,0.110853
113.984000,0.111305
113.996000,0.111305
114.012000,0.124328
114.028000,0.110612
114.044000,0.110612
114.056000,0.110612
114.072000,0.115184
114.088000,0.111012
114.104000,0.111012
114.116000,0.107387
114.132000,0.107387
114.148000,0.107387
114.164000,0.120854
114.176000,0.105484
114.192000,0.105484
114.208000,0.105484
114.224000,0.111035
114.236000,0.111035
114.252000,0.108180
114.268000,0.103293
114.284000,0.103533
114.296000,0.103533
114.312000,0.108028
114.328000,0.105129
114.344000,0.105129
114.356000,0.105129
114.372000,0.103401
114.388000,0.103401
114.404000,0.111228
114.416000,0.101116
114.432000,0.100810
114.448000,0.100810
114.464000,0.100810
114.476000,0.108210
114.492000,0.101782
114.508000,0.101782
114.524000,0.102663
114.536000,0.099732
114.552000,0.099732
114.568000,0.113511
114.584000,0.099212
114.596000,0.099212
114.612000,0.099212
114.628000,0.100745
114.644000,0.102215
114.656000,0.102215
114.672000,0.102215
114.688000,0.099344
114.704000,0.099344
114.716000,0.099344
114.732000,0.099292
114.748000,0.098410
114.764000,0.098410
114.776000,0.098410
114.792000,0.100961
114.808000,0.106214
114.824000,0.106214
114.836000,0.097456
114.852000,0.097344
114.868000,0.097344
114.884000,0.099317
114.896000,0.099317
114.912000,0.099317
114.928000,0.099317
114.944000,0.101637
114.956000,0.101637
114.972000,0.102825
114.988000,0.097207
115.004000,0.097467
115.016000,0.097467
115.032000,0.097467
115.048000,0.101865
115.064000,0.101865
115.076000,0.101865
115.092000,0.096644
115.108000,0.096644
115.124000,0.117191
115.136000,0.099610
115.152000,0.098099
115.168000,0.098099
115.184000,0.097793
115.196000,0.097793
115.212000,0.110303
115.228000,0.100777
115.244000,0.100870
115.256000,0.100870
115.272000,0.100870
115.288000,0.103741
115.304000,0.103741
115.316000,0.103741
115.332000,0.094847
115.348000,0.094583
115.364000,0.116926
115.376000,0.116926
115.392000,0.096231
115.408000,0.095458
115.424000,0.095458
115.436000,0.095458
115.452000,0.100204
115.468000,0.100204
115.484000,0.100204
115.496000,0.094079
115.512000,0.095049
115.528000,0.107493
115.544000,0.095563
115.556000,0.095563
115.572000,0.095563
115.588000,0.095563
115.604000,0.103410
115.616000,0.103410
115.632000,0.103410
115.648000,0.095150
115.664000,0.095150
115.676000,0.095150
115.692000,0.098181
115.708000,0.098181
115.724000,0.098181
115.736000,0.096397
115.752000,0.099821
115.768000,0.104327
115.784000,0.097945
115.796000,0.097945
115.812000,0.097945
115.828000,0.097945
115.844000,0.106326
115.856000,0.106326
115.872000,0.106326
115.888000,0.099026
115.904000,0.098655
115.916000,0.098655
115.932000,0.117492
115.948000,0.100883
115.964000,0.100883
115.976000,0.100883
115.992000,0.100782
116.008000,0.109748
116.024000,0.109748
116.036000,0.109748
116.052000,0.102489
116.068000,0.102489
116.084000,0.115435
116.096000,0.102809
116.112000,0.102183
116.128000,0.102183
116.144000,0.106365
116.156000,0.109106
116.172000,0.107075
116.188000,0.107075
116.204000,0.103708
116.216000,0.103708
116.232000,0.103708
116.248000,0.105095
116.264000,0.105151
116.276000,0.105151
116.292000,0.105151
116.308000,0.112176
116.324000,0.107877
116.336000,0.107877
116.352000,0.106835
116.368000,0.106687
116.384000,0.106687
116.396000,0.112492
116.412000,0.110277
116.428000,0.110277
116.444000,0.113738
116.456000,0.113738
116.472000,0.113738
116.488000,0.114086
116.504000,0.108405
116.516000,0.108405
116.532000,0.108405
116.548000,0.115483
116.564000,0.112514
116.576000,0.112514
116.592000,0.112514
116.608000,0.109955
116.624000,0.109955
116.636000,0.109955
116.652000,0.110779
116.668000,0.110707
116.684000,0.110707
116.696000,0.110707
116.712000,0.116756
116.728000,0.114377
116.744000,0.114377
116.756000,0.111318
116.772000,0.111318
116.788000,0.111318
116.804000,0.112022
116.816000,0.112310
116.832000,0.112310
116.848000,0.112310
116.864000,0.115795
116.876000,0.115795
116.892000,0.118992
116.908000,0.113766
116.924000,0.113766
116.936000,0.113766
116.952000,0.120055
116.968000,0.118976
116.984000,0.118976
116.996000,0.118976
117.012000,0.118017
117.028000,0.118017
117.044000,0.121812
117.056000,0.116189
117.072000,0.116335
117.088000,0.116335
117.104000,0.117498
117.116000,0.117498
117.132000,0.123507
117.148000,0.116044
117.164000,0.116044
117.176000,0.116044
117.192000,0.116044
117.208000,0.118995
117.224000,0.118995
117.236000,0.118995
117.252000,0.114025
117.268000,0.114025
117.284000,0.116647
117.296000,0.117840
117.312000,0.117840
117.328000,0.117840
117.344000,0.111477
117.356000,0.111477
117.372000,0.126187
117.388000,0.111807
117.404000,0.111807
117.416000,0.111807
117.432000,0.108999
117.448000,0.123542
117.464000,0.123542
117.476000,0.107935
117.492000,0.107306
117.508000,0.107306
117.524000,0.115120
117.536000,0.113821
117.552000,0.113821
117.568000,0.113821
117.584000,0.104976
117.596000,0.104976
117.612000,0.121119
117.628000,0.107936
117.644000,0.105329
117.656000,0.105329
117.672000,0.101089
117.688000,0.108014
117.704000,0.108014
117.716000,0.108014
117.732000,0.098815
117.748000,0.098815
117.764000,0.126772
117.776000,0.103853
117.792000,0.103853
117.808000,0.103853
117.824000,0.094900
117.836000,0.094900
117.852000,0.117345
117.868000,0.108563
117.884000,0.094341
117.896000,0.094341
117.912000,0.094341
117.928000,0.108887
117.944000,0.108887
117.956000,0.108887
117.972000,0.093749
117.988000,0.092828
118.004000,0.117926
118.016000,0.117926
118.032000,0.095966
118.048000,0.091708
118.064000,0.091708
118.076000,0.091708
118.092000,0.096745
118.108000,0.096745
118.124000,0.096745
118.136000,0.088701
118.152000,0.086992
118.168000,0.116253
118.184000,0.089210
118.196000,0.089210
118.212000,0.089210
118.228000,0.089210
118.244000,0.089867
118.256000,0.089867
118.272000,0.089867
118.288000,0.085012
118.304000,0.085012
118.316000,0.085012
118.332000,0.090646
118.348000,0.087074
118.364000,0.087074
118.376000,0.087074
118.392000,0.087487
118.408000,0.101584
118.424000,0.101584
118.436000,0.085079
118.452000,0.085522
118.468000,0.085522
118.484000,0.101856
118.496000,0.089504
118.512000,0.089504
118.528000,0.089504
118.544000,0.089293
118.556000,0.089293
118.572000,0.094047
118.588000,0.086843
118.604000,0.086843
118.616000,0.086843
118.632000,0.086843
118.648000,0.089585
118.664000,0.089585
118.676000,0.089585
118.692000,0.090307
118.708000,0.090307
118.724000,0.123942
118.736000,0.092918
118.752000,0.092918
118.768000,0.092918
118.784000,0.097141
118.796000,0.097141
118.812000,0.102489
118.832000,0.094973
118.844000,0.095324
118.856000,0.095324
118.872000,0.095324
118.888000,0.098834
118.904000,0.098834
118.916000,0.098834
118.932000,0.103629
118.948000,0.103629
118.964000,0.106505
118.976000,0.106505
118.992000,0.105619
119.008000,0.105619
119.024000,0.105619
119.036000,0.115901
119.052000,0.106877
119.068000,0.106877
119.084000,0.109263
119.096000,0.109263
119.112000,0.109263
119.128000,0.111517
119.144000,0.111486
119.156000,0.111486
119.172000,0.111306
119.188000,0.117027
119.204000,0.121965
119.216000,0.121965
119.232000,0.114305
119.248000,0.114305
119.264000,0.114305
119.276000,0.123163
119.292000,0.118087
119.308000,0.118087
119.324000,0.118087
119.336000,0.116597
119.352000,0.116597
119.368000,0.127726
119.384000,0.118034
119.396000,0.118034
119.412000,0.118034
119.428000,0.118034
119.444000,0.120941
119.456000,0.120941
119.472000,0.120941
119.488000,0.120140
119.504000,0.120140
119.516000,0.120140
119.532000,0.123848
119.548000,0.122781
119.564000,0.122781
119.576000,0.122150
119.592000,0.123127
119.608000,0.132698
119.624000,0.132698
119.636000,0.121600
119.652000,0.121443
119.668000,0.121443
119.684000,0.129549
119.696000,0.124813
119.712000,0.124813
119.728000,0.124813
119.744000,0.121027
119.756000,0.121027
119.772000,0.133952
119.788000,0.121934
119.804000,0.121934
119.816000,0.121934
119.832000,0.121934
119.848000,0.122945
119.864000,0.122945
119.876000,0.122945
119.892000,0.120983
119.908000,0.120520
119.924000,0.137201
119.936000,0.137201
119.952000,0.121343
119.968000,0.121343
119.984000,0.121343
119.996000,0.124115
120.012000,0.123933
120.028000,0.123933
120.044000,0.123933
120.056000,0.120092
120.072000,0.120092
120.088000,0.129388
120.104000,0.118079
120.116000,0.118079
120.132000,0.118079
120.148000,0.121582
120.164000,0.123135
120.176000,0.123135
120.192000,0.117641
120.208000,0.117175
120.224000,0.117175
120.236000,0.123962
120.252000,0.118484
120.268000,0.118484
120.284000,0.118484
120.296000,0.116173
120.312000,0.116173
120.328000,0.132694
120.344000,0.116612
120.356000,0.116612
120.372000,0.116612
120.388000,0.116612
120.404000,0.118766
120.416000,0.118766
120.432000,0.118766
120.448000,0.116141
120.464000,0.116141
120.476000,0.116141
120.492000,0.125948
120.508000,0.114571
120.524000,0.114571
120.536000,0.114571
120.552000,0.117276
120.568000,0.120175
120.584000,0.120175
120.596000,0.113503
120.612000,0.113880
120.628000,0.113880
120.644000,0.115823
120.656000,0.115823
120.672000,0.115823
120.688000,0.115823
120.704000,0.113806
120.716000,0.113806
120.732000,0.124282
120.748000,0.113780
120.764000,0.113780
120.776000,0.113780
120.792000,0.113780
120.808000,0.118033
120.824000,0.118033
120.836000,0.118033
120.852000,0.111067
120.868000,0.111067
120.884000,0.125366
120.896000,0.125366
120.912000,0.109714
120.928000,0.109714
120.944000,0.109714
120.956000,0.110593
120.972000,0.117480
120.988000,0.117480
121.004000,0.109032
121.016000,0.109032
121.036000,0.109032
121.048000,0.113464
121.064000,0.113464
121.076000,0.113464
121.092000,0.107576
121.108000,0.107091
121.124000,0.130833
121.136000,0.111813
121.152000,0.109734
121.168000,0.109734
121.184000,0.106737
121.196000,0.106737
121.212000,0.121454
121.228000,0.121454
121.244000,0.105413
121.256000,0.105413
121.272000,0.105413
121.288000,0.112680
121.304000,0.112680
121.316000,0.112680
121.332000,0.101797
121.348000,0.101879
121.364000,0.116720
121.376000,0.112963
121.392000,0.103708
121.408000,0.103708
121.424000,0.103708
121.436000,0.101527
121.452000,0.112267
121.468000,0.112267
121.484000,0.100760
121.496000,0.100760
121.512000,0.100760
121.528000,0.123763
121.544000,0.104375
121.556000,0.104375
121.572000,0.104375
121.588000,0.101980
121.604000,0.114367
121.616000,0.114367
121.632000,0.101407
121.648000,0.099997
121.664000,0.099997
121.676000,0.099997
121.692000,0.116038
121.708000,0.116038
121.724000,0.116038
121.736000,0.098636
121.752000,0.099837
121.768000,0.110300
121.784000,0.110300
121.796000,0.100562
121.812000,0.099336
121.828000,0.099336
121.848000,0.104080
121.856000,0.104080
121.872000,0.104080
121.888000,0.104080
121.904000,0.101200
121.916000,0.101200
121.932000,0.111789
121.948000,0.102549
121.964000,0.102549
121.976000,0.102549
121.992000,0.101924
122.008000,0.111798
122.024000,0.111798
122.036000,0.111798
122.052000,0.101570
122.068000,0.101570
122.084000,0.118535
122.096000,0.106379
122.112000,0.103793
122.128000,0.103793
122.144000,0.102803
122.156000,0.104546
122.172000,0.109417
122.188000,0.109417
122.204000,0.102467
122.216000,0.102467
122.232000,0.102467
122.248000,0.106477
122.264000,0.106477
122.276000,0.106477
122.292000,0.106477
122.308000,0.106098
122.324000,0.113138
122.336000,0.113138
122.352000,0.105529
122.368000,0.105529
122.384000,0.105529
122.396000,0.108334
122.412000,0.115823
122.428000,0.115823
122.444000,0.105502
122.456000,0.105502
122.472000,0.105502
122.488000,0.111320
122.504000,0.107809
122.516000,0.107809
122.532000,0.107809
122.548000,0.105106
122.564000,0.117343
122.576000,0.117343
122.592000,0.115985
122.608000,0.105616
122.624000,0.105616
122.636000,0.105616
122.652000,0.112678
122.668000,0.112678
122.684000,0.105443
122.696000,0.104731
122.712000,0.104731
122.728000,0.122722
122.744000,0.107796
122.756000,0.107796
122.772000,0.107796
122.788000,0.106806
122.804000,0.130455
122.816000,0.130455
122.832000,0.130455
122.848000,0.105436
122.864000,0.105436
122.876000,0.105436
122.892000,0.123360
122.908000,0.109065
122.924000,0.109065
122.936000,0.109065
122.952000,0.106951
122.968000,0.131841
122.984000,0.131841
122.996000,0.131841
123.012000,0.107562
123.028000,0.107562
123.044000,0.113446
123.056000,0.108205
123.072000,0.109022
123.088000,0.109022
123.104000,0.107344
123.116000,0.108986
123.132000,0.114631
123.148000,0.114631
123.164000,0.107807
123.176000,0.107807
123.192000,0.107807
123.208000,0.109798
123.224000,0.109798
123.236000,0.109798
123.252000,0.108139
123.268000,0.107358
123.284000,0.120994
123.296000,0.120994
123.312000,0.107072
123.328000,0.107072
123.344000,0.107072
123.356000,0.111126
123.372000,0.112217
123.388000,0.112217
123.404000,0.108154
123.416000,0.109944
123.432000,0.109944
123.448000,0.117309
123.464000,0.112959
123.476000,0.118340
123.492000,0.118340
123.508000,0.112622
123.524000,0.114408
123.536000,0.114408
123.552000,0.114408
123.568000,0.110351
123.584000,0.110351
123.596000,0.110351
123.612000,0.112859
123.628000,0.112551
123.644000,0.112551
123.656000,0.112551
123.672000,0.114709
123.688000,0.118470
123.704000,0.118470
123.716000,0.112939
123.732000,0.112939
123.748000,0.112939
123.764000,0.118457
123.776000,0.116639
123.792000,0.116639
123.808000,0.115066
123.824000,0.119466
123.836000,0.119466
123.852000,0.121903
123.868000,0.118140
123.884000,0.118140
123.896000,0.118140
123.912000,0.121800
123.928000,0.122063
123.944000,0.122063
123.956000,0.118536
123.972000,0.118371
123.988000,0.118371
124.004000,0.125138
124.016000,0.125138
124.032000,0.125138
124.048000,0.118135
124.064000,0.118135
124.076000,0.118135
124.092000,0.121336
124.108000,0.122492
124.124000,0.122492
124.136000,0.117349
124.152000,0.117703
124.168000,0.132022
124.184000,0.118936
124.196000,0.118936
124.212000,0.118936
124.228000,0.118936
124.244000,0.122905
124.256000,0.122905
124.272000,0.122905
124.292000,0.117972
124.304000,0.117581
124.316000,0.117581
124.332000,0.134963
124.348000,0.118784
124.364000,0.118784
124.376000,0.118784
124.392000,0.120160
124.408000,0.126290
124.424000,0.126290
124.436000,0.126290
124.452000,0.117963
124.468000,0.117963
124.484000,0.118548
124.496000,0.120536
124.512000,0.120536
124.528000,0.120536
124.544000,0.117948
124.556000,0.117948
124.572000,0.127750
124.588000,0.117450
124.604000,0.116847
124.616000,0.116847
124.632000,0.116847
124.648000,0.117910
124.664000,0.117910
124.676000,0.117910
124.692000,0.117910
124.708000,0.117995
124.724000,0.126641
124.736000,0.126641
124.752000,0.117648
124.768000,0.117648
124.784000,0.117648
124.796000,0.120958
124.812000,0.120501
124.828000,0.120501
124.844000,0.117676
124.856000,0.118936
124.872000,0.118936
124.888000,0.124281
124.904000,0.116120
124.916000,0.116120
124.932000,0.116120
124.948000,0.121510
124.964000,0.120188
124.976000,0.120188
124.992000,0.115959
125.008000,0.115662
125.024000,0.115662
125.036000,0.121479
125.052000,0.116992
125.068000,0.116992
125.084000,0.116992
125.096000,0.115550
125.112000,0.116160
125.128000,0.126756
125.144000,0.116402
125.156000,0.116122
125.172000,0.116122
125.188000,0.116122
125.204000,0.117009
125.216000,0.117009
125.232000,0.117009
125.248000,0.114984
125.264000,0.115202
125.276000,0.115202
125.292000,0.116603
125.308000,0.114413
125.324000,0.114413
125.336000,0.114413
125.352000,0.116567
125.368000,0.121793
125.384000,0.121793
125.396000,0.121793
125.412000,0.114637
125.428000,0.114637
125.444000,0.124197
125.456000,0.115525
125.472000,0.115525
125.488000,0.115525
125.504000,0.112885
125.516000,0.113555
125.532000,0.125114
125.548000,0.113767
125.564000,0.113767
125.576000,0.113767
125.592000,0.113767
125.608000,0.118284
125.624000,0.118284
125.636000,0.118284
125.652000,0.111097
125.668000,0.111097
125.684000,0.127497
125.696000,0.125959
125.712000,0.111370
125.728000,0.111370
125.744000,0.111370
125.756000,0.109611
125.772000,0.119796
125.788000,0.119796
125.804000,0.119796
125.816000,0.109626
125.832000,0.109626
125.848000,0.119666
125.864000,0.111936
125.876000,0.110191
125.892000,0.110191
125.908000,0.108815
125.924000,0.117462
125.936000,0.117462
125.952000,0.117462
125.968000,0.108440
125.984000,0.108440
125.996000,0.108440
126.012000,0.139407
126.028000,0.114212
126.044000,0.114212
126.056000,0.105423
126.072000,0.105251
126.088000,0.121313
126.104000,0.121313
126.116000,0.104089
126.132000,0.103598
126.148000,0.103598
126.164000,0.126127
126.176000,0.106706
126.192000,0.106706
126.208000,0.106706
126.224000,0.103995
126.236000,0.102004
126.252000,0.117911
126.268000,0.117911
126.284000,0.101798
126.296000,0.101798
126.312000,0.101798
126.328000,0.109472
126.344000,0.109472
126.356000,0.109472
126.372000,0.109472
126.388000,0.103205
126.404000,0.114757
126.416000,0.114757
126.432000,0.101956
126.448000,0.100509
126.464000,0.100509
126.476000,0.100509
126.492000,0.103733
126.508000,0.103733
126.524000,0.103733
126.536000,0.099345
126.552000,0.099827
126.568000,0.114162
126.584000,0.100321
126.596000,0.100321
126.612000,0.100321
126.628000,0.100321
126.644000,0.103025
126.656000,0.103025
126.672000,0.103025
126.688000,0.101420
126.704000,0.101420
126.716000,0.101420
126.732000,0.104216
126.748000,0.102372
126.764000,0.102372
126.776000,0.102372
126.792000,0.106852
126.808000,0.106874
126.824000,0.106874
126.836000,0.106874
126.852000,0.105197
126.868000,0.105197
126.884000,0.110330
126.896000,0.104031
126.912000,0.102858
126.928000,0.102858
126.944000,0.110340
126.956000,0.110340
126.972000,0.106123
126.988000,0.103382
127.004000,0.104120
127.016000,0.104120
127.032000,0.104120
127.048000,0.106361
127.064000,0.106361
127.076000,0.106361
127.092000,0.106645
127.108000,0.106564
127.124000,0.116733
127.136000,0.107513
127.152000,0.108383
127.168000,0.108383
127.184000,0.108383
127.196000,0.118469
127.212000,0.111712
127.228000,0.111712
127.244000,0.110210
127.256000,0.110210
127.272000,0.110210
127.288000,0.113903
127.304000,0.106818
127.316000,0.106818
127.332000,0.106818
127.348000,0.112696
127.364000,0.109155
127.376000,0.109155
127.392000,0.105811
127.408000,0.106119
127.424000,0.106119
127.436000,0.106119
127.452000,0.106721
127.468000,0.106721
127.484000,0.106721
127.496000,0.106649
127.512000,0.108170
127.528000,0.115592
127.544000,0.107610
127.556000,0.107610
127.572000,0.107610
127.588000,0.107610
127.604000,0.115318
127.616000,0.115318
127.632000,0.115318
127.648000,0.107788
127.664000,0.109613
127.676000,0.109613
127.692000,0.138445
127.708000,0.108145
127.724000,0.108145
127.736000,0.108145
127.752000,0.110563
127.768000,0.112519
127.784000,0.112519
127.796000,0.107810
127.812000,0.107167
127.828000,0.107167
127.844000,0.113613
127.856000,0.111701
127.872000,0.111701
127.888000,0.111701
127.904000,0.111104
127.916000,0.111104
127.932000,0.117924
127.948000,0.111262
127.964000,0.110981
127.976000,0.110981
127.992000,0.110981
128.016000,0.114452
128.024000,0.114452
128.036000,0.114452
128.052000,0.109970
128.068000,0.109902
128.084000,0.126668
128.096000,0.126668
128.112000,0.108525
128.128000,0.108525
128.144000,0.108525
128.156000,0.108458
128.172000,0.113233
128.188000,0.113233
128.204000,0.108729
128.216000,0.108729
128.232000,0.108729
128.248000,0.112421
128.264000,0.111659
128.276000,0.111659
128.292000,0.111659
128.308000,0.115114
128.324000,0.113902
128.336000,0.113902
128.352000,0.110499
128.368000,0.110318
128.384000,0.110318
128.396000,0.110318
128.412000,0.114960
128.428000,0.113822
128.444000,0.113822
128.456000,0.110193
128.472000,0.109654
128.488000,0.119913
128.504000,0.108195
128.516000,0.108239
128.532000,0.108239
128.548000,0.113369
128.564000,0.111297
128.576000,0.111297
128.592000,0.111297
128.608000,0.108992
128.624000,0.108992
128.636000,0.108992
128.652000,0.109636
128.668000,0.110219
128.684000,0.110219
128.696000,0.110219
128.712000,0.117643
128.728000,0.112330
128.744000,0.112330
128.756000,0.112720
128.772000,0.110914
128.788000,0.110914
128.804000,0.116187
128.816000,0.113650
128.832000,0.113650
128.848000,0.110841
128.864000,0.110277
128.876000,0.110277
128.892000,0.119683
128.908000,0.108134
128.924000,0.108134
128.936000,0.108134
128.952000,0.110428
128.968000,0.110716
128.984000,0.110716
128.996000,0.105997
129.012000,0.105340
129.028000,0.105340
129.044000,0.125671
129.056000,0.107916
129.072000,0.107916
129.088000,0.107916
129.104000,0.112087
129.116000,0.112087
129.132000,0.110795
129.148000,0.106561
129.164000,0.106561
129.176000,0.106561
129.192000,0.109080
129.208000,0.119857
129.224000,0.119857
129.236000,0.107801
129.252000,0.105713
129.268000,0.105713
129.284000,0.128148
129.296000,0.110603
129.312000,0.110603
129.328000,0.110603
129.344000,0.105622
129.356000,0.105622
129.372000,0.112191
129.388000,0.112191
129.404000,0.104588
129.416000,0.104588
129.432000,0.104588
129.448000,0.109195
129.464000,0.109195
129.476000,0.109195
129.492000,0.105015
129.512000,0.104973
129.524000,0.120286
129.536000,0.120286
129.552000,0.107123
129.568000,0.107123
129.584000,0.107123
129.596000,0.107199
129.612000,0.114741
129.628000,0.114741
129.644000,0.114741
129.656000,0.107327
129.672000,0.107327
129.688000,0.124073
129.704000,0.108276
129.716000,0.108276
129.732000,0.108276
129.748000,0.110208
129.764000,0.115961
129.776000,0.115961
129.792000,0.115961
129.808000,0.109349
129.824000,0.109349
129.836000,0.109349
129.852000,0.114189
129.868000,0.114189
129.884000,0.114189
129.896000,0.111790
129.912000,0.111790
129.928000,0.125663
129.944000,0.115029
129.956000,0.115029
129.972000,0.115029
129.988000,0.116268
130.004000,0.139585
130.016000,0.139585
130.032000,0.114242
130.048000,0.114242
130.064000,0.114242
130.076000,0.112974
130.092000,0.117885
130.108000,0.117885
130.124000,0.117885
130.136000,0.111353
130.152000,0.112658
130.168000,0.118229
130.184000,0.111313
130.196000,0.111313
130.212000,0.111313
130.228000,0.112023
130.244000,0.120084
130.256000,0.120084
130.272000,0.120084
130.288000,0.111001
130.304000,0.111001
130.316000,0.111001
130.332000,0.116355
130.348000,0.116355
130.364000,0.116355
130.376000,0.112371
130.392000,0.112371
130.408000,0.130284
130.424000,0.116428
130.440000,0.116428
130.452000,0.116428
130.468000,0.109911
130.484000,0.115071
130.496000,0.115071
130.512000,0.115071
130.528000,0.105605
130.544000,0.105605
130.556000,0.105605
130.572000,0.106118
130.588000,0.106118
130.604000,0.106118
130.616000,0.103740
130.632000,0.104448
130.652000,0.115055
130.664000,0.105287
130.676000,0.103991
130.692000,0.103991
130.708000,0.103991
130.724000,0.106412
130.736000,0.106412
130.752000,0.106412
130.768000,0.104262
130.784000,0.104262
130.796000,0.104262
130.812000,0.107378
130.828000,0.107378
130.844000,0.107378
130.856000,0.107378
130.872000,0.103426
130.888000,0.105130
130.904000,0.105130
130.916000,0.098458
130.932000,0.098458
130.948000,0.098458
130.964000,0.100173
130.976000,0.098168
130.992000,0.098168
131.008000,0.096441
131.024000,0.099208
131.036000,0.099208
131.052000,0.097054
131.068000,0.097805
131.084000,0.097805
131.096000,0.097805
131.112000,0.111954
131.128000,0.098516
131.144000,0.098516
131.156000,0.100441
131.172000,0.100441
131.188000,0.100441
131.204000,0.101953
131.216000,0.100820
131.232000,0.100820
131.248000,0.100820
131.264000,0.100397
131.276000,0.100397
131.292000,0.104676
131.308000,0.095702
131.324000,0.095702
131.336000,0.095702
131.352000,0.095702
131.368000,0.097189
131.384000,0.097189
131.396000,0.097189
131.412000,0.099485
131.428000,0.099485
131.444000,0.103376
131.456000,0.096993
131.472000,0.096993
131.488000,0.096993
131.504000,0.107324
131.516000,0.111997
131.532000,0.100054
131.548000,0.099854
131.564000,0.100562
131.576000,0.100562
131.592000,0.100562
131.608000,0.103456
131.624000,0.103456
131.636000,0.103456
131.652000,0.105466
131.668000,0.103585
131.684000,0.111663
131.696000,0.111663
131.712000,0.101587
131.728000,0.104856
131.744000,0.104856
131.756000,0.104856
131.772000,0.104316
131.788000,0.104316
131.804000,0.104316
131.816000,0.107308
131.832000,0.107308
131.848000,0.110751
131.864000,0.106111
131.876000,0.105390
131.892000,0.105390
131.908000,0.105390
131.924000,0.109143
131.936000,0.109143
131.952000,0.109143
131.968000,0.109534
131.984000,0.110956
131.996000,0.110956
132.012000,0.112385
132.028000,0.112385
132.044000,0.112385
132.056000,0.112385
132.072000,0.113983
132.088000,0.114786
132.104000,0.114786
132.116000,0.111153
132.132000,0.111153
132.148000,0.110197
132.164000,0.124018
132.176000,0.112077
132.192000,0.111462
132.208000,0.111462
132.224000,0.111462
132.236000,0.111112
132.252000,0.116474
132.268000,0.116474
132.284000,0.116474
132.296000,0.113079
132.312000,0.113079
132.328000,0.130299
132.344000,0.115661
132.356000,0.115661
132.372000,0.115661
132.388000,0.116600
132.404000,0.126048
132.416000,0.126048
132.432000,0.116161
132.448000,0.114064
132.464000,0.114064
132.476000,0.114064
132.492000,0.118296
132.508000,0.118296
132.524000,0.118296
132.536000,0.111258
132.552000,0.111241
132.568000,0.126426
132.584000,0.112182
132.596000,0.112182
132.612000,0.112182
132.628000,0.111509
132.644000,0.120993
132.656000,0.120993
132.672000,0.120993
132.688000,0.110180
132.704000,0.110180
132.716000,0.110180
132.732000,0.119537
132.748000,0.116686
132.764000,0.116686
132.776000,0.116686
132.792000,0.109806
132.808000,0.124520
132.824000,0.124520
132.836000,0.111817
132.852000,0.111817
132.868000,0.111817
132.884000,0.115335
132.896000,0.115335
132.912000,0.115335
132.928000,0.106586
132.944000,0.106586
132.956000,0.106586
132.972000,0.112240
132.988000,0.107408
133.004000,0.107408
133.016000,0.107408
133.032000,0.108595
133.048000,0.120662
133.064000,0.120662
133.076000,0.105806
133.092000,0.104827
133.108000,0.104827
133.124000,0.128611
133.136000,0.111574
133.152000,0.111574
133.168000,0.111574
133.184000,0.105447
133.196000,0.105447
133.212000,0.118568
133.228000,0.109295
133.244000,0.107050
133.256000,0.107050
133.272000,0.107050
133.288000,0.110139
133.304000,0.110139
133.316000,0.110139
133.332000,0.103588
133.348000,0.103227
133.364000,0.124491
133.376000,0.106838
133.392000,0.105300
133.408000,0.105300
133.424000,0.104282
133.436000,0.104262
133.452000,0.119926
133.468000,0.119926
133.484000,0.105257
133.496000,0.105257
133.512000,0.105257
133.528000,0.127729
133.544000,0.114523
133.556000,0.114523
133.572000,0.114523
133.588000,0.107476
133.604000,0.120771
133.616000,0.120771
133.632000,0.120771
133.648000,0.106765
133.664000,0.106801
133.676000,0.106801
133.692000,0.112058
133.708000,0.108872
133.724000,0.108872
133.736000,0.108872
133.752000,0.108103
133.768000,0.116795
133.784000,0.107989
133.796000,0.108347
133.812000,0.108347
133.828000,0.108347
133.844000,0.112727
133.856000,0.112727
133.872000,0.112727
133.888000,0.108493
133.904000,0.126418
133.916000,0.126418
133.932000,0.115028
133.948000,0.111361
133.964000,0.111361
133.976000,0.111361
133.992000,0.122756
134.008000,0.122756
134.024000,0.122756
134.036000,0.111419
134.052000,0.109817
134.068000,0.128643
134.084000,0.128643
134.096000,0.110963
134.112000,0.109634
134.128000,0.109634
134.144000,0.130777
134.156000,0.114213
134.172000,0.114213
134.188000,0.114213
134.204000,0.109394
134.216000,0.108901
134.232000,0.130516
134.248000,0.130516
134.264000,0.111388
134.276000,0.111388
134.292000,0.108889
134.308000,0.116866
134.324000,0.116866
134.336000,0.116866
134.352000,0.109375
134.368000,0.109375
134.384000,0.129473
134.396000,0.129473
134.412000,0.112133
134.428000,0.112133
134.444000,0.112133
134.456000,0.110411
134.472000,0.122959
134.488000,0.122959
134.504000,0.110336
134.516000,0.110336
134.532000,0.110336
134.548000,0.115442
134.568000,0.123699
134.576000,0.123699
134.592000,0.123699
134.608000,0.115392
134.624000,0.118252
134.636000,0.118252
134.652000,0.113034
134.668000,0.112511
134.684000,0.112511
134.696000,0.112511
134.712000,0.115197
134.728000,0.115197
134.744000,0.115197
134.756000,0.115197
134.772000,0.117361
134.788000,0.120035
134.804000,0.120035
134.816000,0.116315
134.832000,0.116315
134.848000,0.116315
134.864000,0.117488
134.876000,0.116074
134.892000,0.116074
134.908000,0.116074
134.924000,0.118407
134.936000,0.118407
134.952000,0.121558
134.968000,0.115433
134.984000,0.117002
134.996000,0.117002
135.012000,0.117002
135.028000,0.117577
135.044000,0.116548
135.056000,0.116548
135.072000,0.116548
135.088000,0.122637
135.104000,0.119806
135.116000,0.119806
135.132000,0.116467
135.148000,0.117008
135.164000,0.117008
135.176000,0.117008
135.192000,0.119703
135.208000,0.117056
135.224000,0.117056
135.236000,0.117056
135.252000,0.125444
135.268000,0.118061
135.284000,0.118061
135.296000,0.118061
135.312000,0.119660
135.328000,0.119660
135.344000,0.123320
135.356000,0.117183
135.372000,0.117026
135.388000,0.117026
135.404000,0.124889
135.416000,0.128959
135.432000,0.117653
135.448000,0.117653
135.464000,0.118558
135.476000,0.118558
135.492000,0.118558
135.508000,0.117182
135.524000,0.117182
135.536000,0.117182
135.552000,0.121217
135.568000,0.121448
135.584000,0.121267
135.596000,0.121267
135.612000,0.117610
135.628000,0.117610
135.644000,0.117610
135.656000,0.118413
135.672000,0.117991
135.688000,0.117991
135.704000,0.119325
135.716000,0.121051
135.732000,0.121051
135.748000,0.118015
135.764000,0.117558
135.776000,0.117558
135.792000,0.117558
135.808000,0.128790
135.824000,0.118749
135.836000,0.118749
135.852000,0.118676
135.868000,0.117768
135.884000,0.117768
135.896000,0.117768
135.912000,0.117809
135.928000,0.117809
135.944000,0.117809
135.956000,0.119924
135.972000,0.119924
135.988000,0.125499
136.004000,0.118641
136.016000,0.118641
136.032000,0.118641
136.048000,0.121683
136.064000,0.121204
136.076000,0.121204
136.092000,0.121204
136.108000,0.116183
136.124000,0.116845
136.136000,0.116845
136.152000,0.127043
136.168000,0.115630
136.184000,0.115630
136.196000,0.115630
136.212000,0.119869
136.228000,0.116797
136.244000,0.116797
136.256000,0.116797
136.272000,0.113999
136.288000,0.113999
136.304000,0.128292
136.316000,0.115063
136.332000,0.115063
136.348000,0.115063
136.364000,0.112776
136.376000,0.113473
136.392000,0.123259
136.408000,0.123259
136.424000,0.111895
136.436000,0.111895
136.452000,0.111895
136.468000,0.114507
136.484000,0.114507
136.496000,0.114507
136.512000,0.110274
136.528000,0.110200
136.544000,0.126879
136.556000,0.126879
136.572000,0.114818
136.588000,0.114818
136.604000,0.108587
136.616000,0.109093
136.632000,0.121706
136.648000,0.121706
136.664000,0.109145
136.676000,0.109145
136.692000,0.109145
136.708000,0.137276
136.724000,0.113897
136.736000,0.113897
136.752000,0.113897
136.768000,0.106051
136.784000,0.118832
136.796000,0.118832
136.812000,0.118832
136.828000,0.107019
136.844000,0.107019
136.856000,0.107019
136.872000,0.113901
136.888000,0.111516
136.904000,0.111516
136.916000,0.111516
136.932000,0.106723
136.948000,0.126970
136.964000,0.126970
136.976000,0.110588
136.992000,0.109261
137.008000,0.109261
137.024000,0.122088
137.036000,0.118731
137.052000,0.118731
137.068000,0.118731
